Tr-loss,Val-loss,b-mean,b-median,b-tri-mean,b-b25,b-wst25,b-wst,b-bst,mean,median,trimean,bst25,wst25,wst95,bst
63.13966369628906,60.957427978515625,60.957427978515625,60.89878845214844,61.02970504760742,60.882720947265625,61.54278564453125,61.64704895019531,59.92005920410156,60.957427978515625,60.89878845214844,61.02970504760742,60.882720947265625,61.54278564453125,61.64704895019531,59.92005920410156
59.70976130167643,0,60.957427978515625,60.89878845214844,61.02970504760742,60.882720947265625,61.54278564453125,61.64704895019531,59.92005920410156,60.957427978515625,60.89878845214844,61.02970504760742,60.882720947265625,61.54278564453125,61.64704895019531,59.92005920410156
55.23221418592665,51.60583648681641,51.60583648681641,51.54723358154297,51.6813850402832,51.525146484375,52.212135314941406,52.31834411621094,50.53253173828125,51.60583648681641,51.54723358154297,51.6813850402832,51.525146484375,52.212135314941406,52.31834411621094,50.53253173828125
48.81855816311307,0,51.60583648681641,51.54723358154297,51.6813850402832,51.525146484375,52.212135314941406,52.31834411621094,50.53253173828125,51.60583648681641,51.54723358154297,51.6813850402832,51.525146484375,52.212135314941406,52.31834411621094,50.53253173828125
39.4440540737576,32.25581665039063,32.25581665039063,32.21213912963867,32.34107971191406,32.11878204345703,32.91291427612305,33.00457000732422,31.122333526611328,32.25581665039063,32.21213912963867,32.34107971191406,32.11878204345703,32.91291427612305,33.00457000732422,31.122333526611328
26.559552934434677,0,32.25581665039063,32.21213912963867,32.34107971191406,32.11878204345703,32.91291427612305,33.00457000732422,31.122333526611328,32.25581665039063,32.21213912963867,32.34107971191406,32.11878204345703,32.91291427612305,33.00457000732422,31.122333526611328
16.789909468756782,14.996397590637207,14.996397590637207,15.119369506835938,15.040438652038574,14.588735580444336,15.469928741455078,15.60557746887207,14.334025382995605,14.996397590637207,15.119369506835938,15.040438652038574,14.588735580444336,15.469928741455078,15.60557746887207,14.334025382995605
13.464183383517796,0,14.996397590637207,15.119369506835938,15.040438652038574,14.588735580444336,15.469928741455078,15.60557746887207,14.334025382995605,14.996397590637207,15.119369506835938,15.040438652038574,14.588735580444336,15.469928741455078,15.60557746887207,14.334025382995605
8.587101300557455,6.469419956207275,6.469419956207275,6.683421611785889,6.741988897323608,6.438111305236816,7.230758190155029,7.298515319824219,4.764050483703613,6.469419956207275,6.683421611785889,6.741988897323608,6.438111305236816,7.230758190155029,7.298515319824219,4.764050483703613
6.12478764851888,0,6.469419956207275,6.683421611785889,6.741988897323608,6.438111305236816,7.230758190155029,7.298515319824219,4.764050483703613,6.469419956207275,6.683421611785889,6.741988897323608,6.438111305236816,7.230758190155029,7.298515319824219,4.764050483703613
5.131494628058539,5.4172100067138675,5.4172100067138675,4.837350845336914,5.002472639083862,4.5874152183532715,6.595990419387817,7.444207191467285,4.469303131103516,5.4172100067138675,4.837350845336914,5.002472639083862,4.5874152183532715,6.595990419387817,7.444207191467285,4.469303131103516
5.128311581081814,0,5.4172100067138675,4.837350845336914,5.002472639083862,4.5874152183532715,6.595990419387817,7.444207191467285,4.469303131103516,5.4172100067138675,4.837350845336914,5.002472639083862,4.5874152183532715,6.595990419387817,7.444207191467285,4.469303131103516
4.964910136328803,5.25556058883667,5.25556058883667,4.686314582824707,4.885585904121399,4.452224254608154,6.517811298370361,7.318132400512695,4.103641510009766,5.25556058883667,4.686314582824707,4.885585904121399,4.452224254608154,6.517811298370361,7.318132400512695,4.103641510009766
4.967532608244154,0,5.25556058883667,4.686314582824707,4.885585904121399,4.452224254608154,6.517811298370361,7.318132400512695,4.103641510009766,5.25556058883667,4.686314582824707,4.885585904121399,4.452224254608154,6.517811298370361,7.318132400512695,4.103641510009766
4.947425524393718,5.224381065368652,5.224381065368652,4.666832447052002,4.865769624710083,4.432134628295898,6.497453451156616,7.297627925872803,4.028031349182129,5.224381065368652,4.666832447052002,4.865769624710083,4.432134628295898,6.497453451156616,7.297627925872803,4.028031349182129
4.875742435455322,0,5.224381065368652,4.666832447052002,4.865769624710083,4.432134628295898,6.497453451156616,7.297627925872803,4.028031349182129,5.224381065368652,4.666832447052002,4.865769624710083,4.432134628295898,6.497453451156616,7.297627925872803,4.028031349182129
4.8810661103990345,5.19415693283081,5.19415693283081,4.626459121704102,4.83932089805603,4.419508934020996,6.4825615882873535,7.280266761779785,3.959693431854248,5.19415693283081,4.626459121704102,4.83932089805603,4.419508934020996,6.4825615882873535,7.280266761779785,3.959693431854248
4.839046902126736,0,5.19415693283081,4.626459121704102,4.83932089805603,4.419508934020996,6.4825615882873535,7.280266761779785,3.959693431854248,5.19415693283081,4.626459121704102,4.83932089805603,4.419508934020996,6.4825615882873535,7.280266761779785,3.959693431854248
4.896682580312093,5.179330539703369,5.179330539703369,4.639959812164307,4.809809565544128,4.327707290649414,6.454594612121582,7.277577877044678,4.019796371459961,5.179330539703369,4.639959812164307,4.809809565544128,4.327707290649414,6.454594612121582,7.277577877044678,4.019796371459961
4.841690169440375,0,5.179330539703369,4.639959812164307,4.809809565544128,4.327707290649414,6.454594612121582,7.277577877044678,4.019796371459961,5.179330539703369,4.639959812164307,4.809809565544128,4.327707290649414,6.454594612121582,7.277577877044678,4.019796371459961
4.852036158243815,5.174553871154785,5.174553871154785,4.66229248046875,4.854642987251282,4.419588088989258,6.463439702987671,7.252480506896973,3.864009380340576,5.174553871154785,4.66229248046875,4.854642987251282,4.419588088989258,6.463439702987671,7.252480506896973,3.864009380340576
4.8618053860134545,0,5.174553871154785,4.66229248046875,4.854642987251282,4.419588088989258,6.463439702987671,7.252480506896973,3.864009380340576,5.174553871154785,4.66229248046875,4.854642987251282,4.419588088989258,6.463439702987671,7.252480506896973,3.864009380340576
4.82762426800198,5.098801374435425,5.098801374435425,4.559248447418213,4.733776330947876,4.245766639709473,6.400203227996826,7.229564666748047,3.888585329055786,5.098801374435425,4.559248447418213,4.733776330947876,4.245766639709473,6.400203227996826,7.229564666748047,3.888585329055786
4.792221705118815,0,5.098801374435425,4.559248447418213,4.733776330947876,4.245766639709473,6.400203227996826,7.229564666748047,3.888585329055786,5.098801374435425,4.559248447418213,4.733776330947876,4.245766639709473,6.400203227996826,7.229564666748047,3.888585329055786
4.8756186962127686,5.085443544387817,5.085443544387817,4.504085540771484,4.725486159324646,4.294193744659424,6.416247606277466,7.23291540145874,3.796443223953247,5.085443544387817,4.504085540771484,4.725486159324646,4.294193744659424,6.416247606277466,7.23291540145874,3.796443223953247
4.781480603747898,0,5.085443544387817,4.504085540771484,4.725486159324646,4.294193744659424,6.416247606277466,7.23291540145874,3.796443223953247,5.085443544387817,4.504085540771484,4.725486159324646,4.294193744659424,6.416247606277466,7.23291540145874,3.796443223953247
4.71868912378947,5.0194165229797365,5.0194165229797365,4.4678874015808105,4.608900308609009,4.04497766494751,6.326673984527588,7.1984992027282715,3.9308695793151855,5.0194165229797365,4.4678874015808105,4.608900308609009,4.04497766494751,6.326673984527588,7.1984992027282715,3.9308695793151855
4.769381523132324,0,5.0194165229797365,4.4678874015808105,4.608900308609009,4.04497766494751,6.326673984527588,7.1984992027282715,3.9308695793151855,5.0194165229797365,4.4678874015808105,4.608900308609009,4.04497766494751,6.326673984527588,7.1984992027282715,3.9308695793151855
4.703424533208211,4.976290512084961,4.976290512084961,4.438453197479248,4.598657846450806,4.06545877456665,6.308696269989014,7.165126323699951,3.760148048400879,4.976290512084961,4.438453197479248,4.598657846450806,4.06545877456665,6.308696269989014,7.165126323699951,3.760148048400879
4.761319186952379,0,4.976290512084961,4.438453197479248,4.598657846450806,4.06545877456665,6.308696269989014,7.165126323699951,3.760148048400879,4.976290512084961,4.438453197479248,4.598657846450806,4.06545877456665,6.308696269989014,7.165126323699951,3.760148048400879
4.840391132566664,5.007929468154908,4.976290512084961,4.438453197479248,4.598657846450806,4.06545877456665,6.308696269989014,7.165126323699951,3.760148048400879,5.007929468154908,4.413824558258057,4.574406385421753,4.016800880432129,6.337260723114014,7.221345901489258,3.9345004558563232
4.5707688331604,0,4.976290512084961,4.438453197479248,4.598657846450806,4.06545877456665,6.308696269989014,7.165126323699951,3.760148048400879,5.007929468154908,4.413824558258057,4.574406385421753,4.016800880432129,6.337260723114014,7.221345901489258,3.9345004558563232
4.555165847142537,4.895222425460815,4.895222425460815,4.331486225128174,4.504179120063782,3.9655585289001465,6.264350652694702,7.1405158042907715,3.6503660678863525,4.895222425460815,4.331486225128174,4.504179120063782,3.9655585289001465,6.264350652694702,7.1405158042907715,3.6503660678863525
4.550875769721137,0,4.895222425460815,4.331486225128174,4.504179120063782,3.9655585289001465,6.264350652694702,7.1405158042907715,3.6503660678863525,4.895222425460815,4.331486225128174,4.504179120063782,3.9655585289001465,6.264350652694702,7.1405158042907715,3.6503660678863525
4.551069815953572,4.85566987991333,4.85566987991333,4.379547119140625,4.5046303272247314,3.9287219047546387,6.1973700523376465,7.064034938812256,3.5753402709960938,4.85566987991333,4.379547119140625,4.5046303272247314,3.9287219047546387,6.1973700523376465,7.064034938812256,3.5753402709960938
4.488370577494304,0,4.85566987991333,4.379547119140625,4.5046303272247314,3.9287219047546387,6.1973700523376465,7.064034938812256,3.5753402709960938,4.85566987991333,4.379547119140625,4.5046303272247314,3.9287219047546387,6.1973700523376465,7.064034938812256,3.5753402709960938
4.528680430518256,4.7488339900970455,4.7488339900970455,4.263371467590332,4.394021511077881,3.8090505599975586,6.12307071685791,7.0058488845825195,3.4256064891815186,4.7488339900970455,4.263371467590332,4.394021511077881,3.8090505599975586,6.12307071685791,7.0058488845825195,3.4256064891815186
4.442332082324558,0,4.7488339900970455,4.263371467590332,4.394021511077881,3.8090505599975586,6.12307071685791,7.0058488845825195,3.4256064891815186,4.7488339900970455,4.263371467590332,4.394021511077881,3.8090505599975586,6.12307071685791,7.0058488845825195,3.4256064891815186
4.471604956520928,4.8858260154724125,4.7488339900970455,4.263371467590332,4.394021511077881,3.8090505599975586,6.12307071685791,7.0058488845825195,3.4256064891815186,4.8858260154724125,4.2959980964660645,4.434275805950165,3.8164737224578857,6.272838592529297,7.217043876647949,3.7709810733795166
4.463362058003743,0,4.7488339900970455,4.263371467590332,4.394021511077881,3.8090505599975586,6.12307071685791,7.0058488845825195,3.4256064891815186,4.8858260154724125,4.2959980964660645,4.434275805950165,3.8164737224578857,6.272838592529297,7.217043876647949,3.7709810733795166
4.347011698616876,4.635889148712158,4.635889148712158,4.166031360626221,4.283506155014038,3.6791086196899414,6.0181334018707275,6.9134135246276855,3.298038959503174,4.635889148712158,4.166031360626221,4.283506155014038,3.6791086196899414,6.0181334018707275,6.9134135246276855,3.298038959503174
4.347119967142741,0,4.635889148712158,4.166031360626221,4.283506155014038,3.6791086196899414,6.0181334018707275,6.9134135246276855,3.298038959503174,4.635889148712158,4.166031360626221,4.283506155014038,3.6791086196899414,6.0181334018707275,6.9134135246276855,3.298038959503174
4.298857953813341,4.648657608032226,4.635889148712158,4.166031360626221,4.283506155014038,3.6791086196899414,6.0181334018707275,6.9134135246276855,3.298038959503174,4.648657608032226,4.097579002380371,4.209799230098724,3.5481464862823486,6.053280830383301,7.010669231414795,3.4910008907318115
4.309182617399427,0,4.635889148712158,4.166031360626221,4.283506155014038,3.6791086196899414,6.0181334018707275,6.9134135246276855,3.298038959503174,4.648657608032226,4.097579002380371,4.209799230098724,3.5481464862823486,6.053280830383301,7.010669231414795,3.4910008907318115
4.206928173700969,4.568471097946167,4.568471097946167,4.037295818328857,4.1465572118759155,3.488110065460205,5.978720664978027,6.9339141845703125,3.3595082759857178,4.568471097946167,4.037295818328857,4.1465572118759155,3.488110065460205,5.978720664978027,6.9339141845703125,3.3595082759857178
4.187718682818943,0,4.568471097946167,4.037295818328857,4.1465572118759155,3.488110065460205,5.978720664978027,6.9339141845703125,3.3595082759857178,4.568471097946167,4.037295818328857,4.1465572118759155,3.488110065460205,5.978720664978027,6.9339141845703125,3.3595082759857178
4.152543703715007,4.553584003448487,4.553584003448487,4.013518333435059,4.119327783584595,3.454133987426758,5.963699579238892,6.931258678436279,3.372868537902832,4.553584003448487,4.013518333435059,4.119327783584595,3.454133987426758,5.963699579238892,6.931258678436279,3.372868537902832
4.203648646672566,0,4.553584003448487,4.013518333435059,4.119327783584595,3.454133987426758,5.963699579238892,6.931258678436279,3.372868537902832,4.553584003448487,4.013518333435059,4.119327783584595,3.454133987426758,5.963699579238892,6.931258678436279,3.372868537902832
4.170252296659681,4.455457782745361,4.455457782745361,3.9944581985473633,4.098336935043335,3.4879846572875977,5.814586162567139,6.712725639343262,3.1656737327575684,4.455457782745361,3.9944581985473633,4.098336935043335,3.4879846572875977,5.814586162567139,6.712725639343262,3.1656737327575684
4.160930474599202,0,4.455457782745361,3.9944581985473633,4.098336935043335,3.4879846572875977,5.814586162567139,6.712725639343262,3.1656737327575684,4.455457782745361,3.9944581985473633,4.098336935043335,3.4879846572875977,5.814586162567139,6.712725639343262,3.1656737327575684
4.14384584956699,4.401011562347412,4.401011562347412,3.910658836364746,4.006251096725464,3.3571858406066895,5.775630950927734,6.704761028289795,3.1859512329101562,4.401011562347412,3.910658836364746,4.006251096725464,3.3571858406066895,5.775630950927734,6.704761028289795,3.1859512329101562
4.102903127670288,0,4.401011562347412,3.910658836364746,4.006251096725464,3.3571858406066895,5.775630950927734,6.704761028289795,3.1859512329101562,4.401011562347412,3.910658836364746,4.006251096725464,3.3571858406066895,5.775630950927734,6.704761028289795,3.1859512329101562
4.095832559797499,4.374356842041015,4.374356842041015,3.8861305713653564,3.9888818860054016,3.3595073223114014,5.743319511413574,6.662879943847656,3.139507293701172,4.374356842041015,3.8861305713653564,3.9888818860054016,3.3595073223114014,5.743319511413574,6.662879943847656,3.139507293701172
4.116759512159559,0,4.374356842041015,3.8861305713653564,3.9888818860054016,3.3595073223114014,5.743319511413574,6.662879943847656,3.139507293701172,4.374356842041015,3.8861305713653564,3.9888818860054016,3.3595073223114014,5.743319511413574,6.662879943847656,3.139507293701172
4.078361696667141,4.3528985500335695,4.3528985500335695,3.8634397983551025,3.9731122255325317,3.3603925704956055,5.71863865852356,6.632100582122803,3.1033830642700195,4.3528985500335695,3.8634397983551025,3.9731122255325317,3.3603925704956055,5.71863865852356,6.632100582122803,3.1033830642700195
4.132109668519762,0,4.3528985500335695,3.8634397983551025,3.9731122255325317,3.3603925704956055,5.71863865852356,6.632100582122803,3.1033830642700195,4.3528985500335695,3.8634397983551025,3.9731122255325317,3.3603925704956055,5.71863865852356,6.632100582122803,3.1033830642700195
4.0696635246276855,4.4237480640411375,4.3528985500335695,3.8634397983551025,3.9731122255325317,3.3603925704956055,5.71863865852356,6.632100582122803,3.1033830642700195,4.4237480640411375,3.878218650817871,3.9898390769958496,3.3484058380126953,5.817160129547119,6.779807090759277,3.257795572280884
4.077586121029324,0,4.3528985500335695,3.8634397983551025,3.9731122255325317,3.3603925704956055,5.71863865852356,6.632100582122803,3.1033830642700195,4.4237480640411375,3.878218650817871,3.9898390769958496,3.3484058380126953,5.817160129547119,6.779807090759277,3.257795572280884
4.107145203484429,4.527080106735229,4.3528985500335695,3.8634397983551025,3.9731122255325317,3.3603925704956055,5.71863865852356,6.632100582122803,3.1033830642700195,4.527080106735229,3.9905641078948975,4.1055803298950195,3.476372241973877,5.942506313323975,6.920191764831543,3.283451557159424
4.054254743787977,0,4.3528985500335695,3.8634397983551025,3.9731122255325317,3.3603925704956055,5.71863865852356,6.632100582122803,3.1033830642700195,4.527080106735229,3.9905641078948975,4.1055803298950195,3.476372241973877,5.942506313323975,6.920191764831543,3.283451557159424
3.9187431600358753,4.106863784790039,4.106863784790039,3.6282801628112793,3.717533230781555,3.109178066253662,5.432189464569092,6.359984397888184,2.9324817657470703,4.106863784790039,3.6282801628112793,3.717533230781555,3.109178066253662,5.432189464569092,6.359984397888184,2.9324817657470703
3.862523900138007,0,4.106863784790039,3.6282801628112793,3.717533230781555,3.109178066253662,5.432189464569092,6.359984397888184,2.9324817657470703,4.106863784790039,3.6282801628112793,3.717533230781555,3.109178066253662,5.432189464569092,6.359984397888184,2.9324817657470703
3.8324813842773438,4.123500394821167,4.106863784790039,3.6282801628112793,3.717533230781555,3.109178066253662,5.432189464569092,6.359984397888184,2.9324817657470703,4.123500394821167,3.598097085952759,3.7005677819252014,3.07251238822937,5.50715970993042,6.480754852294922,2.932573080062866
3.780918916066488,0,4.106863784790039,3.6282801628112793,3.717533230781555,3.109178066253662,5.432189464569092,6.359984397888184,2.9324817657470703,4.123500394821167,3.598097085952759,3.7005677819252014,3.07251238822937,5.50715970993042,6.480754852294922,2.932573080062866
3.8622838921017117,4.029764986038208,4.029764986038208,3.5293004512786865,3.6411226987838745,3.0548553466796875,5.399958610534668,6.348882675170898,2.76475191116333,4.029764986038208,3.5293004512786865,3.6411226987838745,3.0548553466796875,5.399958610534668,6.348882675170898,2.76475191116333
3.780998362435235,0,4.029764986038208,3.5293004512786865,3.6411226987838745,3.0548553466796875,5.399958610534668,6.348882675170898,2.76475191116333,4.029764986038208,3.5293004512786865,3.6411226987838745,3.0548553466796875,5.399958610534668,6.348882675170898,2.76475191116333
3.8587499724494085,4.118094635009766,4.029764986038208,3.5293004512786865,3.6411226987838745,3.0548553466796875,5.399958610534668,6.348882675170898,2.76475191116333,4.118094635009766,3.601501941680908,3.69685697555542,3.05837345123291,5.522864103317261,6.519677639007568,2.8848695755004883
3.7451316250695124,0,4.029764986038208,3.5293004512786865,3.6411226987838745,3.0548553466796875,5.399958610534668,6.348882675170898,2.76475191116333,4.118094635009766,3.601501941680908,3.69685697555542,3.05837345123291,5.522864103317261,6.519677639007568,2.8848695755004883
3.6830870575375028,3.90260910987854,3.90260910987854,3.477977752685547,3.5892485976219177,3.0822579860687256,5.179790258407593,6.040799617767334,2.593229293823242,3.90260910987854,3.477977752685547,3.5892485976219177,3.0822579860687256,5.179790258407593,6.040799617767334,2.593229293823242
3.6541443136003284,0,3.90260910987854,3.477977752685547,3.5892485976219177,3.0822579860687256,5.179790258407593,6.040799617767334,2.593229293823242,3.90260910987854,3.477977752685547,3.5892485976219177,3.0822579860687256,5.179790258407593,6.040799617767334,2.593229293823242
3.6796593930986194,3.921037721633911,3.90260910987854,3.477977752685547,3.5892485976219177,3.0822579860687256,5.179790258407593,6.040799617767334,2.593229293823242,3.921037721633911,3.4093785285949707,3.5181158781051636,2.9263010025024414,5.2994465827941895,6.271487712860107,2.6706159114837646
3.6363823413848877,0,3.90260910987854,3.477977752685547,3.5892485976219177,3.0822579860687256,5.179790258407593,6.040799617767334,2.593229293823242,3.921037721633911,3.4093785285949707,3.5181158781051636,2.9263010025024414,5.2994465827941895,6.271487712860107,2.6706159114837646
3.5645186371273465,3.7710330963134764,3.7710330963134764,3.3488593101501465,3.4573311805725098,2.960704803466797,5.027417421340942,5.8839335441589355,2.4907665252685547,3.7710330963134764,3.3488593101501465,3.4573311805725098,2.960704803466797,5.027417421340942,5.8839335441589355,2.4907665252685547
3.6609677738613553,0,3.7710330963134764,3.3488593101501465,3.4573311805725098,2.960704803466797,5.027417421340942,5.8839335441589355,2.4907665252685547,3.7710330963134764,3.3488593101501465,3.4573311805725098,2.960704803466797,5.027417421340942,5.8839335441589355,2.4907665252685547
3.617299026913113,3.979819488525391,3.7710330963134764,3.3488593101501465,3.4573311805725098,2.960704803466797,5.027417421340942,5.8839335441589355,2.4907665252685547,3.979819488525391,3.451380968093872,3.536560535430908,2.88161563873291,5.369113922119141,6.376363277435303,2.8278729915618896
3.473198996649848,0,3.7710330963134764,3.3488593101501465,3.4573311805725098,2.960704803466797,5.027417421340942,5.8839335441589355,2.4907665252685547,3.979819488525391,3.451380968093872,3.536560535430908,2.88161563873291,5.369113922119141,6.376363277435303,2.8278729915618896
3.524755080540975,3.87920880317688,3.7710330963134764,3.3488593101501465,3.4573311805725098,2.960704803466797,5.027417421340942,5.8839335441589355,2.4907665252685547,3.87920880317688,3.3376717567443848,3.43121337890625,2.7925682067871094,5.253133296966553,6.249324798583984,2.7595374584198
3.496101564831204,0,3.7710330963134764,3.3488593101501465,3.4573311805725098,2.960704803466797,5.027417421340942,5.8839335441589355,2.4907665252685547,3.87920880317688,3.3376717567443848,3.43121337890625,2.7925682067871094,5.253133296966553,6.249324798583984,2.7595374584198
3.42565910021464,3.5678458213806152,3.5678458213806152,3.1491594314575195,3.263376832008362,2.8055124282836914,4.7975099086761475,5.645343780517578,2.2895374298095703,3.5678458213806152,3.1491594314575195,3.263376832008362,2.8055124282836914,4.7975099086761475,5.645343780517578,2.2895374298095703
3.3287520673539905,0,3.5678458213806152,3.1491594314575195,3.263376832008362,2.8055124282836914,4.7975099086761475,5.645343780517578,2.2895374298095703,3.5678458213806152,3.1491594314575195,3.263376832008362,2.8055124282836914,4.7975099086761475,5.645343780517578,2.2895374298095703
3.3055530389149985,3.521409273147583,3.521409273147583,3.0511553287506104,3.1687493324279785,2.686275005340576,4.809767246246338,5.733122825622559,2.2500815391540527,3.521409273147583,3.0511553287506104,3.1687493324279785,2.686275005340576,4.809767246246338,5.733122825622559,2.2500815391540527
3.3331347836388483,0,3.521409273147583,3.0511553287506104,3.1687493324279785,2.686275005340576,4.809767246246338,5.733122825622559,2.2500815391540527,3.521409273147583,3.0511553287506104,3.1687493324279785,2.686275005340576,4.809767246246338,5.733122825622559,2.2500815391540527
3.279834959242079,3.4385608196258546,3.4385608196258546,3.013204336166382,3.127731442451477,2.697718620300293,4.640751600265503,5.494704723358154,2.200377941131592,3.4385608196258546,3.013204336166382,3.127731442451477,2.697718620300293,4.640751600265503,5.494704723358154,2.200377941131592
3.2176268895467124,0,3.4385608196258546,3.013204336166382,3.127731442451477,2.697718620300293,4.640751600265503,5.494704723358154,2.200377941131592,3.4385608196258546,3.013204336166382,3.127731442451477,2.697718620300293,4.640751600265503,5.494704723358154,2.200377941131592
3.1439876556396484,3.376911687850952,3.376911687850952,2.8836755752563477,3.007526159286499,2.565417528152466,4.6232670545578,5.549198150634766,2.1889312267303467,3.376911687850952,2.8836755752563477,3.007526159286499,2.565417528152466,4.6232670545578,5.549198150634766,2.1889312267303467
3.1975343227386475,0,3.376911687850952,2.8836755752563477,3.007526159286499,2.565417528152466,4.6232670545578,5.549198150634766,2.1889312267303467,3.376911687850952,2.8836755752563477,3.007526159286499,2.565417528152466,4.6232670545578,5.549198150634766,2.1889312267303467
3.123228285047743,3.555622911453247,3.376911687850952,2.8836755752563477,3.007526159286499,2.565417528152466,4.6232670545578,5.549198150634766,2.1889312267303467,3.555622911453247,3.087254524230957,3.1757763028144836,2.646279811859131,4.871200442314148,5.860084533691406,2.3021793365478516
3.0694028006659613,0,3.376911687850952,2.8836755752563477,3.007526159286499,2.565417528152466,4.6232670545578,5.549198150634766,2.1889312267303467,3.555622911453247,3.087254524230957,3.1757763028144836,2.646279811859131,4.871200442314148,5.860084533691406,2.3021793365478516
2.998987171385023,3.1901156663894654,3.1901156663894654,2.7287206649780273,2.8604313731193542,2.4857676029205322,4.403721570968628,5.308926582336426,1.9286469221115112,3.1901156663894654,2.7287206649780273,2.8604313731193542,2.4857676029205322,4.403721570968628,5.308926582336426,1.9286469221115112
2.9423538313971624,0,3.1901156663894654,2.7287206649780273,2.8604313731193542,2.4857676029205322,4.403721570968628,5.308926582336426,1.9286469221115112,3.1901156663894654,2.7287206649780273,2.8604313731193542,2.4857676029205322,4.403721570968628,5.308926582336426,1.9286469221115112
2.9461535612742105,3.086099314689636,3.086099314689636,2.6562716960906982,2.8048295974731445,2.507425308227539,4.230719089508057,5.062088489532471,1.8053613901138306,3.086099314689636,2.6562716960906982,2.8048295974731445,2.507425308227539,4.230719089508057,5.062088489532471,1.8053613901138306
2.910692824257745,0,3.086099314689636,2.6562716960906982,2.8048295974731445,2.507425308227539,4.230719089508057,5.062088489532471,1.8053613901138306,3.086099314689636,2.6562716960906982,2.8048295974731445,2.507425308227539,4.230719089508057,5.062088489532471,1.8053613901138306
2.8676999939812555,3.1462105751037597,3.086099314689636,2.6562716960906982,2.8048295974731445,2.507425308227539,4.230719089508057,5.062088489532471,1.8053613901138306,3.1462105751037597,2.6102352142333984,2.747896194458008,2.3245835304260254,4.396479368209839,5.346427917480469,2.0032753944396973
2.8145764933692083,0,3.086099314689636,2.6562716960906982,2.8048295974731445,2.507425308227539,4.230719089508057,5.062088489532471,1.8053613901138306,3.1462105751037597,2.6102352142333984,2.747896194458008,2.3245835304260254,4.396479368209839,5.346427917480469,2.0032753944396973
2.7409349415037365,3.2494866371154787,3.086099314689636,2.6562716960906982,2.8048295974731445,2.507425308227539,4.230719089508057,5.062088489532471,1.8053613901138306,3.2494866371154787,2.7618587017059326,2.8413445353507996,2.3281171321868896,4.485995531082153,5.458447456359863,2.1854662895202637
2.9042903582255044,0,3.086099314689636,2.6562716960906982,2.8048295974731445,2.507425308227539,4.230719089508057,5.062088489532471,1.8053613901138306,3.2494866371154787,2.7618587017059326,2.8413445353507996,2.3281171321868896,4.485995531082153,5.458447456359863,2.1854662895202637
2.7136863337622747,2.822291707992554,2.822291707992554,2.3615365028381348,2.522059679031372,2.293722152709961,3.9499709606170654,4.828498363494873,1.556257963180542,2.822291707992554,2.3615365028381348,2.522059679031372,2.293722152709961,3.9499709606170654,4.828498363494873,1.556257963180542
2.593220207426283,0,2.822291707992554,2.3615365028381348,2.522059679031372,2.293722152709961,3.9499709606170654,4.828498363494873,1.556257963180542,2.822291707992554,2.3615365028381348,2.522059679031372,2.293722152709961,3.9499709606170654,4.828498363494873,1.556257963180542
2.5779254966311984,2.8739985466003417,2.822291707992554,2.3615365028381348,2.522059679031372,2.293722152709961,3.9499709606170654,4.828498363494873,1.556257963180542,2.8739985466003417,2.334218978881836,2.4922090768814087,2.1787712574005127,4.042225480079651,4.962823867797852,1.7725515365600586
2.4678141276041665,0,2.822291707992554,2.3615365028381348,2.522059679031372,2.293722152709961,3.9499709606170654,4.828498363494873,1.556257963180542,2.8739985466003417,2.334218978881836,2.4922090768814087,2.1787712574005127,4.042225480079651,4.962823867797852,1.7725515365600586
2.523114138179355,2.8295618534088134,2.822291707992554,2.3615365028381348,2.522059679031372,2.293722152709961,3.9499709606170654,4.828498363494873,1.556257963180542,2.8295618534088134,2.3008387088775635,2.4507294297218323,2.144681930541992,3.959689497947693,4.862820625305176,1.782909631729126
2.4739922947353787,0,2.822291707992554,2.3615365028381348,2.522059679031372,2.293722152709961,3.9499709606170654,4.828498363494873,1.556257963180542,2.8295618534088134,2.3008387088775635,2.4507294297218323,2.144681930541992,3.959689497947693,4.862820625305176,1.782909631729126
2.4647543960147433,2.836653137207031,2.822291707992554,2.3615365028381348,2.522059679031372,2.293722152709961,3.9499709606170654,4.828498363494873,1.556257963180542,2.836653137207031,2.3350939750671387,2.4609330892562866,2.153057336807251,3.917916417121887,4.815345764160156,1.8592815399169922
2.442163586616516,0,2.822291707992554,2.3615365028381348,2.522059679031372,2.293722152709961,3.9499709606170654,4.828498363494873,1.556257963180542,2.836653137207031,2.3350939750671387,2.4609330892562866,2.153057336807251,3.917916417121887,4.815345764160156,1.8592815399169922
2.4764927758110895,2.6448116302490234,2.6448116302490234,2.1694631576538086,2.327494442462921,2.1546883583068848,3.6550875902175903,4.493812084197998,1.5897314548492432,2.6448116302490234,2.1694631576538086,2.327494442462921,2.1546883583068848,3.6550875902175903,4.493812084197998,1.5897314548492432
2.3697530693478055,0,2.6448116302490234,2.1694631576538086,2.327494442462921,2.1546883583068848,3.6550875902175903,4.493812084197998,1.5897314548492432,2.6448116302490234,2.1694631576538086,2.327494442462921,2.1546883583068848,3.6550875902175903,4.493812084197998,1.5897314548492432
2.4449048969480724,2.542901945114136,2.542901945114136,2.2080211639404297,2.300941228866577,2.099269390106201,3.4692142009735107,4.249975204467773,1.4687907695770264,2.542901945114136,2.2080211639404297,2.300941228866577,2.099269390106201,3.4692142009735107,4.249975204467773,1.4687907695770264
2.356625623173184,0,2.542901945114136,2.2080211639404297,2.300941228866577,2.099269390106201,3.4692142009735107,4.249975204467773,1.4687907695770264,2.542901945114136,2.2080211639404297,2.300941228866577,2.099269390106201,3.4692142009735107,4.249975204467773,1.4687907695770264
2.3481515645980835,2.5276732444763184,2.5276732444763184,2.2821707725524902,2.3454542756080627,2.136871576309204,3.374246120452881,4.067888259887695,1.4708316326141357,2.5276732444763184,2.2821707725524902,2.3454542756080627,2.136871576309204,3.374246120452881,4.067888259887695,1.4708316326141357
2.419605851173401,0,2.5276732444763184,2.2821707725524902,2.3454542756080627,2.136871576309204,3.374246120452881,4.067888259887695,1.4708316326141357,2.5276732444763184,2.2821707725524902,2.3454542756080627,2.136871576309204,3.374246120452881,4.067888259887695,1.4708316326141357
2.411135951677958,2.5301288604736327,2.5276732444763184,2.2821707725524902,2.3454542756080627,2.136871576309204,3.374246120452881,4.067888259887695,1.4708316326141357,2.5301288604736327,2.196126699447632,2.275642693042755,2.091639518737793,3.3821433782577515,4.145608901977539,1.5985913276672363
2.2783812946743436,0,2.5276732444763184,2.2821707725524902,2.3454542756080627,2.136871576309204,3.374246120452881,4.067888259887695,1.4708316326141357,2.5301288604736327,2.196126699447632,2.275642693042755,2.091639518737793,3.3821433782577515,4.145608901977539,1.5985913276672363
2.2597813341352673,2.4731865882873536,2.4731865882873536,2.1832618713378906,2.249424993991852,2.054143190383911,3.2837464809417725,3.99045991897583,1.561034917831421,2.4731865882873536,2.1832618713378906,2.249424993991852,2.054143190383911,3.2837464809417725,3.99045991897583,1.561034917831421
2.250885115729438,0,2.4731865882873536,2.1832618713378906,2.249424993991852,2.054143190383911,3.2837464809417725,3.99045991897583,1.561034917831421,2.4731865882873536,2.1832618713378906,2.249424993991852,2.054143190383911,3.2837464809417725,3.99045991897583,1.561034917831421
2.252185265223185,2.4500569820404055,2.4500569820404055,2.1901979446411133,2.252208888530731,2.066322088241577,3.223941206932068,3.8857648372650146,1.5458824634552002,2.4500569820404055,2.1901979446411133,2.252208888530731,2.066322088241577,3.223941206932068,3.8857648372650146,1.5458824634552002
2.3010862270991006,0,2.4500569820404055,2.1901979446411133,2.252208888530731,2.066322088241577,3.223941206932068,3.8857648372650146,1.5458824634552002,2.4500569820404055,2.1901979446411133,2.252208888530731,2.066322088241577,3.223941206932068,3.8857648372650146,1.5458824634552002
2.3994230694240994,2.343801760673523,2.343801760673523,2.240708827972412,2.2304398119449615,1.9742714166641235,3.047785520553589,3.6295008659362793,1.4084575176239014,2.343801760673523,2.240708827972412,2.2304398119449615,1.9742714166641235,3.047785520553589,3.6295008659362793,1.4084575176239014
2.2922140624788074,0,2.343801760673523,2.240708827972412,2.2304398119449615,1.9742714166641235,3.047785520553589,3.6295008659362793,1.4084575176239014,2.343801760673523,2.240708827972412,2.2304398119449615,1.9742714166641235,3.047785520553589,3.6295008659362793,1.4084575176239014
2.331575142012702,2.356049156188965,2.343801760673523,2.240708827972412,2.2304398119449615,1.9742714166641235,3.047785520553589,3.6295008659362793,1.4084575176239014,2.356049156188965,2.3814234733581543,2.333803415298462,2.0014705657958984,2.947662830352783,3.324429512023926,1.502026081085205
2.4448453055487738,0,2.343801760673523,2.240708827972412,2.2304398119449615,1.9742714166641235,3.047785520553589,3.6295008659362793,1.4084575176239014,2.356049156188965,2.3814234733581543,2.333803415298462,2.0014705657958984,2.947662830352783,3.324429512023926,1.502026081085205
2.40837033589681,2.492637372016907,2.343801760673523,2.240708827972412,2.2304398119449615,1.9742714166641235,3.047785520553589,3.6295008659362793,1.4084575176239014,2.492637372016907,2.2541818618774414,2.3000094890594482,2.1455368995666504,3.1520620584487915,3.7579867839813232,1.7593439817428589
2.2584950394100614,0,2.343801760673523,2.240708827972412,2.2304398119449615,1.9742714166641235,3.047785520553589,3.6295008659362793,1.4084575176239014,2.492637372016907,2.2541818618774414,2.3000094890594482,2.1455368995666504,3.1520620584487915,3.7579867839813232,1.7593439817428589
2.207529067993164,2.2768728017807005,2.2768728017807005,2.238476037979126,2.199188709259033,1.9205894470214844,2.9023685455322266,3.4055237770080566,1.42056143283844,2.2768728017807005,2.238476037979126,2.199188709259033,1.9205894470214844,2.9023685455322266,3.4055237770080566,1.42056143283844
2.174107207192315,0,2.2768728017807005,2.238476037979126,2.199188709259033,1.9205894470214844,2.9023685455322266,3.4055237770080566,1.42056143283844,2.2768728017807005,2.238476037979126,2.199188709259033,1.9205894470214844,2.9023685455322266,3.4055237770080566,1.42056143283844
2.21845989757114,2.2485827207565308,2.2485827207565308,2.2787060737609863,2.2085417211055756,1.8990134000778198,2.8318541049957275,3.2859668731689453,1.4014859199523926,2.2485827207565308,2.2787060737609863,2.2085417211055756,1.8990134000778198,2.8318541049957275,3.2859668731689453,1.4014859199523926
2.1590770218107433,0,2.2485827207565308,2.2787060737609863,2.2085417211055756,1.8990134000778198,2.8318541049957275,3.2859668731689453,1.4014859199523926,2.2485827207565308,2.2787060737609863,2.2085417211055756,1.8990134000778198,2.8318541049957275,3.2859668731689453,1.4014859199523926
2.1652941173977323,2.3207355976104735,2.2485827207565308,2.2787060737609863,2.2085417211055756,1.8990134000778198,2.8318541049957275,3.2859668731689453,1.4014859199523926,2.3207355976104735,2.21329665184021,2.2122058868408203,2.014132022857666,2.912756323814392,3.417414426803589,1.550736665725708
2.155847350756327,0,2.2485827207565308,2.2787060737609863,2.2085417211055756,1.8990134000778198,2.8318541049957275,3.2859668731689453,1.4014859199523926,2.3207355976104735,2.21329665184021,2.2122058868408203,2.014132022857666,2.912756323814392,3.417414426803589,1.550736665725708
2.1885933346218533,2.4184927463531496,2.2485827207565308,2.2787060737609863,2.2085417211055756,1.8990134000778198,2.8318541049957275,3.2859668731689453,1.4014859199523926,2.4184927463531496,2.251481056213379,2.2723074555397034,2.1215968132019043,2.989989995956421,3.5153090953826904,1.739405870437622
2.189271926879883,0,2.2485827207565308,2.2787060737609863,2.2085417211055756,1.8990134000778198,2.8318541049957275,3.2859668731689453,1.4014859199523926,2.4184927463531496,2.251481056213379,2.2723074555397034,2.1215968132019043,2.989989995956421,3.5153090953826904,1.739405870437622
2.179335527949863,2.34284303188324,2.2485827207565308,2.2787060737609863,2.2085417211055756,1.8990134000778198,2.8318541049957275,3.2859668731689453,1.4014859199523926,2.34284303188324,2.462491512298584,2.3943793773651123,2.0391178131103516,2.8079657554626465,3.0025148391723633,1.5966743230819702
2.3375506665971546,0,2.2485827207565308,2.2787060737609863,2.2085417211055756,1.8990134000778198,2.8318541049957275,3.2859668731689453,1.4014859199523926,2.34284303188324,2.462491512298584,2.3943793773651123,2.0391178131103516,2.8079657554626465,3.0025148391723633,1.5966743230819702
2.4481418000327215,2.9130282402038574,2.2485827207565308,2.2787060737609863,2.2085417211055756,1.8990134000778198,2.8318541049957275,3.2859668731689453,1.4014859199523926,2.9130282402038574,2.732919692993164,2.722570776939392,2.5692696571350098,3.4175760746002197,3.979978084564209,2.427799701690674
2.3099557293785944,0,2.2485827207565308,2.2787060737609863,2.2085417211055756,1.8990134000778198,2.8318541049957275,3.2859668731689453,1.4014859199523926,2.9130282402038574,2.732919692993164,2.722570776939392,2.5692696571350098,3.4175760746002197,3.979978084564209,2.427799701690674
2.2111942635642157,2.3683722972869874,2.2485827207565308,2.2787060737609863,2.2085417211055756,1.8990134000778198,2.8318541049957275,3.2859668731689453,1.4014859199523926,2.3683722972869874,2.5412039756774902,2.4683815836906433,2.121276617050171,2.7843650579452515,2.898888349533081,1.6106507778167725
2.2314707703060574,0,2.2485827207565308,2.2787060737609863,2.2085417211055756,1.8990134000778198,2.8318541049957275,3.2859668731689453,1.4014859199523926,2.3683722972869874,2.5412039756774902,2.4683815836906433,2.121276617050171,2.7843650579452515,2.898888349533081,1.6106507778167725
2.2765423589282565,2.410558080673218,2.2485827207565308,2.2787060737609863,2.2085417211055756,1.8990134000778198,2.8318541049957275,3.2859668731689453,1.4014859199523926,2.410558080673218,2.344588279724121,2.3120391964912415,2.133519411087036,2.8946069478988647,3.363753080368042,1.7854688167572021
2.1472435792287192,0,2.2485827207565308,2.2787060737609863,2.2085417211055756,1.8990134000778198,2.8318541049957275,3.2859668731689453,1.4014859199523926,2.410558080673218,2.344588279724121,2.3120391964912415,2.133519411087036,2.8946069478988647,3.363753080368042,1.7854688167572021
2.123863829506768,2.2361565828323364,2.2361565828323364,2.4301509857177734,2.3356631696224213,1.948384165763855,2.6456668376922607,2.7573671340942383,1.5109140872955322,2.2361565828323364,2.4301509857177734,2.3356631696224213,1.948384165763855,2.6456668376922607,2.7573671340942383,1.5109140872955322
2.2369767824808755,0,2.2361565828323364,2.4301509857177734,2.3356631696224213,1.948384165763855,2.6456668376922607,2.7573671340942383,1.5109140872955322,2.2361565828323364,2.4301509857177734,2.3356631696224213,1.948384165763855,2.6456668376922607,2.7573671340942383,1.5109140872955322
2.3114122417238026,2.503071165084839,2.2361565828323364,2.4301509857177734,2.3356631696224213,1.948384165763855,2.6456668376922607,2.7573671340942383,1.5109140872955322,2.503071165084839,2.389796495437622,2.380602478981018,2.256546974182129,2.963921070098877,3.4415721893310547,1.9411702156066895
2.10270893573761,0,2.2361565828323364,2.4301509857177734,2.3356631696224213,1.948384165763855,2.6456668376922607,2.7573671340942383,1.5109140872955322,2.503071165084839,2.389796495437622,2.380602478981018,2.256546974182129,2.963921070098877,3.4415721893310547,1.9411702156066895
2.1144991715749106,2.1419772863388062,2.1419772863388062,2.294719934463501,2.1878556311130524,1.863918662071228,2.5794907808303833,2.860917568206787,1.3922662734985352,2.1419772863388062,2.294719934463501,2.1878556311130524,1.863918662071228,2.5794907808303833,2.860917568206787,1.3922662734985352
2.0995076100031533,0,2.1419772863388062,2.294719934463501,2.1878556311130524,1.863918662071228,2.5794907808303833,2.860917568206787,1.3922662734985352,2.1419772863388062,2.294719934463501,2.1878556311130524,1.863918662071228,2.5794907808303833,2.860917568206787,1.3922662734985352
2.080834666887919,2.1440620183944703,2.1419772863388062,2.294719934463501,2.1878556311130524,1.863918662071228,2.5794907808303833,2.860917568206787,1.3922662734985352,2.1440620183944703,2.2758126258850098,2.18470761179924,1.9017661809921265,2.567455291748047,2.8494715690612793,1.407820701599121
2.0999623801973133,0,2.1419772863388062,2.294719934463501,2.1878556311130524,1.863918662071228,2.5794907808303833,2.860917568206787,1.3922662734985352,2.1440620183944703,2.2758126258850098,2.18470761179924,1.9017661809921265,2.567455291748047,2.8494715690612793,1.407820701599121
2.1540845500098333,2.1262551307678224,2.1262551307678224,2.322704792022705,2.205187350511551,1.8510130643844604,2.524041175842285,2.7237555980682373,1.4094754457473755,2.1262551307678224,2.322704792022705,2.205187350511551,1.8510130643844604,2.524041175842285,2.7237555980682373,1.4094754457473755
2.101977083418104,0,2.1262551307678224,2.322704792022705,2.205187350511551,1.8510130643844604,2.524041175842285,2.7237555980682373,1.4094754457473755,2.1262551307678224,2.322704792022705,2.205187350511551,1.8510130643844604,2.524041175842285,2.7237555980682373,1.4094754457473755
2.117946889665392,2.1158191680908205,2.1158191680908205,2.2825498580932617,2.1822701692581177,1.8479881286621094,2.517568588256836,2.719144344329834,1.4134206771850586,2.1158191680908205,2.2825498580932617,2.1822701692581177,1.8479881286621094,2.517568588256836,2.719144344329834,1.4134206771850586
2.1037456591924033,0,2.1158191680908205,2.2825498580932617,2.1822701692581177,1.8479881286621094,2.517568588256836,2.719144344329834,1.4134206771850586,2.1158191680908205,2.2825498580932617,2.1822701692581177,1.8479881286621094,2.517568588256836,2.719144344329834,1.4134206771850586
2.1004991398917303,2.150770378112793,2.1158191680908205,2.2825498580932617,2.1822701692581177,1.8479881286621094,2.517568588256836,2.719144344329834,1.4134206771850586,2.150770378112793,2.218205451965332,2.1611343026161194,1.9263050556182861,2.5715407133102417,2.861260175704956,1.4662599563598633
2.1239151689741345,0,2.1158191680908205,2.2825498580932617,2.1822701692581177,1.8479881286621094,2.517568588256836,2.719144344329834,1.4134206771850586,2.150770378112793,2.218205451965332,2.1611343026161194,1.9263050556182861,2.5715407133102417,2.861260175704956,1.4662599563598633
2.1988387637668185,2.1059791326522825,2.1059791326522825,2.2685396671295166,2.176036924123764,1.8458770513534546,2.490150213241577,2.659109115600586,1.435178518295288,2.1059791326522825,2.2685396671295166,2.176036924123764,1.8458770513534546,2.490150213241577,2.659109115600586,1.435178518295288
2.100246720843845,0,2.1059791326522825,2.2685396671295166,2.176036924123764,1.8458770513534546,2.490150213241577,2.659109115600586,1.435178518295288,2.1059791326522825,2.2685396671295166,2.176036924123764,1.8458770513534546,2.490150213241577,2.659109115600586,1.435178518295288
2.1984256505966187,2.1188832759857177,2.1059791326522825,2.2685396671295166,2.176036924123764,1.8458770513534546,2.490150213241577,2.659109115600586,1.435178518295288,2.1188832759857177,2.371661424636841,2.24005788564682,1.8450472354888916,2.4496724605560303,2.5274834632873535,1.478362798690796
2.123874651061164,0,2.1059791326522825,2.2685396671295166,2.176036924123764,1.8458770513534546,2.490150213241577,2.659109115600586,1.435178518295288,2.1188832759857177,2.371661424636841,2.24005788564682,1.8450472354888916,2.4496724605560303,2.5274834632873535,1.478362798690796
2.1321453120973377,2.099205827713013,2.099205827713013,2.2481203079223633,2.1682465076446533,1.8541593551635742,2.4853315353393555,2.6480770111083984,1.423086404800415,2.099205827713013,2.2481203079223633,2.1682465076446533,1.8541593551635742,2.4853315353393555,2.6480770111083984,1.423086404800415
2.0976901849110923,0,2.099205827713013,2.2481203079223633,2.1682465076446533,1.8541593551635742,2.4853315353393555,2.6480770111083984,1.423086404800415,2.099205827713013,2.2481203079223633,2.1682465076446533,1.8541593551635742,2.4853315353393555,2.6480770111083984,1.423086404800415
2.1468877527448864,2.0946644067764284,2.0946644067764284,2.245820999145508,2.168265610933304,1.874712586402893,2.4747835397720337,2.6428592205047607,1.4032213687896729,2.0946644067764284,2.245820999145508,2.168265610933304,1.874712586402893,2.4747835397720337,2.6428592205047607,1.4032213687896729
2.085937168863085,0,2.0946644067764284,2.245820999145508,2.168265610933304,1.874712586402893,2.4747835397720337,2.6428592205047607,1.4032213687896729,2.0946644067764284,2.245820999145508,2.168265610933304,1.874712586402893,2.4747835397720337,2.6428592205047607,1.4032213687896729
2.077729251649645,2.2857613563537598,2.0946644067764284,2.245820999145508,2.168265610933304,1.874712586402893,2.4747835397720337,2.6428592205047607,1.4032213687896729,2.2857613563537598,2.2477474212646484,2.238133668899536,2.101226329803467,2.684812307357788,3.0138111114501953,1.7102084159851074
2.1316576136483087,0,2.0946644067764284,2.245820999145508,2.168265610933304,1.874712586402893,2.4747835397720337,2.6428592205047607,1.4032213687896729,2.2857613563537598,2.2477474212646484,2.238133668899536,2.101226329803467,2.684812307357788,3.0138111114501953,1.7102084159851074
2.164242241117689,2.1379970788955687,2.0946644067764284,2.245820999145508,2.168265610933304,1.874712586402893,2.4747835397720337,2.6428592205047607,1.4032213687896729,2.1379970788955687,2.230990409851074,2.18719419836998,1.9942816495895386,2.501124143600464,2.7097339630126953,1.4624650478363037
2.1634418037202625,0,2.0946644067764284,2.245820999145508,2.168265610933304,1.874712586402893,2.4747835397720337,2.6428592205047607,1.4032213687896729,2.1379970788955687,2.230990409851074,2.18719419836998,1.9942816495895386,2.501124143600464,2.7097339630126953,1.4624650478363037
2.1371334658728705,2.115721845626831,2.0946644067764284,2.245820999145508,2.168265610933304,1.874712586402893,2.4747835397720337,2.6428592205047607,1.4032213687896729,2.115721845626831,2.2199547290802,2.1761468052864075,1.9644198417663574,2.4739556312561035,2.647653341293335,1.4463233947753906
2.130520542462667,0,2.0946644067764284,2.245820999145508,2.168265610933304,1.874712586402893,2.4747835397720337,2.6428592205047607,1.4032213687896729,2.115721845626831,2.2199547290802,2.1761468052864075,1.9644198417663574,2.4739556312561035,2.647653341293335,1.4463233947753906
2.0820589198006525,2.1811505794525146,2.0946644067764284,2.245820999145508,2.168265610933304,1.874712586402893,2.4747835397720337,2.6428592205047607,1.4032213687896729,2.1811505794525146,2.189824104309082,2.1830667853355408,2.0441675186157227,2.5558782815933228,2.803305149078369,1.560004711151123
2.1272741158803306,0,2.0946644067764284,2.245820999145508,2.168265610933304,1.874712586402893,2.4747835397720337,2.6428592205047607,1.4032213687896729,2.1811505794525146,2.189824104309082,2.1830667853355408,2.0441675186157227,2.5558782815933228,2.803305149078369,1.560004711151123
2.1389056973987155,2.117363953590393,2.0946644067764284,2.245820999145508,2.168265610933304,1.874712586402893,2.4747835397720337,2.6428592205047607,1.4032213687896729,2.117363953590393,2.2949392795562744,2.2185594141483307,1.9650832414627075,2.4483635425567627,2.577451229095459,1.430070161819458
2.087610363960266,0,2.0946644067764284,2.245820999145508,2.168265610933304,1.874712586402893,2.4747835397720337,2.6428592205047607,1.4032213687896729,2.117363953590393,2.2949392795562744,2.2185594141483307,1.9650832414627075,2.4483635425567627,2.577451229095459,1.430070161819458
2.209347579214308,2.3189477205276487,2.0946644067764284,2.245820999145508,2.168265610933304,1.874712586402893,2.4747835397720337,2.6428592205047607,1.4032213687896729,2.3189477205276487,2.461369037628174,2.413233518600464,2.0834407806396484,2.6819465160369873,2.7171378135681152,1.6860357522964478
2.252405140135023,0,2.0946644067764284,2.245820999145508,2.168265610933304,1.874712586402893,2.4747835397720337,2.6428592205047607,1.4032213687896729,2.3189477205276487,2.461369037628174,2.413233518600464,2.0834407806396484,2.6819465160369873,2.7171378135681152,1.6860357522964478
2.2295675542619495,2.0952231884002686,2.0946644067764284,2.245820999145508,2.168265610933304,1.874712586402893,2.4747835397720337,2.6428592205047607,1.4032213687896729,2.0952231884002686,2.214587926864624,2.163079619407654,1.871821641921997,2.461377739906311,2.571434497833252,1.4669508934020996
2.0662225352393255,0,2.0946644067764284,2.245820999145508,2.168265610933304,1.874712586402893,2.4747835397720337,2.6428592205047607,1.4032213687896729,2.0952231884002686,2.214587926864624,2.163079619407654,1.871821641921997,2.461377739906311,2.571434497833252,1.4669508934020996
2.0909572309917874,2.1898550271987913,2.0946644067764284,2.245820999145508,2.168265610933304,1.874712586402893,2.4747835397720337,2.6428592205047607,1.4032213687896729,2.1898550271987913,2.396791458129883,2.3063535690307617,1.93426513671875,2.5222008228302,2.546835422515869,1.5738168954849243
2.120020627975464,0,2.0946644067764284,2.245820999145508,2.168265610933304,1.874712586402893,2.4747835397720337,2.6428592205047607,1.4032213687896729,2.1898550271987913,2.396791458129883,2.3063535690307617,1.93426513671875,2.5222008228302,2.546835422515869,1.5738168954849243
2.1636950174967446,2.281304216384888,2.0946644067764284,2.245820999145508,2.168265610933304,1.874712586402893,2.4747835397720337,2.6428592205047607,1.4032213687896729,2.281304216384888,2.261117935180664,2.2549861669540405,2.08479642868042,2.679569721221924,2.9462270736694336,1.7014672756195068
2.2076570987701416,0,2.0946644067764284,2.245820999145508,2.168265610933304,1.874712586402893,2.4747835397720337,2.6428592205047607,1.4032213687896729,2.281304216384888,2.261117935180664,2.2549861669540405,2.08479642868042,2.679569721221924,2.9462270736694336,1.7014672756195068
2.0954566399256387,2.1271016597747803,2.0946644067764284,2.245820999145508,2.168265610933304,1.874712586402893,2.4747835397720337,2.6428592205047607,1.4032213687896729,2.1271016597747803,2.4038426876068115,2.280709981918335,1.9069304466247559,2.4138197898864746,2.4194154739379883,1.4970955848693848
2.130134847429064,0,2.0946644067764284,2.245820999145508,2.168265610933304,1.874712586402893,2.4747835397720337,2.6428592205047607,1.4032213687896729,2.1271016597747803,2.4038426876068115,2.280709981918335,1.9069304466247559,2.4138197898864746,2.4194154739379883,1.4970955848693848
2.053296301099989,2.076538634300232,2.076538634300232,2.3059639930725098,2.207258701324463,1.8588836193084717,2.3859280347824097,2.413632869720459,1.4459894895553589,2.076538634300232,2.3059639930725098,2.207258701324463,1.8588836193084717,2.3859280347824097,2.413632869720459,1.4459894895553589
2.046558525827196,0,2.076538634300232,2.3059639930725098,2.207258701324463,1.8588836193084717,2.3859280347824097,2.413632869720459,1.4459894895553589,2.076538634300232,2.3059639930725098,2.207258701324463,1.8588836193084717,2.3859280347824097,2.413632869720459,1.4459894895553589
2.057725363307529,2.0666275024414062,2.0666275024414062,2.2297701835632324,2.1665176153182983,1.8911652565002441,2.3943426609039307,2.473320484161377,1.4235167503356934,2.0666275024414062,2.2297701835632324,2.1665176153182983,1.8911652565002441,2.3943426609039307,2.473320484161377,1.4235167503356934
2.117090357674493,0,2.0666275024414062,2.2297701835632324,2.1665176153182983,1.8911652565002441,2.3943426609039307,2.473320484161377,1.4235167503356934,2.0666275024414062,2.2297701835632324,2.1665176153182983,1.8911652565002441,2.3943426609039307,2.473320484161377,1.4235167503356934
2.099510245853,2.0701606035232545,2.0666275024414062,2.2297701835632324,2.1665176153182983,1.8911652565002441,2.3943426609039307,2.473320484161377,1.4235167503356934,2.0701606035232545,2.2790229320526123,2.193616598844528,1.8802920579910278,2.379515290260315,2.4229021072387695,1.432457447052002
2.0409489075342813,0,2.0666275024414062,2.2297701835632324,2.1665176153182983,1.8911652565002441,2.3943426609039307,2.473320484161377,1.4235167503356934,2.0701606035232545,2.2790229320526123,2.193616598844528,1.8802920579910278,2.379515290260315,2.4229021072387695,1.432457447052002
2.073430154058668,2.26243314743042,2.0666275024414062,2.2297701835632324,2.1665176153182983,1.8911652565002441,2.3943426609039307,2.473320484161377,1.4235167503356934,2.26243314743042,2.220532178878784,2.2335208654403687,2.090198278427124,2.639321446418762,2.875822067260742,1.722792387008667
2.2509766949547663,0,2.0666275024414062,2.2297701835632324,2.1665176153182983,1.8911652565002441,2.3943426609039307,2.473320484161377,1.4235167503356934,2.26243314743042,2.220532178878784,2.2335208654403687,2.090198278427124,2.639321446418762,2.875822067260742,1.722792387008667
2.1393964290618896,2.241563415527344,2.0666275024414062,2.2297701835632324,2.1665176153182983,1.8911652565002441,2.3943426609039307,2.473320484161377,1.4235167503356934,2.241563415527344,2.4022974967956543,2.3459243774414062,2.0410709381103516,2.562859535217285,2.5876874923706055,1.6387295722961426
2.1187891562779746,0,2.0666275024414062,2.2297701835632324,2.1665176153182983,1.8911652565002441,2.3943426609039307,2.473320484161377,1.4235167503356934,2.241563415527344,2.4022974967956543,2.3459243774414062,2.0410709381103516,2.562859535217285,2.5876874923706055,1.6387295722961426
2.103688677151998,2.0734746932983397,2.0666275024414062,2.2297701835632324,2.1665176153182983,1.8911652565002441,2.3943426609039307,2.473320484161377,1.4235167503356934,2.0734746932983397,2.281010150909424,2.1974454522132874,1.8976523876190186,2.381692886352539,2.433276653289795,1.4253251552581787
2.071161044968499,0,2.0666275024414062,2.2297701835632324,2.1665176153182983,1.8911652565002441,2.3943426609039307,2.473320484161377,1.4235167503356934,2.0734746932983397,2.281010150909424,2.1974454522132874,1.8976523876190186,2.381692886352539,2.433276653289795,1.4253251552581787
2.1152386930253773,2.0690197944641113,2.0666275024414062,2.2297701835632324,2.1665176153182983,1.8911652565002441,2.3943426609039307,2.473320484161377,1.4235167503356934,2.0690197944641113,2.22467041015625,2.1644017696380615,1.884653091430664,2.4106171131134033,2.4976210594177246,1.414541244506836
2.093692660331726,0,2.0666275024414062,2.2297701835632324,2.1665176153182983,1.8911652565002441,2.3943426609039307,2.473320484161377,1.4235167503356934,2.0690197944641113,2.22467041015625,2.1644017696380615,1.884653091430664,2.4106171131134033,2.4976210594177246,1.414541244506836
2.1261789004007974,2.3424163103103637,2.0666275024414062,2.2297701835632324,2.1665176153182983,1.8911652565002441,2.3943426609039307,2.473320484161377,1.4235167503356934,2.3424163103103637,2.4552485942840576,2.4280686378479004,2.103430986404419,2.7287906408309937,2.75923490524292,1.695820689201355
2.3314748075273304,0,2.0666275024414062,2.2297701835632324,2.1665176153182983,1.8911652565002441,2.3943426609039307,2.473320484161377,1.4235167503356934,2.3424163103103637,2.4552485942840576,2.4280686378479004,2.103430986404419,2.7287906408309937,2.75923490524292,1.695820689201355
2.1188133425182767,2.077911138534546,2.0666275024414062,2.2297701835632324,2.1665176153182983,1.8911652565002441,2.3943426609039307,2.473320484161377,1.4235167503356934,2.077911138534546,2.190995693206787,2.151748776435852,1.8937959671020508,2.4381920099258423,2.5451762676239014,1.428380012512207
2.1114146179623074,0,2.0666275024414062,2.2297701835632324,2.1665176153182983,1.8911652565002441,2.3943426609039307,2.473320484161377,1.4235167503356934,2.077911138534546,2.190995693206787,2.151748776435852,1.8937959671020508,2.4381920099258423,2.5451762676239014,1.428380012512207
2.079280906253391,2.082068181037903,2.0666275024414062,2.2297701835632324,2.1665176153182983,1.8911652565002441,2.3943426609039307,2.473320484161377,1.4235167503356934,2.082068181037903,2.160792827606201,2.1422965824604034,1.9127572774887085,2.4377554655075073,2.5406675338745117,1.4612798690795898
2.1445056464937,0,2.0666275024414062,2.2297701835632324,2.1665176153182983,1.8911652565002441,2.3943426609039307,2.473320484161377,1.4235167503356934,2.082068181037903,2.160792827606201,2.1422965824604034,1.9127572774887085,2.4377554655075073,2.5406675338745117,1.4612798690795898
2.0562933683395386,2.1183532238006593,2.0666275024414062,2.2297701835632324,2.1665176153182983,1.8911652565002441,2.3943426609039307,2.473320484161377,1.4235167503356934,2.1183532238006593,2.1574153900146484,2.1524948477745056,1.960939645767212,2.4849714040756226,2.6357338428497314,1.5034682750701904
2.0936749246385364,0,2.0666275024414062,2.2297701835632324,2.1665176153182983,1.8911652565002441,2.3943426609039307,2.473320484161377,1.4235167503356934,2.1183532238006593,2.1574153900146484,2.1524948477745056,1.960939645767212,2.4849714040756226,2.6357338428497314,1.5034682750701904
2.2984540462493896,2.2436413764953613,2.0666275024414062,2.2297701835632324,2.1665176153182983,1.8911652565002441,2.3943426609039307,2.473320484161377,1.4235167503356934,2.2436413764953613,2.4289989471435547,2.3584674298763275,1.9999550580978394,2.5997830629348755,2.6236493587493896,1.5896867513656616
2.1383587651782565,0,2.0666275024414062,2.2297701835632324,2.1665176153182983,1.8911652565002441,2.3943426609039307,2.473320484161377,1.4235167503356934,2.2436413764953613,2.4289989471435547,2.3584674298763275,1.9999550580978394,2.5997830629348755,2.6236493587493896,1.5896867513656616
2.1355981826782227,2.105200004577637,2.0666275024414062,2.2297701835632324,2.1665176153182983,1.8911652565002441,2.3943426609039307,2.473320484161377,1.4235167503356934,2.105200004577637,2.1691527366638184,2.1529890298843384,1.9208860397338867,2.4816538095474243,2.6105430126190186,1.4726536273956299
2.0204212930467396,0,2.0666275024414062,2.2297701835632324,2.1665176153182983,1.8911652565002441,2.3943426609039307,2.473320484161377,1.4235167503356934,2.105200004577637,2.1691527366638184,2.1529890298843384,1.9208860397338867,2.4816538095474243,2.6105430126190186,1.4726536273956299
2.051490969128079,2.092993211746216,2.0666275024414062,2.2297701835632324,2.1665176153182983,1.8911652565002441,2.3943426609039307,2.473320484161377,1.4235167503356934,2.092993211746216,2.1551597118377686,2.1457143127918243,1.9417592287063599,2.446802020072937,2.5628254413604736,1.4744430780410767
2.1033795012368097,0,2.0666275024414062,2.2297701835632324,2.1665176153182983,1.8911652565002441,2.3943426609039307,2.473320484161377,1.4235167503356934,2.092993211746216,2.1551597118377686,2.1457143127918243,1.9417592287063599,2.446802020072937,2.5628254413604736,1.4744430780410767
2.112905224164327,2.0746955633163453,2.0666275024414062,2.2297701835632324,2.1665176153182983,1.8911652565002441,2.3943426609039307,2.473320484161377,1.4235167503356934,2.0746955633163453,2.223179817199707,2.1749101877212524,1.928980827331543,2.3981140851974487,2.4719278812408447,1.4250890016555786
2.039490368631151,0,2.0666275024414062,2.2297701835632324,2.1665176153182983,1.8911652565002441,2.3943426609039307,2.473320484161377,1.4235167503356934,2.0746955633163453,2.223179817199707,2.1749101877212524,1.928980827331543,2.3981140851974487,2.4719278812408447,1.4250890016555786
2.0655841297573514,2.1331342697143554,2.0666275024414062,2.2297701835632324,2.1665176153182983,1.8911652565002441,2.3943426609039307,2.473320484161377,1.4235167503356934,2.1331342697143554,2.392514705657959,2.289271354675293,1.975306510925293,2.40101420879364,2.4052789211273193,1.4958217144012451
2.084105796284146,0,2.0666275024414062,2.2297701835632324,2.1665176153182983,1.8911652565002441,2.3943426609039307,2.473320484161377,1.4235167503356934,2.1331342697143554,2.392514705657959,2.289271354675293,1.975306510925293,2.40101420879364,2.4052789211273193,1.4958217144012451
2.096140649583605,2.1664705753326414,2.0666275024414062,2.2297701835632324,2.1665176153182983,1.8911652565002441,2.3943426609039307,2.473320484161377,1.4235167503356934,2.1664705753326414,2.167569160461426,2.177860677242279,2.008115291595459,2.53261137008667,2.697033643722534,1.5914456844329834
2.129420518875122,0,2.0666275024414062,2.2297701835632324,2.1665176153182983,1.8911652565002441,2.3943426609039307,2.473320484161377,1.4235167503356934,2.1664705753326414,2.167569160461426,2.177860677242279,2.008115291595459,2.53261137008667,2.697033643722534,1.5914456844329834
2.0735306474897595,2.098056101799011,2.0666275024414062,2.2297701835632324,2.1665176153182983,1.8911652565002441,2.3943426609039307,2.473320484161377,1.4235167503356934,2.098056101799011,2.1830787658691406,2.160182148218155,1.9616249799728394,2.440574526786804,2.5682029724121094,1.4644277095794678
2.1155879894892373,0,2.0666275024414062,2.2297701835632324,2.1665176153182983,1.8911652565002441,2.3943426609039307,2.473320484161377,1.4235167503356934,2.098056101799011,2.1830787658691406,2.160182148218155,1.9616249799728394,2.440574526786804,2.5682029724121094,1.4644277095794678
2.046710663371616,2.076105523109436,2.0666275024414062,2.2297701835632324,2.1665176153182983,1.8911652565002441,2.3943426609039307,2.473320484161377,1.4235167503356934,2.076105523109436,2.236201286315918,2.182303160429001,1.9343293905258179,2.394554615020752,2.4666285514831543,1.4208877086639404
2.085786369111803,0,2.0666275024414062,2.2297701835632324,2.1665176153182983,1.8911652565002441,2.3943426609039307,2.473320484161377,1.4235167503356934,2.076105523109436,2.236201286315918,2.182303160429001,1.9343293905258179,2.394554615020752,2.4666285514831543,1.4208877086639404
2.122184263335334,2.2233357667922973,2.0666275024414062,2.2297701835632324,2.1665176153182983,1.8911652565002441,2.3943426609039307,2.473320484161377,1.4235167503356934,2.2233357667922973,2.1971802711486816,2.2130826115608215,2.0646631717681885,2.593634605407715,2.7939624786376953,1.667566180229187
2.006184074613783,0,2.0666275024414062,2.2297701835632324,2.1665176153182983,1.8911652565002441,2.3943426609039307,2.473320484161377,1.4235167503356934,2.2233357667922973,2.1971802711486816,2.2130826115608215,2.0646631717681885,2.593634605407715,2.7939624786376953,1.667566180229187
2.0626313421461315,2.099657487869263,2.0666275024414062,2.2297701835632324,2.1665176153182983,1.8911652565002441,2.3943426609039307,2.473320484161377,1.4235167503356934,2.099657487869263,2.168165445327759,2.1556199193000793,1.9637377262115479,2.443772077560425,2.5651330947875977,1.4788401126861572
2.0428678592046103,0,2.0666275024414062,2.2297701835632324,2.1665176153182983,1.8911652565002441,2.3943426609039307,2.473320484161377,1.4235167503356934,2.099657487869263,2.168165445327759,2.1556199193000793,1.9637377262115479,2.443772077560425,2.5651330947875977,1.4788401126861572
2.0472926563686795,2.1435905933380126,2.0666275024414062,2.2297701835632324,2.1665176153182983,1.8911652565002441,2.3943426609039307,2.473320484161377,1.4235167503356934,2.1435905933380126,2.3822784423828125,2.286173939704895,1.966677188873291,2.427914023399353,2.442366361618042,1.513169288635254
2.149721715185377,0,2.0666275024414062,2.2297701835632324,2.1665176153182983,1.8911652565002441,2.3943426609039307,2.473320484161377,1.4235167503356934,2.1435905933380126,2.3822784423828125,2.286173939704895,1.966677188873291,2.427914023399353,2.442366361618042,1.513169288635254
2.0540812015533447,2.450924301147461,2.0666275024414062,2.2297701835632324,2.1665176153182983,1.8911652565002441,2.3943426609039307,2.473320484161377,1.4235167503356934,2.450924301147461,2.387518882751465,2.39555561542511,2.2633137702941895,2.807772159576416,3.0716733932495117,1.9882445335388184
2.2520662016338773,0,2.0666275024414062,2.2297701835632324,2.1665176153182983,1.8911652565002441,2.3943426609039307,2.473320484161377,1.4235167503356934,2.450924301147461,2.387518882751465,2.39555561542511,2.2633137702941895,2.807772159576416,3.0716733932495117,1.9882445335388184
2.0722905662324695,2.070291519165039,2.0666275024414062,2.2297701835632324,2.1665176153182983,1.8911652565002441,2.3943426609039307,2.473320484161377,1.4235167503356934,2.070291519165039,2.295273780822754,2.2061614990234375,1.9036762714385986,2.3576449155807495,2.3848676681518555,1.4372177124023438
2.03868924246894,0,2.0666275024414062,2.2297701835632324,2.1665176153182983,1.8911652565002441,2.3943426609039307,2.473320484161377,1.4235167503356934,2.070291519165039,2.295273780822754,2.2061614990234375,1.9036762714385986,2.3576449155807495,2.3848676681518555,1.4372177124023438
2.1179535256491766,2.0614359378814697,2.0614359378814697,2.2570455074310303,2.183070033788681,1.8932846784591675,2.363352656364441,2.4018008708953857,1.430144190788269,2.0614359378814697,2.2570455074310303,2.183070033788681,1.8932846784591675,2.363352656364441,2.4018008708953857,1.430144190788269
2.0948022339079113,0,2.0614359378814697,2.2570455074310303,2.183070033788681,1.8932846784591675,2.363352656364441,2.4018008708953857,1.430144190788269,2.0614359378814697,2.2570455074310303,2.183070033788681,1.8932846784591675,2.363352656364441,2.4018008708953857,1.430144190788269
2.082896497514513,2.2279380321502686,2.0614359378814697,2.2570455074310303,2.183070033788681,1.8932846784591675,2.363352656364441,2.4018008708953857,1.430144190788269,2.2279380321502686,2.211937665939331,2.2234203815460205,2.0594120025634766,2.5990939140319824,2.7877936363220215,1.6701526641845703
2.150541755888197,0,2.0614359378814697,2.2570455074310303,2.183070033788681,1.8932846784591675,2.363352656364441,2.4018008708953857,1.430144190788269,2.2279380321502686,2.211937665939331,2.2234203815460205,2.0594120025634766,2.5990939140319824,2.7877936363220215,1.6701526641845703
2.155155658721924,2.071177124977112,2.0614359378814697,2.2570455074310303,2.183070033788681,1.8932846784591675,2.363352656364441,2.4018008708953857,1.430144190788269,2.071177124977112,2.1794626712799072,2.1510843336582184,1.9269005060195923,2.396430730819702,2.4743499755859375,1.4566609859466553
2.219758325152927,0,2.0614359378814697,2.2570455074310303,2.183070033788681,1.8932846784591675,2.363352656364441,2.4018008708953857,1.430144190788269,2.071177124977112,2.1794626712799072,2.1510843336582184,1.9269005060195923,2.396430730819702,2.4743499755859375,1.4566609859466553
2.218443168534173,2.068334531784058,2.0614359378814697,2.2570455074310303,2.183070033788681,1.8932846784591675,2.363352656364441,2.4018008708953857,1.430144190788269,2.068334531784058,2.296760320663452,2.2000404000282288,1.8581435680389404,2.3600785732269287,2.371659755706787,1.466611623764038
2.2951462666193643,0,2.0614359378814697,2.2570455074310303,2.183070033788681,1.8932846784591675,2.363352656364441,2.4018008708953857,1.430144190788269,2.068334531784058,2.296760320663452,2.2000404000282288,1.8581435680389404,2.3600785732269287,2.371659755706787,1.466611623764038
2.097823911243015,2.102232551574707,2.0614359378814697,2.2570455074310303,2.183070033788681,1.8932846784591675,2.363352656364441,2.4018008708953857,1.430144190788269,2.102232551574707,2.1701905727386475,2.155721962451935,1.9633393287658691,2.4487305879592896,2.578293800354004,1.4801716804504395
2.028277940220303,0,2.0614359378814697,2.2570455074310303,2.183070033788681,1.8932846784591675,2.363352656364441,2.4018008708953857,1.430144190788269,2.102232551574707,2.1701905727386475,2.155721962451935,1.9633393287658691,2.4487305879592896,2.578293800354004,1.4801716804504395
2.1112270620134144,2.2477500677108764,2.0614359378814697,2.2570455074310303,2.183070033788681,1.8932846784591675,2.363352656364441,2.4018008708953857,1.430144190788269,2.2477500677108764,2.3978264331817627,2.3480432629585266,2.045077323913574,2.5857845544815063,2.620126247406006,1.6242774724960327
2.0961921082602606,0,2.0614359378814697,2.2570455074310303,2.183070033788681,1.8932846784591675,2.363352656364441,2.4018008708953857,1.430144190788269,2.2477500677108764,2.3978264331817627,2.3480432629585266,2.045077323913574,2.5857845544815063,2.620126247406006,1.6242774724960327
2.048560460408529,2.082090401649475,2.0614359378814697,2.2570455074310303,2.183070033788681,1.8932846784591675,2.363352656364441,2.4018008708953857,1.430144190788269,2.082090401649475,2.2464213371276855,2.1982633471488953,1.9693093299865723,2.3756556510925293,2.420409917831421,1.443410038948059
2.0963320202297635,0,2.0614359378814697,2.2570455074310303,2.183070033788681,1.8932846784591675,2.363352656364441,2.4018008708953857,1.430144190788269,2.082090401649475,2.2464213371276855,2.1982633471488953,1.9693093299865723,2.3756556510925293,2.420409917831421,1.443410038948059
2.0907335016462536,2.0942996025085447,2.0614359378814697,2.2570455074310303,2.183070033788681,1.8932846784591675,2.363352656364441,2.4018008708953857,1.430144190788269,2.0942996025085447,2.331664562225342,2.2432571947574615,1.9527078866958618,2.3672168254852295,2.377441883087158,1.452691912651062
2.0980288717481823,0,2.0614359378814697,2.2570455074310303,2.183070033788681,1.8932846784591675,2.363352656364441,2.4018008708953857,1.430144190788269,2.0942996025085447,2.331664562225342,2.2432571947574615,1.9527078866958618,2.3672168254852295,2.377441883087158,1.452691912651062
2.1479362116919622,2.2331544399261474,2.0614359378814697,2.2570455074310303,2.183070033788681,1.8932846784591675,2.363352656364441,2.4018008708953857,1.430144190788269,2.2331544399261474,2.2107512950897217,2.2258262038230896,2.0892088413238525,2.5814731121063232,2.770352840423584,1.7028658390045166
2.1428687969843545,0,2.0614359378814697,2.2570455074310303,2.183070033788681,1.8932846784591675,2.363352656364441,2.4018008708953857,1.430144190788269,2.2331544399261474,2.2107512950897217,2.2258262038230896,2.0892088413238525,2.5814731121063232,2.770352840423584,1.7028658390045166
2.0862573782602944,2.071482253074646,2.0614359378814697,2.2570455074310303,2.183070033788681,1.8932846784591675,2.363352656364441,2.4018008708953857,1.430144190788269,2.071482253074646,2.157822608947754,2.1454725861549377,1.9358232021331787,2.4009435176849365,2.4714651107788086,1.4618784189224243
2.0440406931771173,0,2.0614359378814697,2.2570455074310303,2.183070033788681,1.8932846784591675,2.363352656364441,2.4018008708953857,1.430144190788269,2.071482253074646,2.157822608947754,2.1454725861549377,1.9358232021331787,2.4009435176849365,2.4714651107788086,1.4618784189224243
2.0562572611702814,2.054267692565918,2.054267692565918,2.192952871322632,2.153936743736267,1.8934710025787354,2.3717827796936035,2.4071953296661377,1.4413490295410156,2.054267692565918,2.192952871322632,2.153936743736267,1.8934710025787354,2.3717827796936035,2.4071953296661377,1.4413490295410156
2.00749499268002,0,2.054267692565918,2.192952871322632,2.153936743736267,1.8934710025787354,2.3717827796936035,2.4071953296661377,1.4413490295410156,2.054267692565918,2.192952871322632,2.153936743736267,1.8934710025787354,2.3717827796936035,2.4071953296661377,1.4413490295410156
2.0937118530273438,2.0589897632598877,2.054267692565918,2.192952871322632,2.153936743736267,1.8934710025787354,2.3717827796936035,2.4071953296661377,1.4413490295410156,2.0589897632598877,2.2621941566467285,2.1885282397270203,1.8878891468048096,2.3615925312042236,2.381349563598633,1.4216804504394531
2.098070581754049,0,2.054267692565918,2.192952871322632,2.153936743736267,1.8934710025787354,2.3717827796936035,2.4071953296661377,1.4413490295410156,2.0589897632598877,2.2621941566467285,2.1885282397270203,1.8878891468048096,2.3615925312042236,2.381349563598633,1.4216804504394531
2.068622801038954,2.106346583366394,2.054267692565918,2.192952871322632,2.153936743736267,1.8934710025787354,2.3717827796936035,2.4071953296661377,1.4413490295410156,2.106346583366394,2.154175043106079,2.1542271971702576,1.960474967956543,2.4483883380889893,2.5486929416656494,1.5203062295913696
2.094537682003445,0,2.054267692565918,2.192952871322632,2.153936743736267,1.8934710025787354,2.3717827796936035,2.4071953296661377,1.4413490295410156,2.106346583366394,2.154175043106079,2.1542271971702576,1.960474967956543,2.4483883380889893,2.5486929416656494,1.5203062295913696
2.062552716996935,2.095207953453064,2.054267692565918,2.192952871322632,2.153936743736267,1.8934710025787354,2.3717827796936035,2.4071953296661377,1.4413490295410156,2.095207953453064,2.3590145111083984,2.2529638409614563,1.9239964485168457,2.373317241668701,2.3768045902252197,1.4463943243026733
2.087888492478265,0,2.054267692565918,2.192952871322632,2.153936743736267,1.8934710025787354,2.3717827796936035,2.4071953296661377,1.4413490295410156,2.095207953453064,2.3590145111083984,2.2529638409614563,1.9239964485168457,2.373317241668701,2.3768045902252197,1.4463943243026733
2.053824848598904,2.0802928686141966,2.054267692565918,2.192952871322632,2.153936743736267,1.8934710025787354,2.3717827796936035,2.4071953296661377,1.4413490295410156,2.0802928686141966,2.298637628555298,2.2244077026844025,1.9433232545852661,2.363990068435669,2.37094783782959,1.431523323059082
2.0352905458874173,0,2.054267692565918,2.192952871322632,2.153936743736267,1.8934710025787354,2.3717827796936035,2.4071953296661377,1.4413490295410156,2.0802928686141966,2.298637628555298,2.2244077026844025,1.9433232545852661,2.363990068435669,2.37094783782959,1.431523323059082
2.025669429037306,2.1324946165084837,2.054267692565918,2.192952871322632,2.153936743736267,1.8934710025787354,2.3717827796936035,2.4071953296661377,1.4413490295410156,2.1324946165084837,2.148667573928833,2.1622608602046967,1.9881542921066284,2.4857163429260254,2.6078786849975586,1.5542185306549072
2.0414426724116006,0,2.054267692565918,2.192952871322632,2.153936743736267,1.8934710025787354,2.3717827796936035,2.4071953296661377,1.4413490295410156,2.1324946165084837,2.148667573928833,2.1622608602046967,1.9881542921066284,2.4857163429260254,2.6078786849975586,1.5542185306549072
2.0445466306474476,2.1503023147583007,2.054267692565918,2.192952871322632,2.153936743736267,1.8934710025787354,2.3717827796936035,2.4071953296661377,1.4413490295410156,2.1503023147583007,2.154256582260132,2.1728304028511047,2.0071144104003906,2.5019232034683228,2.628152370452881,1.586294174194336
2.026137047343784,0,2.054267692565918,2.192952871322632,2.153936743736267,1.8934710025787354,2.3717827796936035,2.4071953296661377,1.4413490295410156,2.1503023147583007,2.154256582260132,2.1728304028511047,2.0071144104003906,2.5019232034683228,2.628152370452881,1.586294174194336
2.0581837627622814,2.069409203529358,2.054267692565918,2.192952871322632,2.153936743736267,1.8934710025787354,2.3717827796936035,2.4071953296661377,1.4413490295410156,2.069409203529358,2.1586570739746094,2.1447656452655792,1.9178134202957153,2.4089282751083374,2.473921537399292,1.45271897315979
2.053622947798835,0,2.054267692565918,2.192952871322632,2.153936743736267,1.8934710025787354,2.3717827796936035,2.4071953296661377,1.4413490295410156,2.069409203529358,2.1586570739746094,2.1447656452655792,1.9178134202957153,2.4089282751083374,2.473921537399292,1.45271897315979
2.031243748135037,2.058574342727661,2.054267692565918,2.192952871322632,2.153936743736267,1.8934710025787354,2.3717827796936035,2.4071953296661377,1.4413490295410156,2.058574342727661,2.2959208488464355,2.1949084997177124,1.8618783950805664,2.3414101600646973,2.3569064140319824,1.4522521495819092
2.0423530737559,0,2.054267692565918,2.192952871322632,2.153936743736267,1.8934710025787354,2.3717827796936035,2.4071953296661377,1.4413490295410156,2.058574342727661,2.2959208488464355,2.1949084997177124,1.8618783950805664,2.3414101600646973,2.3569064140319824,1.4522521495819092
2.076922880278693,2.0575645685195925,2.054267692565918,2.192952871322632,2.153936743736267,1.8934710025787354,2.3717827796936035,2.4071953296661377,1.4413490295410156,2.0575645685195925,2.2222907543182373,2.1669827103614807,1.866692304611206,2.3643593788146973,2.3720617294311523,1.4701210260391235
2.0499562157524958,0,2.054267692565918,2.192952871322632,2.153936743736267,1.8934710025787354,2.3717827796936035,2.4071953296661377,1.4413490295410156,2.0575645685195925,2.2222907543182373,2.1669827103614807,1.866692304611206,2.3643593788146973,2.3720617294311523,1.4701210260391235
2.140740328364902,2.085780715942383,2.054267692565918,2.192952871322632,2.153936743736267,1.8934710025787354,2.3717827796936035,2.4071953296661377,1.4413490295410156,2.085780715942383,2.163745880126953,2.1518853306770325,1.9158220291137695,2.4325982332229614,2.5009689331054688,1.4841392040252686
2.020127283202277,0,2.054267692565918,2.192952871322632,2.153936743736267,1.8934710025787354,2.3717827796936035,2.4071953296661377,1.4413490295410156,2.085780715942383,2.163745880126953,2.1518853306770325,1.9158220291137695,2.4325982332229614,2.5009689331054688,1.4841392040252686
2.040399114290873,2.0535887718200683,2.0535887718200683,2.1688718795776367,2.146947920322418,1.917919397354126,2.3680381774902344,2.4039478302001953,1.4450762271881104,2.0535887718200683,2.1688718795776367,2.146947920322418,1.917919397354126,2.3680381774902344,2.4039478302001953,1.4450762271881104
2.0294323099984064,0,2.0535887718200683,2.1688718795776367,2.146947920322418,1.917919397354126,2.3680381774902344,2.4039478302001953,1.4450762271881104,2.0535887718200683,2.1688718795776367,2.146947920322418,1.917919397354126,2.3680381774902344,2.4039478302001953,1.4450762271881104
2.0410779184765286,2.0832367897033692,2.0535887718200683,2.1688718795776367,2.146947920322418,1.917919397354126,2.3680381774902344,2.4039478302001953,1.4450762271881104,2.0832367897033692,2.145791530609131,2.1444901823997498,1.9371984004974365,2.416275978088379,2.483372688293457,1.5006420612335205
2.0310285488764444,0,2.0535887718200683,2.1688718795776367,2.146947920322418,1.917919397354126,2.3680381774902344,2.4039478302001953,1.4450762271881104,2.0832367897033692,2.145791530609131,2.1444901823997498,1.9371984004974365,2.416275978088379,2.483372688293457,1.5006420612335205
2.03208417362637,2.058055067062378,2.0535887718200683,2.1688718795776367,2.146947920322418,1.917919397354126,2.3680381774902344,2.4039478302001953,1.4450762271881104,2.058055067062378,2.1868226528167725,2.161046624183655,1.9366803169250488,2.360621452331543,2.3873820304870605,1.4455294609069824
2.0883281230926514,0,2.0535887718200683,2.1688718795776367,2.146947920322418,1.917919397354126,2.3680381774902344,2.4039478302001953,1.4450762271881104,2.058055067062378,2.1868226528167725,2.161046624183655,1.9366803169250488,2.360621452331543,2.3873820304870605,1.4455294609069824
2.0592439042197332,2.0586495876312254,2.0535887718200683,2.1688718795776367,2.146947920322418,1.917919397354126,2.3680381774902344,2.4039478302001953,1.4450762271881104,2.0586495876312254,2.2934627532958984,2.2027729749679565,1.9019732475280762,2.332249879837036,2.342306613922119,1.433312177658081
2.0616383817460804,0,2.0535887718200683,2.1688718795776367,2.146947920322418,1.917919397354126,2.3680381774902344,2.4039478302001953,1.4450762271881104,2.0586495876312254,2.2934627532958984,2.2027729749679565,1.9019732475280762,2.332249879837036,2.342306613922119,1.433312177658081
2.0496789614359536,2.0637743949890135,2.0535887718200683,2.1688718795776367,2.146947920322418,1.917919397354126,2.3680381774902344,2.4039478302001953,1.4450762271881104,2.0637743949890135,2.176431655883789,2.1483167111873627,1.9015425443649292,2.3989124298095703,2.4589638710021973,1.4430729150772095
2.036468823750814,0,2.0535887718200683,2.1688718795776367,2.146947920322418,1.917919397354126,2.3680381774902344,2.4039478302001953,1.4450762271881104,2.0637743949890135,2.176431655883789,2.1483167111873627,1.9015425443649292,2.3989124298095703,2.4589638710021973,1.4430729150772095
2.0307294130325317,2.051110625267029,2.051110625267029,2.2057101726531982,2.1608907282352448,1.9038091897964478,2.364813208580017,2.4012930393218994,1.4164073467254639,2.051110625267029,2.2057101726531982,2.1608907282352448,1.9038091897964478,2.364813208580017,2.4012930393218994,1.4164073467254639
2.055214246114095,0,2.051110625267029,2.2057101726531982,2.1608907282352448,1.9038091897964478,2.364813208580017,2.4012930393218994,1.4164073467254639,2.051110625267029,2.2057101726531982,2.1608907282352448,1.9038091897964478,2.364813208580017,2.4012930393218994,1.4164073467254639
2.0249472988976374,2.058614897727966,2.051110625267029,2.2057101726531982,2.1608907282352448,1.9038091897964478,2.364813208580017,2.4012930393218994,1.4164073467254639,2.058614897727966,2.305294990539551,2.207300990819931,1.8826857805252075,2.338515520095825,2.3411028385162354,1.4280626773834229
2.0501300626330905,0,2.051110625267029,2.2057101726531982,2.1608907282352448,1.9038091897964478,2.364813208580017,2.4012930393218994,1.4164073467254639,2.058614897727966,2.305294990539551,2.207300990819931,1.8826857805252075,2.338515520095825,2.3411028385162354,1.4280626773834229
2.0641292730967202,2.0882869720458985,2.051110625267029,2.2057101726531982,2.1608907282352448,1.9038091897964478,2.364813208580017,2.4012930393218994,1.4164073467254639,2.0882869720458985,2.1504640579223633,2.1530553996562958,1.9737414121627808,2.400083541870117,2.4626150131225586,1.5170623064041138
2.0281443066067166,0,2.051110625267029,2.2057101726531982,2.1608907282352448,1.9038091897964478,2.364813208580017,2.4012930393218994,1.4164073467254639,2.0882869720458985,2.1504640579223633,2.1530553996562958,1.9737414121627808,2.400083541870117,2.4626150131225586,1.5170623064041138
2.04956324895223,2.0561469554901124,2.051110625267029,2.2057101726531982,2.1608907282352448,1.9038091897964478,2.364813208580017,2.4012930393218994,1.4164073467254639,2.0561469554901124,2.175910472869873,2.14821919798851,1.9209309816360474,2.3692805767059326,2.418436288833618,1.4453321695327759
2.0574617120954724,0,2.051110625267029,2.2057101726531982,2.1608907282352448,1.9038091897964478,2.364813208580017,2.4012930393218994,1.4164073467254639,2.0561469554901124,2.175910472869873,2.14821919798851,1.9209309816360474,2.3692805767059326,2.418436288833618,1.4453321695327759
2.0494483179516263,2.0518368244171143,2.051110625267029,2.2057101726531982,2.1608907282352448,1.9038091897964478,2.364813208580017,2.4012930393218994,1.4164073467254639,2.0518368244171143,2.24776554107666,2.1743202209472656,1.871150255203247,2.357242226600647,2.383884906768799,1.4257838726043701
2.0976812574598522,0,2.051110625267029,2.2057101726531982,2.1608907282352448,1.9038091897964478,2.364813208580017,2.4012930393218994,1.4164073467254639,2.0518368244171143,2.24776554107666,2.1743202209472656,1.871150255203247,2.357242226600647,2.383884906768799,1.4257838726043701
2.01016202237871,2.053999400138855,2.051110625267029,2.2057101726531982,2.1608907282352448,1.9038091897964478,2.364813208580017,2.4012930393218994,1.4164073467254639,2.053999400138855,2.231922149658203,2.173559457063675,1.9048672914505005,2.3631210327148438,2.4007158279418945,1.4069654941558838
2.0293003850513034,0,2.051110625267029,2.2057101726531982,2.1608907282352448,1.9038091897964478,2.364813208580017,2.4012930393218994,1.4164073467254639,2.053999400138855,2.231922149658203,2.173559457063675,1.9048672914505005,2.3631210327148438,2.4007158279418945,1.4069654941558838
2.1556104156706066,2.21773681640625,2.051110625267029,2.2057101726531982,2.1608907282352448,1.9038091897964478,2.364813208580017,2.4012930393218994,1.4164073467254639,2.21773681640625,2.1968884468078613,2.2199514508247375,2.075197458267212,2.558094024658203,2.7053565979003906,1.7004101276397705
2.0644176138771906,0,2.051110625267029,2.2057101726531982,2.1608907282352448,1.9038091897964478,2.364813208580017,2.4012930393218994,1.4164073467254639,2.21773681640625,2.1968884468078613,2.2199514508247375,2.075197458267212,2.558094024658203,2.7053565979003906,1.7004101276397705
2.0355256928337946,2.0983853340148926,2.051110625267029,2.2057101726531982,2.1608907282352448,1.9038091897964478,2.364813208580017,2.4012930393218994,1.4164073467254639,2.0983853340148926,2.151447296142578,2.152985692024231,1.976208209991455,2.4119322299957275,2.4910244941711426,1.5404067039489746
2.032030542691549,0,2.051110625267029,2.2057101726531982,2.1608907282352448,1.9038091897964478,2.364813208580017,2.4012930393218994,1.4164073467254639,2.0983853340148926,2.151447296142578,2.152985692024231,1.976208209991455,2.4119322299957275,2.4910244941711426,1.5404067039489746
2.0484380192226834,2.1417520523071287,2.051110625267029,2.2057101726531982,2.1608907282352448,1.9038091897964478,2.364813208580017,2.4012930393218994,1.4164073467254639,2.1417520523071287,2.1624956130981445,2.172643303871155,1.998849868774414,2.485071897506714,2.6034116744995117,1.5772709846496582
2.0819760163625083,0,2.051110625267029,2.2057101726531982,2.1608907282352448,1.9038091897964478,2.364813208580017,2.4012930393218994,1.4164073467254639,2.1417520523071287,2.1624956130981445,2.172643303871155,1.998849868774414,2.485071897506714,2.6034116744995117,1.5772709846496582
2.0901735491222806,2.082259464263916,2.051110625267029,2.2057101726531982,2.1608907282352448,1.9038091897964478,2.364813208580017,2.4012930393218994,1.4164073467254639,2.082259464263916,2.280348539352417,2.210869252681732,1.9219858646392822,2.364524722099304,2.368255376815796,1.4799134731292725
2.190677841504415,0,2.051110625267029,2.2057101726531982,2.1608907282352448,1.9038091897964478,2.364813208580017,2.4012930393218994,1.4164073467254639,2.082259464263916,2.280348539352417,2.210869252681732,1.9219858646392822,2.364524722099304,2.368255376815796,1.4799134731292725
2.0938614474402533,2.158537435531616,2.051110625267029,2.2057101726531982,2.1608907282352448,1.9038091897964478,2.364813208580017,2.4012930393218994,1.4164073467254639,2.158537435531616,2.1615066528320312,2.1783010363578796,2.018557548522949,2.498768448829651,2.625903606414795,1.6150860786437988
2.0655666324827404,0,2.051110625267029,2.2057101726531982,2.1608907282352448,1.9038091897964478,2.364813208580017,2.4012930393218994,1.4164073467254639,2.158537435531616,2.1615066528320312,2.1783010363578796,2.018557548522949,2.498768448829651,2.625903606414795,1.6150860786437988
2.066497219933404,2.0531133651733398,2.051110625267029,2.2057101726531982,2.1608907282352448,1.9038091897964478,2.364813208580017,2.4012930393218994,1.4164073467254639,2.0531133651733398,2.2746236324310303,2.1906898617744446,1.890355110168457,2.342447876930237,2.361738681793213,1.4156923294067383
2.05159584681193,0,2.051110625267029,2.2057101726531982,2.1608907282352448,1.9038091897964478,2.364813208580017,2.4012930393218994,1.4164073467254639,2.0531133651733398,2.2746236324310303,2.1906898617744446,1.890355110168457,2.342447876930237,2.361738681793213,1.4156923294067383
2.0416387452019586,2.049785852432251,2.049785852432251,2.1967339515686035,2.1499674916267395,1.8920340538024902,2.3636890649795532,2.4130101203918457,1.4327831268310547,2.049785852432251,2.1967339515686035,2.1499674916267395,1.8920340538024902,2.3636890649795532,2.4130101203918457,1.4327831268310547
2.0140179793039956,0,2.049785852432251,2.1967339515686035,2.1499674916267395,1.8920340538024902,2.3636890649795532,2.4130101203918457,1.4327831268310547,2.049785852432251,2.1967339515686035,2.1499674916267395,1.8920340538024902,2.3636890649795532,2.4130101203918457,1.4327831268310547
2.0300540261798434,2.052179384231567,2.049785852432251,2.1967339515686035,2.1499674916267395,1.8920340538024902,2.3636890649795532,2.4130101203918457,1.4327831268310547,2.052179384231567,2.289987325668335,2.188347578048706,1.8452715873718262,2.331179141998291,2.334214210510254,1.4632797241210938
2.099807699521383,0,2.049785852432251,2.1967339515686035,2.1499674916267395,1.8920340538024902,2.3636890649795532,2.4130101203918457,1.4327831268310547,2.052179384231567,2.289987325668335,2.188347578048706,1.8452715873718262,2.331179141998291,2.334214210510254,1.4632797241210938
2.0609020789464316,2.081691575050354,2.049785852432251,2.1967339515686035,2.1499674916267395,1.8920340538024902,2.3636890649795532,2.4130101203918457,1.4327831268310547,2.081691575050354,2.1561431884765625,2.1448406875133514,1.942968726158142,2.40620493888855,2.488302230834961,1.4969360828399658
2.0295074250963,0,2.049785852432251,2.1967339515686035,2.1499674916267395,1.8920340538024902,2.3636890649795532,2.4130101203918457,1.4327831268310547,2.081691575050354,2.1561431884765625,2.1448406875133514,1.942968726158142,2.40620493888855,2.488302230834961,1.4969360828399658
2.0766144726011486,2.0653491497039793,2.049785852432251,2.1967339515686035,2.1499674916267395,1.8920340538024902,2.3636890649795532,2.4130101203918457,1.4327831268310547,2.0653491497039793,2.163053512573242,2.1413230299949646,1.9214880466461182,2.3925695419311523,2.467442035675049,1.4570651054382324
2.133646249771118,0,2.049785852432251,2.1967339515686035,2.1499674916267395,1.8920340538024902,2.3636890649795532,2.4130101203918457,1.4327831268310547,2.0653491497039793,2.163053512573242,2.1413230299949646,1.9214880466461182,2.3925695419311523,2.467442035675049,1.4570651054382324
2.0981334182951183,2.052753376960754,2.049785852432251,2.1967339515686035,2.1499674916267395,1.8920340538024902,2.3636890649795532,2.4130101203918457,1.4327831268310547,2.052753376960754,2.174574613571167,2.147995203733444,1.9215806722640991,2.363532304763794,2.405813694000244,1.440546989440918
2.0216413736343384,0,2.049785852432251,2.1967339515686035,2.1499674916267395,1.8920340538024902,2.3636890649795532,2.4130101203918457,1.4327831268310547,2.052753376960754,2.174574613571167,2.147995203733444,1.9215806722640991,2.363532304763794,2.405813694000244,1.440546989440918
2.027895278400845,2.05906503200531,2.049785852432251,2.1967339515686035,2.1499674916267395,1.8920340538024902,2.3636890649795532,2.4130101203918457,1.4327831268310547,2.05906503200531,2.2230145931243896,2.177988201379776,1.939898133277893,2.351463556289673,2.376901626586914,1.4294853210449219
1.9998495711220636,0,2.049785852432251,2.1967339515686035,2.1499674916267395,1.8920340538024902,2.3636890649795532,2.4130101203918457,1.4327831268310547,2.05906503200531,2.2230145931243896,2.177988201379776,1.939898133277893,2.351463556289673,2.376901626586914,1.4294853210449219
2.083634694417318,2.0446697950363157,2.0446697950363157,2.230593681335449,2.1680948138237,1.8944385051727295,2.3419660329818726,2.3671786785125732,1.4143847227096558,2.0446697950363157,2.230593681335449,2.1680948138237,1.8944385051727295,2.3419660329818726,2.3671786785125732,1.4143847227096558
2.1703698767556086,0,2.0446697950363157,2.230593681335449,2.1680948138237,1.8944385051727295,2.3419660329818726,2.3671786785125732,1.4143847227096558,2.0446697950363157,2.230593681335449,2.1680948138237,1.8944385051727295,2.3419660329818726,2.3671786785125732,1.4143847227096558
2.1734315289391413,2.060870313644409,2.0446697950363157,2.230593681335449,2.1680948138237,1.8944385051727295,2.3419660329818726,2.3671786785125732,1.4143847227096558,2.060870313644409,2.1648802757263184,2.1462809443473816,1.9377410411834717,2.3701462745666504,2.422670364379883,1.461437702178955
2.0594288640552096,0,2.0446697950363157,2.230593681335449,2.1680948138237,1.8944385051727295,2.3419660329818726,2.3671786785125732,1.4143847227096558,2.060870313644409,2.1648802757263184,2.1462809443473816,1.9377410411834717,2.3701462745666504,2.422670364379883,1.461437702178955
2.091000239054362,2.10087468624115,2.0446697950363157,2.230593681335449,2.1680948138237,1.8944385051727295,2.3419660329818726,2.3671786785125732,1.4143847227096558,2.10087468624115,2.266961097717285,2.2163262963294983,1.9354500770568848,2.3999897241592407,2.4040465354919434,1.5019828081130981
2.137897332509359,0,2.0446697950363157,2.230593681335449,2.1680948138237,1.8944385051727295,2.3419660329818726,2.3671786785125732,1.4143847227096558,2.10087468624115,2.266961097717285,2.2163262963294983,1.9354500770568848,2.3999897241592407,2.4040465354919434,1.5019828081130981
2.0294760995441012,2.0499035120010376,2.0446697950363157,2.230593681335449,2.1680948138237,1.8944385051727295,2.3419660329818726,2.3671786785125732,1.4143847227096558,2.0499035120010376,2.1824727058410645,2.147770494222641,1.909880518913269,2.3655306100845337,2.4148051738739014,1.426103115081787
2.064925061331855,0,2.0446697950363157,2.230593681335449,2.1680948138237,1.8944385051727295,2.3419660329818726,2.3671786785125732,1.4143847227096558,2.0499035120010376,2.1824727058410645,2.147770494222641,1.909880518913269,2.3655306100845337,2.4148051738739014,1.426103115081787
2.117011891471015,2.1135804653167725,2.0446697950363157,2.230593681335449,2.1680948138237,1.8944385051727295,2.3419660329818726,2.3671786785125732,1.4143847227096558,2.1135804653167725,2.2926106452941895,2.2340176701545715,1.9429666996002197,2.4169939756393433,2.426105260848999,1.4983370304107666
2.0598934623930187,0,2.0446697950363157,2.230593681335449,2.1680948138237,1.8944385051727295,2.3419660329818726,2.3671786785125732,1.4143847227096558,2.1135804653167725,2.2926106452941895,2.2340176701545715,1.9429666996002197,2.4169939756393433,2.426105260848999,1.4983370304107666
2.08091315958235,2.0747212886810305,2.0446697950363157,2.230593681335449,2.1680948138237,1.8944385051727295,2.3419660329818726,2.3671786785125732,1.4143847227096558,2.0747212886810305,2.1583993434906006,2.1443469524383545,1.9423189163208008,2.3945446014404297,2.4708189964294434,1.4837989807128906
2.034611052936978,0,2.0446697950363157,2.230593681335449,2.1680948138237,1.8944385051727295,2.3419660329818726,2.3671786785125732,1.4143847227096558,2.0747212886810305,2.1583993434906006,2.1443469524383545,1.9423189163208008,2.3945446014404297,2.4708189964294434,1.4837989807128906
2.0110241307152643,2.0832863569259645,2.0446697950363157,2.230593681335449,2.1680948138237,1.8944385051727295,2.3419660329818726,2.3671786785125732,1.4143847227096558,2.0832863569259645,2.216982126235962,2.1889509558677673,1.9896490573883057,2.3656811714172363,2.399171829223633,1.4784382581710815
2.1300871769587197,0,2.0446697950363157,2.230593681335449,2.1680948138237,1.8944385051727295,2.3419660329818726,2.3671786785125732,1.4143847227096558,2.0832863569259645,2.216982126235962,2.1889509558677673,1.9896490573883057,2.3656811714172363,2.399171829223633,1.4784382581710815
2.091467433505588,2.2979570388793946,2.0446697950363157,2.230593681335449,2.1680948138237,1.8944385051727295,2.3419660329818726,2.3671786785125732,1.4143847227096558,2.2979570388793946,2.236126184463501,2.2675392031669617,2.1619348526000977,2.610674500465393,2.785379409790039,1.870375156402588
2.0672064887152777,0,2.0446697950363157,2.230593681335449,2.1680948138237,1.8944385051727295,2.3419660329818726,2.3671786785125732,1.4143847227096558,2.2979570388793946,2.236126184463501,2.2675392031669617,2.1619348526000977,2.610674500465393,2.785379409790039,1.870375156402588
2.0875089168548584,2.0633126974105833,2.0446697950363157,2.230593681335449,2.1680948138237,1.8944385051727295,2.3419660329818726,2.3671786785125732,1.4143847227096558,2.0633126974105833,2.259321689605713,2.1934359669685364,1.9460337162017822,2.324991464614868,2.340916156768799,1.461225152015686
2.0003762774997287,0,2.0446697950363157,2.230593681335449,2.1680948138237,1.8944385051727295,2.3419660329818726,2.3671786785125732,1.4143847227096558,2.0633126974105833,2.259321689605713,2.1934359669685364,1.9460337162017822,2.324991464614868,2.340916156768799,1.461225152015686
2.124471558464898,2.0487183809280394,2.0446697950363157,2.230593681335449,2.1680948138237,1.8944385051727295,2.3419660329818726,2.3671786785125732,1.4143847227096558,2.0487183809280394,2.2366714477539062,2.1770503222942352,1.9115129709243774,2.330936551094055,2.3385276794433594,1.4335343837738037
2.0064222945107355,0,2.0446697950363157,2.230593681335449,2.1680948138237,1.8944385051727295,2.3419660329818726,2.3671786785125732,1.4143847227096558,2.0487183809280394,2.2366714477539062,2.1770503222942352,1.9115129709243774,2.330936551094055,2.3385276794433594,1.4335343837738037
2.0173486471176147,2.0700430870056152,2.0446697950363157,2.230593681335449,2.1680948138237,1.8944385051727295,2.3419660329818726,2.3671786785125732,1.4143847227096558,2.0700430870056152,2.163684368133545,2.1433778405189514,1.9170784950256348,2.39747416973114,2.465884208679199,1.4745042324066162
2.0169433090421887,0,2.0446697950363157,2.230593681335449,2.1680948138237,1.8944385051727295,2.3419660329818726,2.3671786785125732,1.4143847227096558,2.0700430870056152,2.163684368133545,2.1433778405189514,1.9170784950256348,2.39747416973114,2.465884208679199,1.4745042324066162
2.027829501363966,2.045920991897583,2.0446697950363157,2.230593681335449,2.1680948138237,1.8944385051727295,2.3419660329818726,2.3671786785125732,1.4143847227096558,2.045920991897583,2.226158380508423,2.1612528562545776,1.8743948936462402,2.349279046058655,2.380258321762085,1.4304935932159424
2.0158825980292425,0,2.0446697950363157,2.230593681335449,2.1680948138237,1.8944385051727295,2.3419660329818726,2.3671786785125732,1.4143847227096558,2.045920991897583,2.226158380508423,2.1612528562545776,1.8743948936462402,2.349279046058655,2.380258321762085,1.4304935932159424
2.02681745423211,2.108558773994446,2.0446697950363157,2.230593681335449,2.1680948138237,1.8944385051727295,2.3419660329818726,2.3671786785125732,1.4143847227096558,2.108558773994446,2.152278423309326,2.15047287940979,1.9584593772888184,2.4474676847457886,2.5560600757598877,1.5371206998825073
2.028656972779168,0,2.0446697950363157,2.230593681335449,2.1680948138237,1.8944385051727295,2.3419660329818726,2.3671786785125732,1.4143847227096558,2.108558773994446,2.152278423309326,2.15047287940979,1.9584593772888184,2.4474676847457886,2.5560600757598877,1.5371206998825073
1.9707795249091253,2.0932575941085814,2.0446697950363157,2.230593681335449,2.1680948138237,1.8944385051727295,2.3419660329818726,2.3671786785125732,1.4143847227096558,2.0932575941085814,2.1546075344085693,2.1478293538093567,1.9565753936767578,2.4147608280181885,2.5039947032928467,1.5255833864212036
2.0514392720328436,0,2.0446697950363157,2.230593681335449,2.1680948138237,1.8944385051727295,2.3419660329818726,2.3671786785125732,1.4143847227096558,2.0932575941085814,2.1546075344085693,2.1478293538093567,1.9565753936767578,2.4147608280181885,2.5039947032928467,1.5255833864212036
2.0918685330284967,2.100308656692505,2.0446697950363157,2.230593681335449,2.1680948138237,1.8944385051727295,2.3419660329818726,2.3671786785125732,1.4143847227096558,2.100308656692505,2.1609177589416504,2.148078054189682,1.9362105131149292,2.4410420656204224,2.5478179454803467,1.5223308801651
2.072531368997362,0,2.0446697950363157,2.230593681335449,2.1680948138237,1.8944385051727295,2.3419660329818726,2.3671786785125732,1.4143847227096558,2.100308656692505,2.1609177589416504,2.148078054189682,1.9362105131149292,2.4410420656204224,2.5478179454803467,1.5223308801651
2.1935937537087336,2.1871049404144287,2.0446697950363157,2.230593681335449,2.1680948138237,1.8944385051727295,2.3419660329818726,2.3671786785125732,1.4143847227096558,2.1871049404144287,2.315875291824341,2.27250212430954,1.9613020420074463,2.5323760509490967,2.567796230316162,1.593595266342163
2.133773234155443,0,2.0446697950363157,2.230593681335449,2.1680948138237,1.8944385051727295,2.3419660329818726,2.3671786785125732,1.4143847227096558,2.1871049404144287,2.315875291824341,2.27250212430954,1.9613020420074463,2.5323760509490967,2.567796230316162,1.593595266342163
2.161275267601013,2.4296016693115234,2.0446697950363157,2.230593681335449,2.1680948138237,1.8944385051727295,2.3419660329818726,2.3671786785125732,1.4143847227096558,2.4296016693115234,2.3583827018737793,2.3747423887252808,2.242443561553955,2.7672812938690186,2.9948019981384277,2.0126194953918457
2.3009578122033014,0,2.0446697950363157,2.230593681335449,2.1680948138237,1.8944385051727295,2.3419660329818726,2.3671786785125732,1.4143847227096558,2.4296016693115234,2.3583827018737793,2.3747423887252808,2.242443561553955,2.7672812938690186,2.9948019981384277,2.0126194953918457
2.1701214710871377,2.0483489990234376,2.0446697950363157,2.230593681335449,2.1680948138237,1.8944385051727295,2.3419660329818726,2.3671786785125732,1.4143847227096558,2.0483489990234376,2.2113037109375,2.1530318558216095,1.8689090013504028,2.362298369407654,2.4039857387542725,1.436935544013977
2.1834938526153564,0,2.0446697950363157,2.230593681335449,2.1680948138237,1.8944385051727295,2.3419660329818726,2.3671786785125732,1.4143847227096558,2.0483489990234376,2.2113037109375,2.1530318558216095,1.8689090013504028,2.362298369407654,2.4039857387542725,1.436935544013977
2.1938201321495905,2.089449715614319,2.0446697950363157,2.230593681335449,2.1680948138237,1.8944385051727295,2.3419660329818726,2.3671786785125732,1.4143847227096558,2.089449715614319,2.3568286895751953,2.2451187074184418,1.8939017057418823,2.374850273132324,2.3767848014831543,1.4468176364898682
2.0410399304495916,0,2.0446697950363157,2.230593681335449,2.1680948138237,1.8944385051727295,2.3419660329818726,2.3671786785125732,1.4143847227096558,2.089449715614319,2.3568286895751953,2.2451187074184418,1.8939017057418823,2.374850273132324,2.3767848014831543,1.4468176364898682
2.0256503555509777,2.1340194225311278,2.0446697950363157,2.230593681335449,2.1680948138237,1.8944385051727295,2.3419660329818726,2.3671786785125732,1.4143847227096558,2.1340194225311278,2.1572964191436768,2.160650998353958,1.965622067451477,2.480651021003723,2.5989129543304443,1.5858765840530396
2.044457687271966,0,2.0446697950363157,2.230593681335449,2.1680948138237,1.8944385051727295,2.3419660329818726,2.3671786785125732,1.4143847227096558,2.1340194225311278,2.1572964191436768,2.160650998353958,1.965622067451477,2.480651021003723,2.5989129543304443,1.5858765840530396
2.014893094698588,2.05174777507782,2.0446697950363157,2.230593681335449,2.1680948138237,1.8944385051727295,2.3419660329818726,2.3671786785125732,1.4143847227096558,2.05174777507782,2.2782208919525146,2.1903044283390045,1.8704332113265991,2.337097644805908,2.3398525714874268,1.435889482498169
2.025782744089762,0,2.0446697950363157,2.230593681335449,2.1680948138237,1.8944385051727295,2.3419660329818726,2.3671786785125732,1.4143847227096558,2.05174777507782,2.2782208919525146,2.1903044283390045,1.8704332113265991,2.337097644805908,2.3398525714874268,1.435889482498169
2.130862553914388,2.279964637756348,2.0446697950363157,2.230593681335449,2.1680948138237,1.8944385051727295,2.3419660329818726,2.3671786785125732,1.4143847227096558,2.279964637756348,2.2505645751953125,2.2633636593818665,2.111562728881836,2.6171714067459106,2.7935800552368164,1.8033530712127686
2.0559546682569714,0,2.0446697950363157,2.230593681335449,2.1680948138237,1.8944385051727295,2.3419660329818726,2.3671786785125732,1.4143847227096558,2.279964637756348,2.2505645751953125,2.2633636593818665,2.111562728881836,2.6171714067459106,2.7935800552368164,1.8033530712127686
2.0029644701215954,2.1432685613632203,2.0446697950363157,2.230593681335449,2.1680948138237,1.8944385051727295,2.3419660329818726,2.3671786785125732,1.4143847227096558,2.1432685613632203,2.1739866733551025,2.169884532690048,1.9642404317855835,2.48987078666687,2.612417221069336,1.5983741283416748
2.0246576600604587,0,2.0446697950363157,2.230593681335449,2.1680948138237,1.8944385051727295,2.3419660329818726,2.3671786785125732,1.4143847227096558,2.1432685613632203,2.1739866733551025,2.169884532690048,1.9642404317855835,2.48987078666687,2.612417221069336,1.5983741283416748
2.0553580390082464,2.0443989515304564,2.0443989515304564,2.2408504486083984,2.1639004945755005,1.859208106994629,2.343192219734192,2.3716914653778076,1.4355517625808716,2.0443989515304564,2.2408504486083984,2.1639004945755005,1.859208106994629,2.343192219734192,2.3716914653778076,1.4355517625808716
1.9885313510894775,0,2.0443989515304564,2.2408504486083984,2.1639004945755005,1.859208106994629,2.343192219734192,2.3716914653778076,1.4355517625808716,2.0443989515304564,2.2408504486083984,2.1639004945755005,1.859208106994629,2.343192219734192,2.3716914653778076,1.4355517625808716
2.0872520208358765,2.065184998512268,2.0443989515304564,2.2408504486083984,2.1639004945755005,1.859208106994629,2.343192219734192,2.3716914653778076,1.4355517625808716,2.065184998512268,2.295638084411621,2.1995241045951843,1.8610107898712158,2.347938895225525,2.3500683307647705,1.4733983278274536
2.009516437848409,0,2.0443989515304564,2.2408504486083984,2.1639004945755005,1.859208106994629,2.343192219734192,2.3716914653778076,1.4355517625808716,2.065184998512268,2.295638084411621,2.1995241045951843,1.8610107898712158,2.347938895225525,2.3500683307647705,1.4733983278274536
2.010046190685696,2.1044636011123656,2.0443989515304564,2.2408504486083984,2.1639004945755005,1.859208106994629,2.343192219734192,2.3716914653778076,1.4355517625808716,2.1044636011123656,2.1571521759033203,2.1485197842121124,1.9383646249771118,2.435194969177246,2.528979778289795,1.5564112663269043
2.0021905369228787,0,2.0443989515304564,2.2408504486083984,2.1639004945755005,1.859208106994629,2.343192219734192,2.3716914653778076,1.4355517625808716,2.1044636011123656,2.1571521759033203,2.1485197842121124,1.9383646249771118,2.435194969177246,2.528979778289795,1.5564112663269043
2.0291715727912054,2.067793369293213,2.0443989515304564,2.2408504486083984,2.1639004945755005,1.859208106994629,2.343192219734192,2.3716914653778076,1.4355517625808716,2.067793369293213,2.170640230178833,2.1417338252067566,1.9098279476165771,2.388808846473694,2.4617908000946045,1.4808809757232666
1.980692942937215,0,2.0443989515304564,2.2408504486083984,2.1639004945755005,1.859208106994629,2.343192219734192,2.3716914653778076,1.4355517625808716,2.067793369293213,2.170640230178833,2.1417338252067566,1.9098279476165771,2.388808846473694,2.4617908000946045,1.4808809757232666
2.001991868019104,2.0902928352355956,2.0443989515304564,2.2408504486083984,2.1639004945755005,1.859208106994629,2.343192219734192,2.3716914653778076,1.4355517625808716,2.0902928352355956,2.165452480316162,2.1478883624076843,1.939918041229248,2.4139952659606934,2.5072600841522217,1.5181031227111816
2.016934381590949,0,2.0443989515304564,2.2408504486083984,2.1639004945755005,1.859208106994629,2.343192219734192,2.3716914653778076,1.4355517625808716,2.0902928352355956,2.165452480316162,2.1478883624076843,1.939918041229248,2.4139952659606934,2.5072600841522217,1.5181031227111816
2.041632480091519,2.119671630859375,2.0443989515304564,2.2408504486083984,2.1639004945755005,1.859208106994629,2.343192219734192,2.3716914653778076,1.4355517625808716,2.119671630859375,2.3174657821655273,2.243938386440277,1.9337131977081299,2.4209022521972656,2.4346957206726074,1.5053746700286865
2.0649401479297214,0,2.0443989515304564,2.2408504486083984,2.1639004945755005,1.859208106994629,2.343192219734192,2.3716914653778076,1.4355517625808716,2.119671630859375,2.3174657821655273,2.243938386440277,1.9337131977081299,2.4209022521972656,2.4346957206726074,1.5053746700286865
2.1210539605882435,2.1579882860183717,2.0443989515304564,2.2408504486083984,2.1639004945755005,1.859208106994629,2.343192219734192,2.3716914653778076,1.4355517625808716,2.1579882860183717,2.3100337982177734,2.257230907678604,1.9570804834365845,2.4811577796936035,2.510540008544922,1.560511589050293
2.0881151623196073,0,2.0443989515304564,2.2408504486083984,2.1639004945755005,1.859208106994629,2.343192219734192,2.3716914653778076,1.4355517625808716,2.1579882860183717,2.3100337982177734,2.257230907678604,1.9570804834365845,2.4811577796936035,2.510540008544922,1.560511589050293
2.048385606871711,2.1012877941131594,2.0443989515304564,2.2408504486083984,2.1639004945755005,1.859208106994629,2.343192219734192,2.3716914653778076,1.4355517625808716,2.1012877941131594,2.167280673980713,2.1488326489925385,1.9331492185592651,2.4311381578445435,2.534656286239624,1.543732762336731
1.9954332113265991,0,2.0443989515304564,2.2408504486083984,2.1639004945755005,1.859208106994629,2.343192219734192,2.3716914653778076,1.4355517625808716,2.1012877941131594,2.167280673980713,2.1488326489925385,1.9331492185592651,2.4311381578445435,2.534656286239624,1.543732762336731
2.1230120129055448,2.079740071296692,2.0443989515304564,2.2408504486083984,2.1639004945755005,1.859208106994629,2.343192219734192,2.3716914653778076,1.4355517625808716,2.079740071296692,2.170130968093872,2.142261415719986,1.9221636056900024,2.3953816890716553,2.4841432571411133,1.5156424045562744
2.039904991785685,0,2.0443989515304564,2.2408504486083984,2.1639004945755005,1.859208106994629,2.343192219734192,2.3716914653778076,1.4355517625808716,2.079740071296692,2.170130968093872,2.142261415719986,1.9221636056900024,2.3953816890716553,2.4841432571411133,1.5156424045562744
2.0985799762937756,2.143870782852173,2.0443989515304564,2.2408504486083984,2.1639004945755005,1.859208106994629,2.343192219734192,2.3716914653778076,1.4355517625808716,2.143870782852173,2.3335647583007812,2.260850727558136,1.9527404308319092,2.448559284210205,2.473585605621338,1.5359301567077637
2.0557327932781644,0,2.0443989515304564,2.2408504486083984,2.1639004945755005,1.859208106994629,2.343192219734192,2.3716914653778076,1.4355517625808716,2.143870782852173,2.3335647583007812,2.260850727558136,1.9527404308319092,2.448559284210205,2.473585605621338,1.5359301567077637
1.9858801497353449,2.044017457962036,2.044017457962036,2.2078757286071777,2.1468079686164856,1.8679718971252441,2.3500969409942627,2.3966853618621826,1.4440457820892334,2.044017457962036,2.2078757286071777,2.1468079686164856,1.8679718971252441,2.3500969409942627,2.3966853618621826,1.4440457820892334
2.0284670856263904,0,2.044017457962036,2.2078757286071777,2.1468079686164856,1.8679718971252441,2.3500969409942627,2.3966853618621826,1.4440457820892334,2.044017457962036,2.2078757286071777,2.1468079686164856,1.8679718971252441,2.3500969409942627,2.3966853618621826,1.4440457820892334
2.016971402698093,2.1553705453872682,2.044017457962036,2.2078757286071777,2.1468079686164856,1.8679718971252441,2.3500969409942627,2.3966853618621826,1.4440457820892334,2.1553705453872682,2.1682872772216797,2.1738137006759644,1.9972553253173828,2.4842296838760376,2.60703444480896,1.6428507566452026
2.0084889597362943,0,2.044017457962036,2.2078757286071777,2.1468079686164856,1.8679718971252441,2.3500969409942627,2.3966853618621826,1.4440457820892334,2.1553705453872682,2.1682872772216797,2.1738137006759644,1.9972553253173828,2.4842296838760376,2.60703444480896,1.6428507566452026
1.9676147434446547,2.043286108970642,2.043286108970642,2.1879091262817383,2.1407857537269592,1.874732494354248,2.347299337387085,2.3820064067840576,1.4591902494430542,2.043286108970642,2.1879091262817383,2.1407857537269592,1.874732494354248,2.347299337387085,2.3820064067840576,1.4591902494430542
2.0123939514160156,0,2.043286108970642,2.1879091262817383,2.1407857537269592,1.874732494354248,2.347299337387085,2.3820064067840576,1.4591902494430542,2.043286108970642,2.1879091262817383,2.1407857537269592,1.874732494354248,2.347299337387085,2.3820064067840576,1.4591902494430542
2.007840222782559,2.0454389333724974,2.043286108970642,2.1879091262817383,2.1407857537269592,1.874732494354248,2.347299337387085,2.3820064067840576,1.4591902494430542,2.0454389333724974,2.2645468711853027,2.1815687119960785,1.8763185739517212,2.3260804414749146,2.331298351287842,1.4341683387756348
1.974930829472012,0,2.043286108970642,2.1879091262817383,2.1407857537269592,1.874732494354248,2.347299337387085,2.3820064067840576,1.4591902494430542,2.0454389333724974,2.2645468711853027,2.1815687119960785,1.8763185739517212,2.3260804414749146,2.331298351287842,1.4341683387756348
2.0063194831212363,2.078895401954651,2.043286108970642,2.1879091262817383,2.1407857537269592,1.874732494354248,2.347299337387085,2.3820064067840576,1.4591902494430542,2.078895401954651,2.1663379669189453,2.143790900707245,1.929466962814331,2.3926256895065308,2.4722306728363037,1.5134207010269165
2.009310007095337,0,2.043286108970642,2.1879091262817383,2.1407857537269592,1.874732494354248,2.347299337387085,2.3820064067840576,1.4591902494430542,2.078895401954651,2.1663379669189453,2.143790900707245,1.929466962814331,2.3926256895065308,2.4722306728363037,1.5134207010269165
2.04249902566274,2.1502657651901247,2.043286108970642,2.1879091262817383,2.1407857537269592,1.874732494354248,2.347299337387085,2.3820064067840576,1.4591902494430542,2.1502657651901247,2.1763055324554443,2.1743767857551575,1.9857947826385498,2.4916815757751465,2.6242618560791016,1.6058653593063354
2.0393484698401556,0,2.043286108970642,2.1879091262817383,2.1407857537269592,1.874732494354248,2.347299337387085,2.3820064067840576,1.4591902494430542,2.1502657651901247,2.1763055324554443,2.1743767857551575,1.9857947826385498,2.4916815757751465,2.6242618560791016,1.6058653593063354
2.023785697089301,2.0486661911010744,2.043286108970642,2.1879091262817383,2.1407857537269592,1.874732494354248,2.347299337387085,2.3820064067840576,1.4591902494430542,2.0486661911010744,2.2325122356414795,2.1657842993736267,1.8846821784973145,2.353569507598877,2.3937084674835205,1.4189975261688232
1.9959912167655096,0,2.043286108970642,2.1879091262817383,2.1407857537269592,1.874732494354248,2.347299337387085,2.3820064067840576,1.4591902494430542,2.0486661911010744,2.2325122356414795,2.1657842993736267,1.8846821784973145,2.353569507598877,2.3937084674835205,1.4189975261688232
1.9819173680411444,2.0701649665832518,2.043286108970642,2.1879091262817383,2.1407857537269592,1.874732494354248,2.347299337387085,2.3820064067840576,1.4591902494430542,2.0701649665832518,2.329772472381592,2.222608268260956,1.8852381706237793,2.347842216491699,2.350034475326538,1.4401297569274902
2.0654810004764133,0,2.043286108970642,2.1879091262817383,2.1407857537269592,1.874732494354248,2.347299337387085,2.3820064067840576,1.4591902494430542,2.0701649665832518,2.329772472381592,2.222608268260956,1.8852381706237793,2.347842216491699,2.350034475326538,1.4401297569274902
2.071954886118571,2.0677566528320312,2.043286108970642,2.1879091262817383,2.1407857537269592,1.874732494354248,2.347299337387085,2.3820064067840576,1.4591902494430542,2.0677566528320312,2.1678807735443115,2.1400119066238403,1.909419059753418,2.387293219566345,2.45971941947937,1.4868969917297363
2.016274174054464,0,2.043286108970642,2.1879091262817383,2.1407857537269592,1.874732494354248,2.347299337387085,2.3820064067840576,1.4591902494430542,2.0677566528320312,2.1678807735443115,2.1400119066238403,1.909419059753418,2.387293219566345,2.45971941947937,1.4868969917297363
2.0775360001458063,2.0643579244613646,2.043286108970642,2.1879091262817383,2.1407857537269592,1.874732494354248,2.347299337387085,2.3820064067840576,1.4591902494430542,2.0643579244613646,2.1674461364746094,2.139708310365677,1.9103461503982544,2.3779261112213135,2.4422574043273926,1.488145112991333
2.0068612231148615,0,2.043286108970642,2.1879091262817383,2.1407857537269592,1.874732494354248,2.347299337387085,2.3820064067840576,1.4591902494430542,2.0643579244613646,2.1674461364746094,2.139708310365677,1.9103461503982544,2.3779261112213135,2.4422574043273926,1.488145112991333
1.9928631252712674,2.1016881465911865,2.043286108970642,2.1879091262817383,2.1407857537269592,1.874732494354248,2.347299337387085,2.3820064067840576,1.4591902494430542,2.1016881465911865,2.152172088623047,2.14716774225235,1.9502205848693848,2.4245041608810425,2.514902114868164,1.557039737701416
2.003883401552836,0,2.043286108970642,2.1879091262817383,2.1407857537269592,1.874732494354248,2.347299337387085,2.3820064067840576,1.4591902494430542,2.1016881465911865,2.152172088623047,2.14716774225235,1.9502205848693848,2.4245041608810425,2.514902114868164,1.557039737701416
2.012320637702942,2.1304911851882933,2.043286108970642,2.1879091262817383,2.1407857537269592,1.874732494354248,2.347299337387085,2.3820064067840576,1.4591902494430542,2.1304911851882933,2.1557564735412598,2.1598121225833893,1.9709731340408325,2.4626920223236084,2.5686216354370117,1.6003422737121582
2.0681767198774548,0,2.043286108970642,2.1879091262817383,2.1407857537269592,1.874732494354248,2.347299337387085,2.3820064067840576,1.4591902494430542,2.1304911851882933,2.1557564735412598,2.1598121225833893,1.9709731340408325,2.4626920223236084,2.5686216354370117,1.6003422737121582
1.9922970665825739,2.064484691619873,2.043286108970642,2.1879091262817383,2.1407857537269592,1.874732494354248,2.347299337387085,2.3820064067840576,1.4591902494430542,2.064484691619873,2.228761672973633,2.180289626121521,1.9314069747924805,2.344570755958557,2.3569133281707764,1.4731132984161377
1.9879865381452773,0,2.043286108970642,2.1879091262817383,2.1407857537269592,1.874732494354248,2.347299337387085,2.3820064067840576,1.4591902494430542,2.064484691619873,2.228761672973633,2.180289626121521,1.9314069747924805,2.344570755958557,2.3569133281707764,1.4731132984161377
1.9704633686277602,2.047285318374634,2.043286108970642,2.1879091262817383,2.1407857537269592,1.874732494354248,2.347299337387085,2.3820064067840576,1.4591902494430542,2.047285318374634,2.206186532974243,2.1601932644844055,1.9038481712341309,2.3349647521972656,2.3453776836395264,1.4564623832702637
1.9789395597245958,0,2.043286108970642,2.1879091262817383,2.1407857537269592,1.874732494354248,2.347299337387085,2.3820064067840576,1.4591902494430542,2.047285318374634,2.206186532974243,2.1601932644844055,1.9038481712341309,2.3349647521972656,2.3453776836395264,1.4564623832702637
2.0531698995166354,2.050003457069397,2.043286108970642,2.1879091262817383,2.1407857537269592,1.874732494354248,2.347299337387085,2.3820064067840576,1.4591902494430542,2.050003457069397,2.1824216842651367,2.146473228931427,1.8992397785186768,2.3545238971710205,2.387238025665283,1.4593080282211304
2.01773648791843,0,2.043286108970642,2.1879091262817383,2.1407857537269592,1.874732494354248,2.347299337387085,2.3820064067840576,1.4591902494430542,2.050003457069397,2.1824216842651367,2.146473228931427,1.8992397785186768,2.3545238971710205,2.387238025665283,1.4593080282211304
2.0095132854249744,2.0439319133758547,2.043286108970642,2.1879091262817383,2.1407857537269592,1.874732494354248,2.347299337387085,2.3820064067840576,1.4591902494430542,2.0439319133758547,2.2440874576568604,2.1668748259544373,1.85054612159729,2.3429073095321655,2.3570363521575928,1.439211368560791
1.9719399611155193,0,2.043286108970642,2.1879091262817383,2.1407857537269592,1.874732494354248,2.347299337387085,2.3820064067840576,1.4591902494430542,2.0439319133758547,2.2440874576568604,2.1668748259544373,1.85054612159729,2.3429073095321655,2.3570363521575928,1.439211368560791
2.016347328821818,2.055807185173035,2.043286108970642,2.1879091262817383,2.1407857537269592,1.874732494354248,2.347299337387085,2.3820064067840576,1.4591902494430542,2.055807185173035,2.1704678535461426,2.140045791864395,1.8959847688674927,2.36936616897583,2.4154696464538574,1.473850965499878
2.0142945051193237,0,2.043286108970642,2.1879091262817383,2.1407857537269592,1.874732494354248,2.347299337387085,2.3820064067840576,1.4591902494430542,2.055807185173035,2.1704678535461426,2.140045791864395,1.8959847688674927,2.36936616897583,2.4154696464538574,1.473850965499878
1.9644119607077704,2.0501594305038453,2.043286108970642,2.1879091262817383,2.1407857537269592,1.874732494354248,2.347299337387085,2.3820064067840576,1.4591902494430542,2.0501594305038453,2.194633960723877,2.155271887779236,1.906419277191162,2.3473914861679077,2.369382619857788,1.4549609422683716
2.00967276096344,0,2.043286108970642,2.1879091262817383,2.1407857537269592,1.874732494354248,2.347299337387085,2.3820064067840576,1.4591902494430542,2.0501594305038453,2.194633960723877,2.155271887779236,1.906419277191162,2.3473914861679077,2.369382619857788,1.4549609422683716
2.0441113710403442,2.0916671752929688,2.043286108970642,2.1879091262817383,2.1407857537269592,1.874732494354248,2.347299337387085,2.3820064067840576,1.4591902494430542,2.0916671752929688,2.2787489891052246,2.2146227955818176,1.9375526905059814,2.379610300064087,2.395780086517334,1.4828135967254639
2.008452150556776,0,2.043286108970642,2.1879091262817383,2.1407857537269592,1.874732494354248,2.347299337387085,2.3820064067840576,1.4591902494430542,2.0916671752929688,2.2787489891052246,2.2146227955818176,1.9375526905059814,2.379610300064087,2.395780086517334,1.4828135967254639
2.0022743940353394,2.058865857124329,2.043286108970642,2.1879091262817383,2.1407857537269592,1.874732494354248,2.347299337387085,2.3820064067840576,1.4591902494430542,2.058865857124329,2.221487045288086,2.176144927740097,1.9242905378341675,2.3458456993103027,2.3543763160705566,1.4568603038787842
1.9989368915557861,0,2.043286108970642,2.1879091262817383,2.1407857537269592,1.874732494354248,2.347299337387085,2.3820064067840576,1.4591902494430542,2.058865857124329,2.221487045288086,2.176144927740097,1.9242905378341675,2.3458456993103027,2.3543763160705566,1.4568603038787842
1.9929476843939886,2.1793773412704467,2.043286108970642,2.1879091262817383,2.1407857537269592,1.874732494354248,2.347299337387085,2.3820064067840576,1.4591902494430542,2.1793773412704467,2.1775271892547607,2.1950326561927795,2.013054847717285,2.5162127017974854,2.620404005050659,1.6738792657852173
2.0917210314008923,0,2.043286108970642,2.1879091262817383,2.1407857537269592,1.874732494354248,2.347299337387085,2.3820064067840576,1.4591902494430542,2.1793773412704467,2.1775271892547607,2.1950326561927795,2.013054847717285,2.5162127017974854,2.620404005050659,1.6738792657852173
2.0011182361178927,2.171751546859741,2.043286108970642,2.1879091262817383,2.1407857537269592,1.874732494354248,2.347299337387085,2.3820064067840576,1.4591902494430542,2.171751546859741,2.167436122894287,2.1853928565979004,2.0236029624938965,2.4944260120391846,2.6057558059692383,1.6788666248321533
1.9943646722369723,0,2.043286108970642,2.1879091262817383,2.1407857537269592,1.874732494354248,2.347299337387085,2.3820064067840576,1.4591902494430542,2.171751546859741,2.167436122894287,2.1853928565979004,2.0236029624938965,2.4944260120391846,2.6057558059692383,1.6788666248321533
2.0117111206054688,2.0436527252197267,2.043286108970642,2.1879091262817383,2.1407857537269592,1.874732494354248,2.347299337387085,2.3820064067840576,1.4591902494430542,2.0436527252197267,2.231795310974121,2.161720335483551,1.853553056716919,2.339573383331299,2.3494091033935547,1.4537684917449951
2.0077440473768444,0,2.043286108970642,2.1879091262817383,2.1407857537269592,1.874732494354248,2.347299337387085,2.3820064067840576,1.4591902494430542,2.0436527252197267,2.231795310974121,2.161720335483551,1.853553056716919,2.339573383331299,2.3494091033935547,1.4537684917449951
1.969472951359219,2.0387609720230104,2.0387609720230104,2.226375102996826,2.1599017083644867,1.8567255735397339,2.3329803943634033,2.335829734802246,1.4447433948516846,2.0387609720230104,2.226375102996826,2.1599017083644867,1.8567255735397339,2.3329803943634033,2.335829734802246,1.4447433948516846
1.9626129865646362,0,2.0387609720230104,2.226375102996826,2.1599017083644867,1.8567255735397339,2.3329803943634033,2.335829734802246,1.4447433948516846,2.0387609720230104,2.226375102996826,2.1599017083644867,1.8567255735397339,2.3329803943634033,2.335829734802246,1.4447433948516846
1.9938601917690701,2.053364300727844,2.0387609720230104,2.226375102996826,2.1599017083644867,1.8567255735397339,2.3329803943634033,2.335829734802246,1.4447433948516846,2.053364300727844,2.167217254638672,2.141471415758133,1.8897110223770142,2.365254521369934,2.3887689113616943,1.479384183883667
2.0196900765101113,0,2.0387609720230104,2.226375102996826,2.1599017083644867,1.8567255735397339,2.3329803943634033,2.335829734802246,1.4447433948516846,2.053364300727844,2.167217254638672,2.141471415758133,1.8897110223770142,2.365254521369934,2.3887689113616943,1.479384183883667
1.9841506216261122,2.0656434297561646,2.0387609720230104,2.226375102996826,2.1599017083644867,1.8567255735397339,2.3329803943634033,2.335829734802246,1.4447433948516846,2.0656434297561646,2.196925163269043,2.169360399246216,1.9426758289337158,2.350055694580078,2.3591959476470947,1.4885047674179077
2.0212746328777738,0,2.0387609720230104,2.226375102996826,2.1599017083644867,1.8567255735397339,2.3329803943634033,2.335829734802246,1.4447433948516846,2.0656434297561646,2.196925163269043,2.169360399246216,1.9426758289337158,2.350055694580078,2.3591959476470947,1.4885047674179077
2.012072616153293,2.046724629402161,2.0387609720230104,2.226375102996826,2.1599017083644867,1.8567255735397339,2.3329803943634033,2.335829734802246,1.4447433948516846,2.046724629402161,2.1812992095947266,2.1496680080890656,1.9094067811965942,2.3345123529434204,2.342357873916626,1.4738924503326416
1.9962032900916205,0,2.0387609720230104,2.226375102996826,2.1599017083644867,1.8567255735397339,2.3329803943634033,2.335829734802246,1.4447433948516846,2.046724629402161,2.1812992095947266,2.1496680080890656,1.9094067811965942,2.3345123529434204,2.342357873916626,1.4738924503326416
1.9729935460620456,2.043370819091797,2.0387609720230104,2.226375102996826,2.1599017083644867,1.8567255735397339,2.3329803943634033,2.335829734802246,1.4447433948516846,2.043370819091797,2.1852970123291016,2.143932580947876,1.8823871612548828,2.3450405597686768,2.3673319816589355,1.4590888023376465
1.977379149860806,0,2.0387609720230104,2.226375102996826,2.1599017083644867,1.8567255735397339,2.3329803943634033,2.335829734802246,1.4447433948516846,2.043370819091797,2.1852970123291016,2.143932580947876,1.8823871612548828,2.3450405597686768,2.3673319816589355,1.4590888023376465
1.9889246225357056,2.1195688486099242,2.0387609720230104,2.226375102996826,2.1599017083644867,1.8567255735397339,2.3329803943634033,2.335829734802246,1.4447433948516846,2.1195688486099242,2.1570544242858887,2.1592251658439636,1.960080862045288,2.445251226425171,2.5277915000915527,1.590206503868103
2.0184732808007135,0,2.0387609720230104,2.226375102996826,2.1599017083644867,1.8567255735397339,2.3329803943634033,2.335829734802246,1.4447433948516846,2.1195688486099242,2.1570544242858887,2.1592251658439636,1.960080862045288,2.445251226425171,2.5277915000915527,1.590206503868103
1.9745217164357503,2.033862590789795,2.033862590789795,2.239150285720825,2.1609761118888855,1.8656213283538818,2.3138904571533203,2.327798366546631,1.436760425567627,2.033862590789795,2.239150285720825,2.1609761118888855,1.8656213283538818,2.3138904571533203,2.327798366546631,1.436760425567627
1.9706077178319295,0,2.033862590789795,2.239150285720825,2.1609761118888855,1.8656213283538818,2.3138904571533203,2.327798366546631,1.436760425567627,2.033862590789795,2.239150285720825,2.1609761118888855,1.8656213283538818,2.3138904571533203,2.327798366546631,1.436760425567627
2.0077194770177207,2.064747166633606,2.033862590789795,2.239150285720825,2.1609761118888855,1.8656213283538818,2.3138904571533203,2.327798366546631,1.436760425567627,2.064747166633606,2.162071704864502,2.142727881669998,1.9200230836868286,2.369800567626953,2.412856101989746,1.502039909362793
1.965998027059767,0,2.033862590789795,2.239150285720825,2.1609761118888855,1.8656213283538818,2.3138904571533203,2.327798366546631,1.436760425567627,2.064747166633606,2.162071704864502,2.142727881669998,1.9200230836868286,2.369800567626953,2.412856101989746,1.502039909362793
1.9780364036560059,2.0574674129486086,2.033862590789795,2.239150285720825,2.1609761118888855,1.8656213283538818,2.3138904571533203,2.327798366546631,1.436760425567627,2.0574674129486086,2.1897847652435303,2.148766338825226,1.8829405307769775,2.3708059787750244,2.4090566635131836,1.4729998111724854
1.983397987153795,0,2.033862590789795,2.239150285720825,2.1609761118888855,1.8656213283538818,2.3138904571533203,2.327798366546631,1.436760425567627,2.0574674129486086,2.1897847652435303,2.148766338825226,1.8829405307769775,2.3708059787750244,2.4090566635131836,1.4729998111724854
2.0251677301194935,2.1031384468078613,2.033862590789795,2.239150285720825,2.1609761118888855,1.8656213283538818,2.3138904571533203,2.327798366546631,1.436760425567627,2.1031384468078613,2.1699767112731934,2.157299816608429,1.9272639751434326,2.432121992111206,2.5022621154785156,1.5542075634002686
2.0387695365481906,0,2.033862590789795,2.239150285720825,2.1609761118888855,1.8656213283538818,2.3138904571533203,2.327798366546631,1.436760425567627,2.1031384468078613,2.1699767112731934,2.157299816608429,1.9272639751434326,2.432121992111206,2.5022621154785156,1.5542075634002686
1.9816522200902302,2.039922833442688,2.033862590789795,2.239150285720825,2.1609761118888855,1.8656213283538818,2.3138904571533203,2.327798366546631,1.436760425567627,2.039922833442688,2.257136821746826,2.166608512401581,1.8903963565826416,2.302111268043518,2.342458486557007,1.447858452796936
2.0257891416549683,0,2.033862590789795,2.239150285720825,2.1609761118888855,1.8656213283538818,2.3138904571533203,2.327798366546631,1.436760425567627,2.039922833442688,2.257136821746826,2.166608512401581,1.8903963565826416,2.302111268043518,2.342458486557007,1.447858452796936
1.977643569310506,2.0476626634597777,2.033862590789795,2.239150285720825,2.1609761118888855,1.8656213283538818,2.3138904571533203,2.327798366546631,1.436760425567627,2.0476626634597777,2.2441370487213135,2.1685384809970856,1.8899208307266235,2.3252296447753906,2.3545002937316895,1.453796148300171
1.9868004586961534,0,2.033862590789795,2.239150285720825,2.1609761118888855,1.8656213283538818,2.3138904571533203,2.327798366546631,1.436760425567627,2.0476626634597777,2.2441370487213135,2.1685384809970856,1.8899208307266235,2.3252296447753906,2.3545002937316895,1.453796148300171
1.963558766576979,2.0403470277786253,2.033862590789795,2.239150285720825,2.1609761118888855,1.8656213283538818,2.3138904571533203,2.327798366546631,1.436760425567627,2.0403470277786253,2.2087371349334717,2.1545740962028503,1.9032597541809082,2.315808653831482,2.334054946899414,1.4581209421157837
1.9982730680041842,0,2.033862590789795,2.239150285720825,2.1609761118888855,1.8656213283538818,2.3138904571533203,2.327798366546631,1.436760425567627,2.0403470277786253,2.2087371349334717,2.1545740962028503,1.9032597541809082,2.315808653831482,2.334054946899414,1.4581209421157837
2.0213220251931086,2.086495780944824,2.033862590789795,2.239150285720825,2.1609761118888855,1.8656213283538818,2.3138904571533203,2.327798366546631,1.436760425567627,2.086495780944824,2.2356820106506348,2.1910723447799683,1.981208324432373,2.3382948637008667,2.364872694015503,1.5389988422393799
1.9975838396284316,0,2.033862590789795,2.239150285720825,2.1609761118888855,1.8656213283538818,2.3138904571533203,2.327798366546631,1.436760425567627,2.086495780944824,2.2356820106506348,2.1910723447799683,1.981208324432373,2.3382948637008667,2.364872694015503,1.5389988422393799
2.041409068637424,2.1049044132232666,2.033862590789795,2.239150285720825,2.1609761118888855,1.8656213283538818,2.3138904571533203,2.327798366546631,1.436760425567627,2.1049044132232666,2.245281457901001,2.204666793346405,1.9935541152954102,2.3774441480636597,2.4203381538391113,1.5307981967926025
2.0733983649147882,0,2.033862590789795,2.239150285720825,2.1609761118888855,1.8656213283538818,2.3138904571533203,2.327798366546631,1.436760425567627,2.1049044132232666,2.245281457901001,2.204666793346405,1.9935541152954102,2.3774441480636597,2.4203381538391113,1.5307981967926025
2.007198691368103,2.098131847381592,2.033862590789795,2.239150285720825,2.1609761118888855,1.8656213283538818,2.3138904571533203,2.327798366546631,1.436760425567627,2.098131847381592,2.262533187866211,2.2086240649223328,1.9761924743652344,2.373575806617737,2.413914203643799,1.50478196144104
1.989276475376553,0,2.033862590789795,2.239150285720825,2.1609761118888855,1.8656213283538818,2.3138904571533203,2.327798366546631,1.436760425567627,2.098131847381592,2.262533187866211,2.2086240649223328,1.9761924743652344,2.373575806617737,2.413914203643799,1.50478196144104
2.0063903994030423,2.071351432800293,2.033862590789795,2.239150285720825,2.1609761118888855,1.8656213283538818,2.3138904571533203,2.327798366546631,1.436760425567627,2.071351432800293,2.1525416374206543,2.142281711101532,1.917907476425171,2.3844518661499023,2.4227676391601562,1.517404317855835
1.9696716732449002,0,2.033862590789795,2.239150285720825,2.1609761118888855,1.8656213283538818,2.3138904571533203,2.327798366546631,1.436760425567627,2.071351432800293,2.1525416374206543,2.142281711101532,1.917907476425171,2.3844518661499023,2.4227676391601562,1.517404317855835
1.984258082177904,2.1014538764953614,2.033862590789795,2.239150285720825,2.1609761118888855,1.8656213283538818,2.3138904571533203,2.327798366546631,1.436760425567627,2.1014538764953614,2.151785373687744,2.151402175426483,1.9397552013397217,2.4199059009552,2.4775290489196777,1.5759170055389404
1.9454816314909193,0,2.033862590789795,2.239150285720825,2.1609761118888855,1.8656213283538818,2.3138904571533203,2.327798366546631,1.436760425567627,2.1014538764953614,2.151785373687744,2.151402175426483,1.9397552013397217,2.4199059009552,2.4775290489196777,1.5759170055389404
1.978427489598592,2.0309964656829833,2.0309964656829833,2.219930648803711,2.1505976021289825,1.8643423318862915,2.3149924278259277,2.3317980766296387,1.440724492073059,2.0309964656829833,2.219930648803711,2.1505976021289825,1.8643423318862915,2.3149924278259277,2.3317980766296387,1.440724492073059
1.9777484602398343,0,2.0309964656829833,2.219930648803711,2.1505976021289825,1.8643423318862915,2.3149924278259277,2.3317980766296387,1.440724492073059,2.0309964656829833,2.219930648803711,2.1505976021289825,1.8643423318862915,2.3149924278259277,2.3317980766296387,1.440724492073059
2.0466516150368586,2.05947208404541,2.0309964656829833,2.219930648803711,2.1505976021289825,1.8643423318862915,2.3149924278259277,2.3317980766296387,1.440724492073059,2.05947208404541,2.15887188911438,2.1402112245559692,1.9003486633300781,2.365237236022949,2.3877220153808594,1.5076653957366943
1.9772716628180609,0,2.0309964656829833,2.219930648803711,2.1505976021289825,1.8643423318862915,2.3149924278259277,2.3317980766296387,1.440724492073059,2.05947208404541,2.15887188911438,2.1402112245559692,1.9003486633300781,2.365237236022949,2.3877220153808594,1.5076653957366943
1.9792648156483967,2.0852303504943848,2.0309964656829833,2.219930648803711,2.1505976021289825,1.8643423318862915,2.3149924278259277,2.3317980766296387,1.440724492073059,2.0852303504943848,2.167379856109619,2.154768407344818,1.9146721363067627,2.4012105464935303,2.432779312133789,1.5416786670684814
1.9665931198332045,0,2.0309964656829833,2.219930648803711,2.1505976021289825,1.8643423318862915,2.3149924278259277,2.3317980766296387,1.440724492073059,2.0852303504943848,2.167379856109619,2.154768407344818,1.9146721363067627,2.4012105464935303,2.432779312133789,1.5416786670684814
1.9886622693803575,2.061490774154663,2.0309964656829833,2.219930648803711,2.1505976021289825,1.8643423318862915,2.3149924278259277,2.3317980766296387,1.440724492073059,2.061490774154663,2.1519198417663574,2.1443013548851013,1.9274778366088867,2.3578048944473267,2.3697218894958496,1.512446403503418
2.0087539619869657,0,2.0309964656829833,2.219930648803711,2.1505976021289825,1.8643423318862915,2.3149924278259277,2.3317980766296387,1.440724492073059,2.061490774154663,2.1519198417663574,2.1443013548851013,1.9274778366088867,2.3578048944473267,2.3697218894958496,1.512446403503418
1.9928440650304158,2.065686559677124,2.0309964656829833,2.219930648803711,2.1505976021289825,1.8643423318862915,2.3149924278259277,2.3317980766296387,1.440724492073059,2.065686559677124,2.2414193153381348,2.1794055700302124,1.9174857139587402,2.357218027114868,2.3971381187438965,1.4550917148590088
2.022095561027527,0,2.0309964656829833,2.219930648803711,2.1505976021289825,1.8643423318862915,2.3149924278259277,2.3317980766296387,1.440724492073059,2.065686559677124,2.2414193153381348,2.1794055700302124,1.9174857139587402,2.357218027114868,2.3971381187438965,1.4550917148590088
1.965626186794705,2.0418059825897217,2.0309964656829833,2.219930648803711,2.1505976021289825,1.8643423318862915,2.3149924278259277,2.3317980766296387,1.440724492073059,2.0418059825897217,2.1710927486419678,2.142303228378296,1.8892905712127686,2.3386093378067017,2.339481830596924,1.4714279174804688
1.9521523978975084,0,2.0309964656829833,2.219930648803711,2.1505976021289825,1.8643423318862915,2.3149924278259277,2.3317980766296387,1.440724492073059,2.0418059825897217,2.1710927486419678,2.142303228378296,1.8892905712127686,2.3386093378067017,2.339481830596924,1.4714279174804688
1.9455499119228787,2.0556384325027466,2.0309964656829833,2.219930648803711,2.1505976021289825,1.8643423318862915,2.3149924278259277,2.3317980766296387,1.440724492073059,2.0556384325027466,2.1634092330932617,2.1426275074481964,1.907910704612732,2.358328342437744,2.380875825881958,1.490215539932251
1.9637016322877672,0,2.0309964656829833,2.219930648803711,2.1505976021289825,1.8643423318862915,2.3149924278259277,2.3317980766296387,1.440724492073059,2.0556384325027466,2.1634092330932617,2.1426275074481964,1.907910704612732,2.358328342437744,2.380875825881958,1.490215539932251
1.9608653518888686,2.0323564529418947,2.0309964656829833,2.219930648803711,2.1505976021289825,1.8643423318862915,2.3149924278259277,2.3317980766296387,1.440724492073059,2.0323564529418947,2.193988800048828,2.1419371962547302,1.881190299987793,2.316295623779297,2.334010362625122,1.4540119171142578
1.9715811279084947,0,2.0309964656829833,2.219930648803711,2.1505976021289825,1.8643423318862915,2.3149924278259277,2.3317980766296387,1.440724492073059,2.0323564529418947,2.193988800048828,2.1419371962547302,1.881190299987793,2.316295623779297,2.334010362625122,1.4540119171142578
1.9467130369610257,2.0604951858520506,2.0309964656829833,2.219930648803711,2.1505976021289825,1.8643423318862915,2.3149924278259277,2.3317980766296387,1.440724492073059,2.0604951858520506,2.1620092391967773,2.1454272270202637,1.923236608505249,2.352935791015625,2.371417760848999,1.5113584995269775
1.957796785566542,0,2.0309964656829833,2.219930648803711,2.1505976021289825,1.8643423318862915,2.3149924278259277,2.3317980766296387,1.440724492073059,2.0604951858520506,2.1620092391967773,2.1454272270202637,1.923236608505249,2.352935791015625,2.371417760848999,1.5113584995269775
2.010758810573154,2.0520650148391724,2.0309964656829833,2.219930648803711,2.1505976021289825,1.8643423318862915,2.3149924278259277,2.3317980766296387,1.440724492073059,2.0520650148391724,2.2090046405792236,2.158067911863327,1.880046010017395,2.3537677526474,2.373319149017334,1.4637389183044434
2.0283208820554943,0,2.0309964656829833,2.219930648803711,2.1505976021289825,1.8643423318862915,2.3149924278259277,2.3317980766296387,1.440724492073059,2.0520650148391724,2.2090046405792236,2.158067911863327,1.880046010017395,2.3537677526474,2.373319149017334,1.4637389183044434
1.9485245015886095,2.0418122529983522,2.0309964656829833,2.219930648803711,2.1505976021289825,1.8643423318862915,2.3149924278259277,2.3317980766296387,1.440724492073059,2.0418122529983522,2.1826796531677246,2.1490338742733,1.8948475122451782,2.339844584465027,2.3437604904174805,1.4518449306488037
1.9719658427768283,0,2.0309964656829833,2.219930648803711,2.1505976021289825,1.8643423318862915,2.3149924278259277,2.3317980766296387,1.440724492073059,2.0418122529983522,2.1826796531677246,2.1490338742733,1.8948475122451782,2.339844584465027,2.3437604904174805,1.4518449306488037
1.973232905069987,2.0518035888671875,2.0309964656829833,2.219930648803711,2.1505976021289825,1.8643423318862915,2.3149924278259277,2.3317980766296387,1.440724492073059,2.0518035888671875,2.223212242126465,2.1643238067626953,1.9226500988006592,2.3210530281066895,2.3538854122161865,1.4710495471954346
1.9580363829930623,0,2.0309964656829833,2.219930648803711,2.1505976021289825,1.8643423318862915,2.3149924278259277,2.3317980766296387,1.440724492073059,2.0518035888671875,2.223212242126465,2.1643238067626953,1.9226500988006592,2.3210530281066895,2.3538854122161865,1.4710495471954346
2.007674958970812,2.037778306007385,2.0309964656829833,2.219930648803711,2.1505976021289825,1.8643423318862915,2.3149924278259277,2.3317980766296387,1.440724492073059,2.037778306007385,2.2373151779174805,2.1563591063022614,1.8954564332962036,2.302602529525757,2.349855422973633,1.4509148597717285
2.0015502903196545,0,2.0309964656829833,2.219930648803711,2.1505976021289825,1.8643423318862915,2.3149924278259277,2.3317980766296387,1.440724492073059,2.037778306007385,2.2373151779174805,2.1563591063022614,1.8954564332962036,2.302602529525757,2.349855422973633,1.4509148597717285
1.96962398952908,2.066265082359314,2.0309964656829833,2.219930648803711,2.1505976021289825,1.8643423318862915,2.3149924278259277,2.3317980766296387,1.440724492073059,2.066265082359314,2.1522092819213867,2.142645478248596,1.9240219593048096,2.3619929552078247,2.3818445205688477,1.5311082601547241
2.0088387462827892,0,2.0309964656829833,2.219930648803711,2.1505976021289825,1.8643423318862915,2.3149924278259277,2.3317980766296387,1.440724492073059,2.066265082359314,2.1522092819213867,2.142645478248596,1.9240219593048096,2.3619929552078247,2.3818445205688477,1.5311082601547241
2.0019541449016995,2.0275872230529783,2.0275872230529783,2.2243905067443848,2.1412139534950256,1.8838436603546143,2.288649559020996,2.3450679779052734,1.4524028301239014,2.0275872230529783,2.2243905067443848,2.1412139534950256,1.8838436603546143,2.288649559020996,2.3450679779052734,1.4524028301239014
1.959979706340366,0,2.0275872230529783,2.2243905067443848,2.1412139534950256,1.8838436603546143,2.288649559020996,2.3450679779052734,1.4524028301239014,2.0275872230529783,2.2243905067443848,2.1412139534950256,1.8838436603546143,2.288649559020996,2.3450679779052734,1.4524028301239014
2.0240049494637384,2.0995633363723756,2.0275872230529783,2.2243905067443848,2.1412139534950256,1.8838436603546143,2.288649559020996,2.3450679779052734,1.4524028301239014,2.0995633363723756,2.1691925525665283,2.1742320358753204,1.927385926246643,2.4318021535873413,2.4324471950531006,1.5376338958740234
2.0230286916097007,0,2.0275872230529783,2.2243905067443848,2.1412139534950256,1.8838436603546143,2.288649559020996,2.3450679779052734,1.4524028301239014,2.0995633363723756,2.1691925525665283,2.1742320358753204,1.927385926246643,2.4318021535873413,2.4324471950531006,1.5376338958740234
2.0134099986818104,2.036185789108276,2.0275872230529783,2.2243905067443848,2.1412139534950256,1.8838436603546143,2.288649559020996,2.3450679779052734,1.4524028301239014,2.036185789108276,2.220993995666504,2.1475957930088043,1.9028643369674683,2.2965039014816284,2.3474769592285156,1.4640628099441528
1.9966991080178156,0,2.0275872230529783,2.2243905067443848,2.1412139534950256,1.8838436603546143,2.288649559020996,2.3450679779052734,1.4524028301239014,2.036185789108276,2.220993995666504,2.1475957930088043,1.9028643369674683,2.2965039014816284,2.3474769592285156,1.4640628099441528
2.0161290963490806,2.0752192735671997,2.0275872230529783,2.2243905067443848,2.1412139534950256,1.8838436603546143,2.288649559020996,2.3450679779052734,1.4524028301239014,2.0752192735671997,2.158651351928711,2.147668182849884,1.919508695602417,2.3802210092544556,2.406580686569214,1.5374943017959595
1.998832146326701,0,2.0275872230529783,2.2243905067443848,2.1412139534950256,1.8838436603546143,2.288649559020996,2.3450679779052734,1.4524028301239014,2.0752192735671997,2.158651351928711,2.147668182849884,1.919508695602417,2.3802210092544556,2.406580686569214,1.5374943017959595
1.9995138910081651,2.030461621284485,2.0275872230529783,2.2243905067443848,2.1412139534950256,1.8838436603546143,2.288649559020996,2.3450679779052734,1.4524028301239014,2.030461621284485,2.1945300102233887,2.1407217383384705,1.8772799968719482,2.3182132244110107,2.3398795127868652,1.444071650505066
1.9729201793670654,0,2.0275872230529783,2.2243905067443848,2.1412139534950256,1.8838436603546143,2.288649559020996,2.3450679779052734,1.4524028301239014,2.030461621284485,2.1945300102233887,2.1407217383384705,1.8772799968719482,2.3182132244110107,2.3398795127868652,1.444071650505066
1.9564131763246324,2.0350428581237794,2.0275872230529783,2.2243905067443848,2.1412139534950256,1.8838436603546143,2.288649559020996,2.3450679779052734,1.4524028301239014,2.0350428581237794,2.1940791606903076,2.1413736641407013,1.898457646369934,2.3123501539230347,2.3458216190338135,1.4579771757125854
1.979138625992669,0,2.0275872230529783,2.2243905067443848,2.1412139534950256,1.8838436603546143,2.288649559020996,2.3450679779052734,1.4524028301239014,2.0350428581237794,2.1940791606903076,2.1413736641407013,1.898457646369934,2.3123501539230347,2.3458216190338135,1.4579771757125854
1.9705970287322998,2.032566690444946,2.0275872230529783,2.2243905067443848,2.1412139534950256,1.8838436603546143,2.288649559020996,2.3450679779052734,1.4524028301239014,2.032566690444946,2.2228617668151855,2.1504533290863037,1.8861494064331055,2.3085867166519165,2.3472330570220947,1.4366488456726074
1.9542748133341472,0,2.0275872230529783,2.2243905067443848,2.1412139534950256,1.8838436603546143,2.288649559020996,2.3450679779052734,1.4524028301239014,2.032566690444946,2.2228617668151855,2.1504533290863037,1.8861494064331055,2.3085867166519165,2.3472330570220947,1.4366488456726074
1.9708440568712022,2.0258148908615112,2.0258148908615112,2.2060494422912598,2.1361388862133026,1.8744889497756958,2.3001450300216675,2.34232234954834,1.4482460021972656,2.0258148908615112,2.2060494422912598,2.1361388862133026,1.8744889497756958,2.3001450300216675,2.34232234954834,1.4482460021972656
1.978986382484436,0,2.0258148908615112,2.2060494422912598,2.1361388862133026,1.8744889497756958,2.3001450300216675,2.34232234954834,1.4482460021972656,2.0258148908615112,2.2060494422912598,2.1361388862133026,1.8744889497756958,2.3001450300216675,2.34232234954834,1.4482460021972656
1.982082658343845,2.063299560546875,2.0258148908615112,2.2060494422912598,2.1361388862133026,1.8744889497756958,2.3001450300216675,2.34232234954834,1.4482460021972656,2.063299560546875,2.1484503746032715,2.140454411506653,1.9215631484985352,2.3613064289093018,2.3792591094970703,1.5238714218139648
1.952387531598409,0,2.0258148908615112,2.2060494422912598,2.1361388862133026,1.8744889497756958,2.3001450300216675,2.34232234954834,1.4482460021972656,2.063299560546875,2.1484503746032715,2.140454411506653,1.9215631484985352,2.3613064289093018,2.3792591094970703,1.5238714218139648
1.9721524582968817,2.0789281368255614,2.0258148908615112,2.2060494422912598,2.1361388862133026,1.8744889497756958,2.3001450300216675,2.34232234954834,1.4482460021972656,2.0789281368255614,2.140451669692993,2.1431273818016052,1.9391505718231201,2.3765580654144287,2.400660514831543,1.561922311782837
1.9893759621514215,0,2.0258148908615112,2.2060494422912598,2.1361388862133026,1.8744889497756958,2.3001450300216675,2.34232234954834,1.4482460021972656,2.0789281368255614,2.140451669692993,2.1431273818016052,1.9391505718231201,2.3765580654144287,2.400660514831543,1.561922311782837
1.9586156606674194,2.0408087968826294,2.0258148908615112,2.2060494422912598,2.1361388862133026,1.8744889497756958,2.3001450300216675,2.34232234954834,1.4482460021972656,2.0408087968826294,2.1798596382141113,2.1396377086639404,1.9089701175689697,2.317339301109314,2.3448171615600586,1.480535626411438
1.9619941314061482,0,2.0258148908615112,2.2060494422912598,2.1361388862133026,1.8744889497756958,2.3001450300216675,2.34232234954834,1.4482460021972656,2.0408087968826294,2.1798596382141113,2.1396377086639404,1.9089701175689697,2.317339301109314,2.3448171615600586,1.480535626411438
2.0064864423539905,2.0421889305114744,2.0258148908615112,2.2060494422912598,2.1361388862133026,1.8744889497756958,2.3001450300216675,2.34232234954834,1.4482460021972656,2.0421889305114744,2.2069449424743652,2.1470035314559937,1.8920183181762695,2.3270039558410645,2.3719019889831543,1.4579734802246094
2.025762399037679,0,2.0258148908615112,2.2060494422912598,2.1361388862133026,1.8744889497756958,2.3001450300216675,2.34232234954834,1.4482460021972656,2.0421889305114744,2.2069449424743652,2.1470035314559937,1.8920183181762695,2.3270039558410645,2.3719019889831543,1.4579734802246094
1.9854922559526231,2.030814266204834,2.0258148908615112,2.2060494422912598,2.1361388862133026,1.8744889497756958,2.3001450300216675,2.34232234954834,1.4482460021972656,2.030814266204834,2.2050836086273193,2.135797083377838,1.8876831531524658,2.304877758026123,2.364417552947998,1.4515490531921387
1.977343651983473,0,2.0258148908615112,2.2060494422912598,2.1361388862133026,1.8744889497756958,2.3001450300216675,2.34232234954834,1.4482460021972656,2.030814266204834,2.2050836086273193,2.135797083377838,1.8876831531524658,2.304877758026123,2.364417552947998,1.4515490531921387
1.9821092155244615,2.0324698448181153,2.0258148908615112,2.2060494422912598,2.1361388862133026,1.8744889497756958,2.3001450300216675,2.34232234954834,1.4482460021972656,2.0324698448181153,2.175262451171875,2.128114402294159,1.87819504737854,2.315701723098755,2.347665786743164,1.4774882793426514
1.9553383456336126,0,2.0258148908615112,2.2060494422912598,2.1361388862133026,1.8744889497756958,2.3001450300216675,2.34232234954834,1.4482460021972656,2.0324698448181153,2.175262451171875,2.128114402294159,1.87819504737854,2.315701723098755,2.347665786743164,1.4774882793426514
1.9661612908045452,2.0574122428894044,2.0258148908615112,2.2060494422912598,2.1361388862133026,1.8744889497756958,2.3001450300216675,2.34232234954834,1.4482460021972656,2.0574122428894044,2.159648895263672,2.1418856382369995,1.9358363151550293,2.3293763399124146,2.346344232559204,1.5328233242034912
1.950300971666972,0,2.0258148908615112,2.2060494422912598,2.1361388862133026,1.8744889497756958,2.3001450300216675,2.34232234954834,1.4482460021972656,2.0574122428894044,2.159648895263672,2.1418856382369995,1.9358363151550293,2.3293763399124146,2.346344232559204,1.5328233242034912
1.9552710321214464,2.0494544982910154,2.0258148908615112,2.2060494422912598,2.1361388862133026,1.8744889497756958,2.3001450300216675,2.34232234954834,1.4482460021972656,2.0494544982910154,2.1503777503967285,2.136227071285248,1.9097297191619873,2.3407175540924072,2.3470120429992676,1.5057299137115479
1.9854501750734117,0,2.0258148908615112,2.2060494422912598,2.1361388862133026,1.8744889497756958,2.3001450300216675,2.34232234954834,1.4482460021972656,2.0494544982910154,2.1503777503967285,2.136227071285248,1.9097297191619873,2.3407175540924072,2.3470120429992676,1.5057299137115479
1.9332123729917738,2.0226957321166994,2.0226957321166994,2.208709955215454,2.1312896013259888,1.8670744895935059,2.293550729751587,2.346437454223633,1.4505927562713623,2.0226957321166994,2.208709955215454,2.1312896013259888,1.8670744895935059,2.293550729751587,2.346437454223633,1.4505927562713623
1.9702230956819322,0,2.0226957321166994,2.208709955215454,2.1312896013259888,1.8670744895935059,2.293550729751587,2.346437454223633,1.4505927562713623,2.0226957321166994,2.208709955215454,2.1312896013259888,1.8670744895935059,2.293550729751587,2.346437454223633,1.4505927562713623
1.962379641003079,2.0541411638259888,2.0226957321166994,2.208709955215454,2.1312896013259888,1.8670744895935059,2.293550729751587,2.346437454223633,1.4505927562713623,2.0541411638259888,2.1431384086608887,2.134623944759369,1.9154303073883057,2.3442509174346924,2.351713180541992,1.5236352682113647
1.9691794448428683,0,2.0226957321166994,2.208709955215454,2.1312896013259888,1.8670744895935059,2.293550729751587,2.346437454223633,1.4505927562713623,2.0541411638259888,2.1431384086608887,2.134623944759369,1.9154303073883057,2.3442509174346924,2.351713180541992,1.5236352682113647
1.958283331659105,2.0652267694473267,2.0226957321166994,2.208709955215454,2.1312896013259888,1.8670744895935059,2.293550729751587,2.346437454223633,1.4505927562713623,2.0652267694473267,2.1458959579467773,2.142129212617874,1.9200602769851685,2.3661714792251587,2.375678300857544,1.5278346538543701
1.9846372736824884,0,2.0226957321166994,2.208709955215454,2.1312896013259888,1.8670744895935059,2.293550729751587,2.346437454223633,1.4505927562713623,2.0652267694473267,2.1458959579467773,2.142129212617874,1.9200602769851685,2.3661714792251587,2.375678300857544,1.5278346538543701
1.9794702000088162,2.0552982807159426,2.0226957321166994,2.208709955215454,2.1312896013259888,1.8670744895935059,2.293550729751587,2.346437454223633,1.4505927562713623,2.0552982807159426,2.1468255519866943,2.1396685242652893,1.911961555480957,2.3536300659179688,2.354198694229126,1.510444164276123
1.9683507680892944,0,2.0226957321166994,2.208709955215454,2.1312896013259888,1.8670744895935059,2.293550729751587,2.346437454223633,1.4505927562713623,2.0552982807159426,2.1468255519866943,2.1396685242652893,1.911961555480957,2.3536300659179688,2.354198694229126,1.510444164276123
1.9691476954354181,2.0327931880950927,2.0226957321166994,2.208709955215454,2.1312896013259888,1.8670744895935059,2.293550729751587,2.346437454223633,1.4505927562713623,2.0327931880950927,2.214540719985962,2.1446999311447144,1.8881735801696777,2.3109028339385986,2.3602609634399414,1.439445972442627
1.9359717236624823,0,2.0226957321166994,2.208709955215454,2.1312896013259888,1.8670744895935059,2.293550729751587,2.346437454223633,1.4505927562713623,2.0327931880950927,2.214540719985962,2.1446999311447144,1.8881735801696777,2.3109028339385986,2.3602609634399414,1.439445972442627
1.9525450203153822,2.031226921081543,2.0226957321166994,2.208709955215454,2.1312896013259888,1.8670744895935059,2.293550729751587,2.346437454223633,1.4505927562713623,2.031226921081543,2.24191951751709,2.151109755039215,1.8739683628082275,2.304043769836426,2.3614559173583984,1.432159185409546
1.9246795574824016,0,2.0226957321166994,2.208709955215454,2.1312896013259888,1.8670744895935059,2.293550729751587,2.346437454223633,1.4505927562713623,2.031226921081543,2.24191951751709,2.151109755039215,1.8739683628082275,2.304043769836426,2.3614559173583984,1.432159185409546
2.022424750857883,2.091704773902893,2.0226957321166994,2.208709955215454,2.1312896013259888,1.8670744895935059,2.293550729751587,2.346437454223633,1.4505927562713623,2.091704773902893,2.1952574253082275,2.1788582801818848,1.93754243850708,2.41494357585907,2.4425113201141357,1.495836853981018
1.9507559405432806,0,2.0226957321166994,2.208709955215454,2.1312896013259888,1.8670744895935059,2.293550729751587,2.346437454223633,1.4505927562713623,2.091704773902893,2.1952574253082275,2.1788582801818848,1.93754243850708,2.41494357585907,2.4425113201141357,1.495836853981018
1.9819324943754408,2.059858560562134,2.0226957321166994,2.208709955215454,2.1312896013259888,1.8670744895935059,2.293550729751587,2.346437454223633,1.4505927562713623,2.059858560562134,2.1848604679107666,2.150940954685211,1.914635181427002,2.362319588661194,2.405231475830078,1.4751579761505127
1.9751918845706515,0,2.0226957321166994,2.208709955215454,2.1312896013259888,1.8670744895935059,2.293550729751587,2.346437454223633,1.4505927562713623,2.059858560562134,2.1848604679107666,2.150940954685211,1.914635181427002,2.362319588661194,2.405231475830078,1.4751579761505127
2.061585028966268,2.090410256385803,2.0226957321166994,2.208709955215454,2.1312896013259888,1.8670744895935059,2.293550729751587,2.346437454223633,1.4505927562713623,2.090410256385803,2.1404595375061035,2.155171036720276,1.9119353294372559,2.4335901737213135,2.4393506050109863,1.5324760675430298
2.0294614368014865,0,2.0226957321166994,2.208709955215454,2.1312896013259888,1.8670744895935059,2.293550729751587,2.346437454223633,1.4505927562713623,2.090410256385803,2.1404595375061035,2.155171036720276,1.9119353294372559,2.4335901737213135,2.4393506050109863,1.5324760675430298
2.001314534081353,2.0796736240386964,2.0226957321166994,2.208709955215454,2.1312896013259888,1.8670744895935059,2.293550729751587,2.346437454223633,1.4505927562713623,2.0796736240386964,2.182187557220459,2.163904547691345,1.9331638813018799,2.396405339241028,2.4347314834594727,1.490206003189087
2.0316982136832342,0,2.0226957321166994,2.208709955215454,2.1312896013259888,1.8670744895935059,2.293550729751587,2.346437454223633,1.4505927562713623,2.0796736240386964,2.182187557220459,2.163904547691345,1.9331638813018799,2.396405339241028,2.4347314834594727,1.490206003189087
2.012329419453939,2.09710807800293,2.0226957321166994,2.208709955215454,2.1312896013259888,1.8670744895935059,2.293550729751587,2.346437454223633,1.4505927562713623,2.09710807800293,2.213965892791748,2.182749927043915,1.9797229766845703,2.388016104698181,2.4526872634887695,1.5158193111419678
1.9994562731848822,0,2.0226957321166994,2.208709955215454,2.1312896013259888,1.8670744895935059,2.293550729751587,2.346437454223633,1.4505927562713623,2.09710807800293,2.213965892791748,2.182749927043915,1.9797229766845703,2.388016104698181,2.4526872634887695,1.5158193111419678
1.9656474457846747,2.034332609176636,2.0226957321166994,2.208709955215454,2.1312896013259888,1.8670744895935059,2.293550729751587,2.346437454223633,1.4505927562713623,2.034332609176636,2.215785503387451,2.1418192982673645,1.8970208168029785,2.304770827293396,2.370856285095215,1.449315071105957
1.973734007941352,0,2.0226957321166994,2.208709955215454,2.1312896013259888,1.8670744895935059,2.293550729751587,2.346437454223633,1.4505927562713623,2.034332609176636,2.215785503387451,2.1418192982673645,1.8970208168029785,2.304770827293396,2.370856285095215,1.449315071105957
1.950716455777486,2.0313082933425903,2.0226957321166994,2.208709955215454,2.1312896013259888,1.8670744895935059,2.293550729751587,2.346437454223633,1.4505927562713623,2.0313082933425903,2.187115430831909,2.135231137275696,1.8770055770874023,2.3203940391540527,2.351099967956543,1.4516323804855347
1.9568678140640259,0,2.0226957321166994,2.208709955215454,2.1312896013259888,1.8670744895935059,2.293550729751587,2.346437454223633,1.4505927562713623,2.0313082933425903,2.187115430831909,2.135231137275696,1.8770055770874023,2.3203940391540527,2.351099967956543,1.4516323804855347
1.9251300228966608,2.0234026193618773,2.0226957321166994,2.208709955215454,2.1312896013259888,1.8670744895935059,2.293550729751587,2.346437454223633,1.4505927562713623,2.0234026193618773,2.211064338684082,2.131257861852646,1.8710018396377563,2.2956554889678955,2.359410047531128,1.4436359405517578
1.963037649790446,0,2.0226957321166994,2.208709955215454,2.1312896013259888,1.8670744895935059,2.293550729751587,2.346437454223633,1.4505927562713623,2.0234026193618773,2.211064338684082,2.131257861852646,1.8710018396377563,2.2956554889678955,2.359410047531128,1.4436359405517578
1.9698923428853352,2.0475775480270384,2.0226957321166994,2.208709955215454,2.1312896013259888,1.8670744895935059,2.293550729751587,2.346437454223633,1.4505927562713623,2.0475775480270384,2.2012243270874023,2.14597424864769,1.9256037473678589,2.313917636871338,2.37199068069458,1.4832243919372559
1.9993690252304077,0,2.0226957321166994,2.208709955215454,2.1312896013259888,1.8670744895935059,2.293550729751587,2.346437454223633,1.4505927562713623,2.0475775480270384,2.2012243270874023,2.14597424864769,1.9256037473678589,2.313917636871338,2.37199068069458,1.4832243919372559
2.027903993924459,2.0604888200759888,2.0226957321166994,2.208709955215454,2.1312896013259888,1.8670744895935059,2.293550729751587,2.346437454223633,1.4505927562713623,2.0604888200759888,2.2202939987182617,2.1581893265247345,1.942935585975647,2.3250808715820312,2.400928020477295,1.4890527725219727
1.9743320412105985,0,2.0226957321166994,2.208709955215454,2.1312896013259888,1.8670744895935059,2.293550729751587,2.346437454223633,1.4505927562713623,2.0604888200759888,2.2202939987182617,2.1581893265247345,1.942935585975647,2.3250808715820312,2.400928020477295,1.4890527725219727
1.9535229338539972,2.0260854959487915,2.0226957321166994,2.208709955215454,2.1312896013259888,1.8670744895935059,2.293550729751587,2.346437454223633,1.4505927562713623,2.0260854959487915,2.2045063972473145,2.1326831579208374,1.8841030597686768,2.2971866130828857,2.3567564487457275,1.4474447965621948
1.9294515318340726,0,2.0226957321166994,2.208709955215454,2.1312896013259888,1.8670744895935059,2.293550729751587,2.346437454223633,1.4505927562713623,2.0260854959487915,2.2045063972473145,2.1326831579208374,1.8841030597686768,2.2971866130828857,2.3567564487457275,1.4474447965621948
1.968723522292243,2.0213296890258787,2.0213296890258787,2.200237274169922,2.1253628730773926,1.8721668720245361,2.2907310724258423,2.352652072906494,1.452782154083252,2.0213296890258787,2.200237274169922,2.1253628730773926,1.8721668720245361,2.2907310724258423,2.352652072906494,1.452782154083252
1.9605621364381578,0,2.0213296890258787,2.200237274169922,2.1253628730773926,1.8721668720245361,2.2907310724258423,2.352652072906494,1.452782154083252,2.0213296890258787,2.200237274169922,2.1253628730773926,1.8721668720245361,2.2907310724258423,2.352652072906494,1.452782154083252
1.967119640774197,2.0486682415008546,2.0213296890258787,2.200237274169922,2.1253628730773926,1.8721668720245361,2.2907310724258423,2.352652072906494,1.452782154083252,2.0486682415008546,2.1557111740112305,2.134325623512268,1.8968634605407715,2.3458356857299805,2.362654685974121,1.4990952014923096
1.9561258289549086,0,2.0213296890258787,2.200237274169922,2.1253628730773926,1.8721668720245361,2.2907310724258423,2.352652072906494,1.452782154083252,2.0486682415008546,2.1557111740112305,2.134325623512268,1.8968634605407715,2.3458356857299805,2.362654685974121,1.4990952014923096
1.9518006377749972,2.0313884973526,2.0213296890258787,2.200237274169922,2.1253628730773926,1.8721668720245361,2.2907310724258423,2.352652072906494,1.452782154083252,2.0313884973526,2.161278247833252,2.120974540710449,1.8937187194824219,2.3134031295776367,2.3591833114624023,1.4751392602920532
1.9381631877687242,0,2.0213296890258787,2.200237274169922,2.1253628730773926,1.8721668720245361,2.2907310724258423,2.352652072906494,1.452782154083252,2.0313884973526,2.161278247833252,2.120974540710449,1.8937187194824219,2.3134031295776367,2.3591833114624023,1.4751392602920532
1.939764592382643,2.030355358123779,2.0213296890258787,2.200237274169922,2.1253628730773926,1.8721668720245361,2.2907310724258423,2.352652072906494,1.452782154083252,2.030355358123779,2.1695566177368164,2.125656932592392,1.886283278465271,2.3170559406280518,2.3568806648254395,1.4618250131607056
1.963342997762892,0,2.0213296890258787,2.200237274169922,2.1253628730773926,1.8721668720245361,2.2907310724258423,2.352652072906494,1.452782154083252,2.030355358123779,2.1695566177368164,2.125656932592392,1.886283278465271,2.3170559406280518,2.3568806648254395,1.4618250131607056
1.9669199254777696,2.0470823526382445,2.0213296890258787,2.200237274169922,2.1253628730773926,1.8721668720245361,2.2907310724258423,2.352652072906494,1.452782154083252,2.0470823526382445,2.1653151512145996,2.1323063671588898,1.9227792024612427,2.3216296434402466,2.367443323135376,1.5040581226348877
1.9233057366477118,0,2.0213296890258787,2.200237274169922,2.1253628730773926,1.8721668720245361,2.2907310724258423,2.352652072906494,1.452782154083252,2.0470823526382445,2.1653151512145996,2.1323063671588898,1.9227792024612427,2.3216296434402466,2.367443323135376,1.5040581226348877
1.9609850645065308,2.036662793159485,2.0213296890258787,2.200237274169922,2.1253628730773926,1.8721668720245361,2.2907310724258423,2.352652072906494,1.452782154083252,2.036662793159485,2.152221202850342,2.1219957172870636,1.8948482275009155,2.325088620185852,2.361485004425049,1.486067295074463
1.9930093023512099,0,2.0213296890258787,2.200237274169922,2.1253628730773926,1.8721668720245361,2.2907310724258423,2.352652072906494,1.452782154083252,2.036662793159485,2.152221202850342,2.1219957172870636,1.8948482275009155,2.325088620185852,2.361485004425049,1.486067295074463
1.9753808577855427,2.023787498474121,2.0213296890258787,2.200237274169922,2.1253628730773926,1.8721668720245361,2.2907310724258423,2.352652072906494,1.452782154083252,2.023787498474121,2.1992499828338623,2.1270632147789,1.8778223991394043,2.2973302602767944,2.362730026245117,1.44720458984375
1.9577267699771457,0,2.0213296890258787,2.200237274169922,2.1253628730773926,1.8721668720245361,2.2907310724258423,2.352652072906494,1.452782154083252,2.023787498474121,2.1992499828338623,2.1270632147789,1.8778223991394043,2.2973302602767944,2.362730026245117,1.44720458984375
1.9481611649195354,2.0388697385787964,2.0213296890258787,2.200237274169922,2.1253628730773926,1.8721668720245361,2.2907310724258423,2.352652072906494,1.452782154083252,2.0388697385787964,2.1644413471221924,2.1337031722068787,1.8952858448028564,2.33401358127594,2.3573830127716064,1.4665943384170532
1.9317093425326877,0,2.0213296890258787,2.200237274169922,2.1253628730773926,1.8721668720245361,2.2907310724258423,2.352652072906494,1.452782154083252,2.0388697385787964,2.1644413471221924,2.1337031722068787,1.8952858448028564,2.33401358127594,2.3573830127716064,1.4665943384170532
1.934656712743971,2.0531699657440186,2.0213296890258787,2.200237274169922,2.1253628730773926,1.8721668720245361,2.2907310724258423,2.352652072906494,1.452782154083252,2.0531699657440186,2.1417744159698486,2.1338469982147217,1.9152326583862305,2.349507212638855,2.362407922744751,1.5098283290863037
1.9545546637641058,0,2.0213296890258787,2.200237274169922,2.1253628730773926,1.8721668720245361,2.2907310724258423,2.352652072906494,1.452782154083252,2.0531699657440186,2.1417744159698486,2.1338469982147217,1.9152326583862305,2.349507212638855,2.362407922744751,1.5098283290863037
1.991502258512709,2.0600409269332887,2.0213296890258787,2.200237274169922,2.1253628730773926,1.8721668720245361,2.2907310724258423,2.352652072906494,1.452782154083252,2.0600409269332887,2.1370811462402344,2.1343889236450195,1.91497802734375,2.358535051345825,2.368654727935791,1.531075358390808
1.9338279830084906,0,2.0213296890258787,2.200237274169922,2.1253628730773926,1.8721668720245361,2.2907310724258423,2.352652072906494,1.452782154083252,2.0600409269332887,2.1370811462402344,2.1343889236450195,1.91497802734375,2.358535051345825,2.368654727935791,1.531075358390808
1.9727608495288425,2.0219260931015013,2.0213296890258787,2.200237274169922,2.1253628730773926,1.8721668720245361,2.2907310724258423,2.352652072906494,1.452782154083252,2.0219260931015013,2.1908302307128906,2.12109038233757,1.8767508268356323,2.292933464050293,2.3599166870117188,1.4561824798583984
1.960160454114278,0,2.0213296890258787,2.200237274169922,2.1253628730773926,1.8721668720245361,2.2907310724258423,2.352652072906494,1.452782154083252,2.0219260931015013,2.1908302307128906,2.12109038233757,1.8767508268356323,2.292933464050293,2.3599166870117188,1.4561824798583984
1.9849407805336847,2.0501723527908324,2.0213296890258787,2.200237274169922,2.1253628730773926,1.8721668720245361,2.2907310724258423,2.352652072906494,1.452782154083252,2.0501723527908324,2.2109830379486084,2.142381489276886,1.9305031299591064,2.3061537742614746,2.3952507972717285,1.4970680475234985
2.0015339454015098,0,2.0213296890258787,2.200237274169922,2.1253628730773926,1.8721668720245361,2.2907310724258423,2.352652072906494,1.452782154083252,2.0501723527908324,2.2109830379486084,2.142381489276886,1.9305031299591064,2.3061537742614746,2.3952507972717285,1.4970680475234985
1.9606915314992268,2.023279643058777,2.0213296890258787,2.200237274169922,2.1253628730773926,1.8721668720245361,2.2907310724258423,2.352652072906494,1.452782154083252,2.023279643058777,2.1941115856170654,2.1203689575195312,1.8635311126708984,2.2999924421310425,2.3702633380889893,1.4587706327438354
1.9390575223498874,0,2.0213296890258787,2.200237274169922,2.1253628730773926,1.8721668720245361,2.2907310724258423,2.352652072906494,1.452782154083252,2.023279643058777,2.1941115856170654,2.1203689575195312,1.8635311126708984,2.2999924421310425,2.3702633380889893,1.4587706327438354
1.994539909892612,2.0524579763412474,2.0213296890258787,2.200237274169922,2.1253628730773926,1.8721668720245361,2.2907310724258423,2.352652072906494,1.452782154083252,2.0524579763412474,2.1359198093414307,2.124541312456131,1.9090358018875122,2.345672607421875,2.3740553855895996,1.525989055633545
1.9930208126703899,0,2.0213296890258787,2.200237274169922,2.1253628730773926,1.8721668720245361,2.2907310724258423,2.352652072906494,1.452782154083252,2.0524579763412474,2.1359198093414307,2.124541312456131,1.9090358018875122,2.345672607421875,2.3740553855895996,1.525989055633545
1.9431033002005682,2.023067903518677,2.0213296890258787,2.200237274169922,2.1253628730773926,1.8721668720245361,2.2907310724258423,2.352652072906494,1.452782154083252,2.023067903518677,2.176130533218384,2.1161435544490814,1.8767651319503784,2.2997190952301025,2.3638901710510254,1.4630056619644165
1.941642787721422,0,2.0213296890258787,2.200237274169922,2.1253628730773926,1.8721668720245361,2.2907310724258423,2.352652072906494,1.452782154083252,2.023067903518677,2.176130533218384,2.1161435544490814,1.8767651319503784,2.2997190952301025,2.3638901710510254,1.4630056619644165
1.9592551125420465,2.042640042304993,2.0213296890258787,2.200237274169922,2.1253628730773926,1.8721668720245361,2.2907310724258423,2.352652072906494,1.452782154083252,2.042640042304993,2.1488285064697266,2.1242736876010895,1.8967114686965942,2.335584878921509,2.368443489074707,1.496490478515625
1.948680837949117,0,2.0213296890258787,2.200237274169922,2.1253628730773926,1.8721668720245361,2.2907310724258423,2.352652072906494,1.452782154083252,2.042640042304993,2.1488285064697266,2.1242736876010895,1.8967114686965942,2.335584878921509,2.368443489074707,1.496490478515625
1.9642007086012099,2.034888744354248,2.0213296890258787,2.200237274169922,2.1253628730773926,1.8721668720245361,2.2907310724258423,2.352652072906494,1.452782154083252,2.034888744354248,2.1766269207000732,2.125612258911133,1.8819053173065186,2.317618727684021,2.367947578430176,1.4806740283966064
1.9450230201085408,0,2.0213296890258787,2.200237274169922,2.1253628730773926,1.8721668720245361,2.2907310724258423,2.352652072906494,1.452782154083252,2.034888744354248,2.1766269207000732,2.125612258911133,1.8819053173065186,2.317618727684021,2.367947578430176,1.4806740283966064
1.9311420520146687,2.045707941055298,2.0213296890258787,2.200237274169922,2.1253628730773926,1.8721668720245361,2.2907310724258423,2.352652072906494,1.452782154083252,2.045707941055298,2.1492624282836914,2.124958872795105,1.920417308807373,2.324284076690674,2.3676748275756836,1.5102918148040771
1.9544096920225356,0,2.0213296890258787,2.200237274169922,2.1253628730773926,1.8721668720245361,2.2907310724258423,2.352652072906494,1.452782154083252,2.045707941055298,2.1492624282836914,2.124958872795105,1.920417308807373,2.324284076690674,2.3676748275756836,1.5102918148040771
1.9366203678978815,2.0262296915054323,2.0213296890258787,2.200237274169922,2.1253628730773926,1.8721668720245361,2.2907310724258423,2.352652072906494,1.452782154083252,2.0262296915054323,2.1633384227752686,2.114601969718933,1.889566421508789,2.305492401123047,2.3688201904296875,1.4672588109970093
1.9267978138393826,0,2.0213296890258787,2.200237274169922,2.1253628730773926,1.8721668720245361,2.2907310724258423,2.352652072906494,1.452782154083252,2.0262296915054323,2.1633384227752686,2.114601969718933,1.889566421508789,2.305492401123047,2.3688201904296875,1.4672588109970093
1.966749694612291,2.0227571725845337,2.0213296890258787,2.200237274169922,2.1253628730773926,1.8721668720245361,2.2907310724258423,2.352652072906494,1.452782154083252,2.0227571725845337,2.1925313472747803,2.121116489171982,1.8786505460739136,2.295320510864258,2.3698883056640625,1.451962947845459
1.9655729134877522,0,2.0213296890258787,2.200237274169922,2.1253628730773926,1.8721668720245361,2.2907310724258423,2.352652072906494,1.452782154083252,2.0227571725845337,2.1925313472747803,2.121116489171982,1.8786505460739136,2.295320510864258,2.3698883056640625,1.451962947845459
1.9870361751980252,2.038225221633911,2.0213296890258787,2.200237274169922,2.1253628730773926,1.8721668720245361,2.2907310724258423,2.352652072906494,1.452782154083252,2.038225221633911,2.1534624099731445,2.1214279532432556,1.8920669555664062,2.327621817588806,2.368523597717285,1.4903531074523926
1.9760300980673895,0,2.0213296890258787,2.200237274169922,2.1253628730773926,1.8721668720245361,2.2907310724258423,2.352652072906494,1.452782154083252,2.038225221633911,2.1534624099731445,2.1214279532432556,1.8920669555664062,2.327621817588806,2.368523597717285,1.4903531074523926
1.929284691810608,2.0280636072158815,2.0213296890258787,2.200237274169922,2.1253628730773926,1.8721668720245361,2.2907310724258423,2.352652072906494,1.452782154083252,2.0280636072158815,2.158445358276367,2.114965111017227,1.8884862661361694,2.310423970222473,2.3663644790649414,1.4725384712219238
1.978092975086636,0,2.0213296890258787,2.200237274169922,2.1253628730773926,1.8721668720245361,2.2907310724258423,2.352652072906494,1.452782154083252,2.0280636072158815,2.158445358276367,2.114965111017227,1.8884862661361694,2.310423970222473,2.3663644790649414,1.4725384712219238
1.9608580536312528,2.0766488552093505,2.0213296890258787,2.200237274169922,2.1253628730773926,1.8721668720245361,2.2907310724258423,2.352652072906494,1.452782154083252,2.0766488552093505,2.1266531944274902,2.1383713483810425,1.951357364654541,2.36367130279541,2.378520965576172,1.5778911113739014
1.9628716707229614,0,2.0213296890258787,2.200237274169922,2.1253628730773926,1.8721668720245361,2.2907310724258423,2.352652072906494,1.452782154083252,2.0766488552093505,2.1266531944274902,2.1383713483810425,1.951357364654541,2.36367130279541,2.378520965576172,1.5778911113739014
1.9603841172324286,2.051762104034424,2.0213296890258787,2.200237274169922,2.1253628730773926,1.8721668720245361,2.2907310724258423,2.352652072906494,1.452782154083252,2.051762104034424,2.1413397789001465,2.1308778822422028,1.9131375551223755,2.3491172790527344,2.370540142059326,1.5060986280441284
1.9343059592776828,0,2.0213296890258787,2.200237274169922,2.1253628730773926,1.8721668720245361,2.2907310724258423,2.352652072906494,1.452782154083252,2.051762104034424,2.1413397789001465,2.1308778822422028,1.9131375551223755,2.3491172790527344,2.370540142059326,1.5060986280441284
1.9475192493862576,2.0266318559646606,2.0213296890258787,2.200237274169922,2.1253628730773926,1.8721668720245361,2.2907310724258423,2.352652072906494,1.452782154083252,2.0266318559646606,2.1745970249176025,2.1206649243831635,1.8923710584640503,2.3053181171417236,2.369541645050049,1.4555549621582031
1.9316437774234347,0,2.0213296890258787,2.200237274169922,2.1253628730773926,1.8721668720245361,2.2907310724258423,2.352652072906494,1.452782154083252,2.0266318559646606,2.1745970249176025,2.1206649243831635,1.8923710584640503,2.3053181171417236,2.369541645050049,1.4555549621582031
1.9419838984807332,2.0319228172302246,2.0213296890258787,2.200237274169922,2.1253628730773926,1.8721668720245361,2.2907310724258423,2.352652072906494,1.452782154083252,2.0319228172302246,2.156144142150879,2.1178284883499146,1.8988265991210938,2.3141103982925415,2.3680217266082764,1.4764225482940674
1.9438398016823664,0,2.0213296890258787,2.200237274169922,2.1253628730773926,1.8721668720245361,2.2907310724258423,2.352652072906494,1.452782154083252,2.0319228172302246,2.156144142150879,2.1178284883499146,1.8988265991210938,2.3141103982925415,2.3680217266082764,1.4764225482940674
1.9526751703686185,2.060703182220459,2.0213296890258787,2.200237274169922,2.1253628730773926,1.8721668720245361,2.2907310724258423,2.352652072906494,1.452782154083252,2.060703182220459,2.1324310302734375,2.1321796774864197,1.9175026416778564,2.3609670400619507,2.375580072402954,1.5316481590270996
1.9349044561386108,0,2.0213296890258787,2.200237274169922,2.1253628730773926,1.8721668720245361,2.2907310724258423,2.352652072906494,1.452782154083252,2.060703182220459,2.1324310302734375,2.1321796774864197,1.9175026416778564,2.3609670400619507,2.375580072402954,1.5316481590270996
1.9498322672314115,2.031172442436218,2.0213296890258787,2.200237274169922,2.1253628730773926,1.8721668720245361,2.2907310724258423,2.352652072906494,1.452782154083252,2.031172442436218,2.160679817199707,2.1184965670108795,1.8899580240249634,2.315768837928772,2.3688690662384033,1.473686695098877
1.9372416469785902,0,2.0213296890258787,2.200237274169922,2.1253628730773926,1.8721668720245361,2.2907310724258423,2.352652072906494,1.452782154083252,2.031172442436218,2.160679817199707,2.1184965670108795,1.8899580240249634,2.315768837928772,2.3688690662384033,1.473686695098877
1.9282762871848211,2.056832218170166,2.0213296890258787,2.200237274169922,2.1253628730773926,1.8721668720245361,2.2907310724258423,2.352652072906494,1.452782154083252,2.056832218170166,2.127440929412842,2.124060809612274,1.9267160892486572,2.3444223403930664,2.374199390411377,1.5411593914031982
1.9638232125176325,0,2.0213296890258787,2.200237274169922,2.1253628730773926,1.8721668720245361,2.2907310724258423,2.352652072906494,1.452782154083252,2.056832218170166,2.127440929412842,2.124060809612274,1.9267160892486572,2.3444223403930664,2.374199390411377,1.5411593914031982
1.9573465718163385,2.058122420310974,2.0213296890258787,2.200237274169922,2.1253628730773926,1.8721668720245361,2.2907310724258423,2.352652072906494,1.452782154083252,2.058122420310974,2.13407039642334,2.1278590857982635,1.9163240194320679,2.354090929031372,2.3812103271484375,1.5320358276367188
1.9359176026450262,0,2.0213296890258787,2.200237274169922,2.1253628730773926,1.8721668720245361,2.2907310724258423,2.352652072906494,1.452782154083252,2.058122420310974,2.13407039642334,2.1278590857982635,1.9163240194320679,2.354090929031372,2.3812103271484375,1.5320358276367188
1.9273408651351929,2.0349276781082155,2.0213296890258787,2.200237274169922,2.1253628730773926,1.8721668720245361,2.2907310724258423,2.352652072906494,1.452782154083252,2.0349276781082155,2.149653434753418,2.115788370370865,1.8946901559829712,2.321403741836548,2.3736510276794434,1.4874873161315918
1.9521732992596097,0,2.0213296890258787,2.200237274169922,2.1253628730773926,1.8721668720245361,2.2907310724258423,2.352652072906494,1.452782154083252,2.0349276781082155,2.149653434753418,2.115788370370865,1.8946901559829712,2.321403741836548,2.3736510276794434,1.4874873161315918
1.9332094457414415,2.0324520587921144,2.0213296890258787,2.200237274169922,2.1253628730773926,1.8721668720245361,2.2907310724258423,2.352652072906494,1.452782154083252,2.0324520587921144,2.142571449279785,2.1104345321655273,1.8973512649536133,2.3155235052108765,2.371803045272827,1.49129056930542
1.9444586833318074,0,2.0213296890258787,2.200237274169922,2.1253628730773926,1.8721668720245361,2.2907310724258423,2.352652072906494,1.452782154083252,2.0324520587921144,2.142571449279785,2.1104345321655273,1.8973512649536133,2.3155235052108765,2.371803045272827,1.49129056930542
1.929984211921692,2.0303035736083985,2.0213296890258787,2.200237274169922,2.1253628730773926,1.8721668720245361,2.2907310724258423,2.352652072906494,1.452782154083252,2.0303035736083985,2.147336721420288,2.1099222898483276,1.891934871673584,2.313859462738037,2.374638080596924,1.484527349472046
1.9497212436464098,0,2.0213296890258787,2.200237274169922,2.1253628730773926,1.8721668720245361,2.2907310724258423,2.352652072906494,1.452782154083252,2.0303035736083985,2.147336721420288,2.1099222898483276,1.891934871673584,2.313859462738037,2.374638080596924,1.484527349472046
1.9576501581403944,2.052462339401245,2.0213296890258787,2.200237274169922,2.1253628730773926,1.8721668720245361,2.2907310724258423,2.352652072906494,1.452782154083252,2.052462339401245,2.140817165374756,2.1201575994491577,1.9365010261535645,2.32319438457489,2.3838937282562256,1.538604736328125
1.9277035395304363,0,2.0213296890258787,2.200237274169922,2.1253628730773926,1.8721668720245361,2.2907310724258423,2.352652072906494,1.452782154083252,2.052462339401245,2.140817165374756,2.1201575994491577,1.9365010261535645,2.32319438457489,2.3838937282562256,1.538604736328125
1.951003697183397,2.0286885261535645,2.0213296890258787,2.200237274169922,2.1253628730773926,1.8721668720245361,2.2907310724258423,2.352652072906494,1.452782154083252,2.0286885261535645,2.149519443511963,2.109774947166443,1.8924365043640137,2.311310887336731,2.37499737739563,1.4788649082183838
1.9305562178293865,0,2.0213296890258787,2.200237274169922,2.1253628730773926,1.8721668720245361,2.2907310724258423,2.352652072906494,1.452782154083252,2.0286885261535645,2.149519443511963,2.109774947166443,1.8924365043640137,2.311310887336731,2.37499737739563,1.4788649082183838
1.9351794322331746,2.0348015308380125,2.0213296890258787,2.200237274169922,2.1253628730773926,1.8721668720245361,2.2907310724258423,2.352652072906494,1.452782154083252,2.0348015308380125,2.1509861946105957,2.115996539592743,1.8933913707733154,2.3215386867523193,2.374454975128174,1.4865527153015137
1.9448466036054823,0,2.0213296890258787,2.200237274169922,2.1253628730773926,1.8721668720245361,2.2907310724258423,2.352652072906494,1.452782154083252,2.0348015308380125,2.1509861946105957,2.115996539592743,1.8933913707733154,2.3215386867523193,2.374454975128174,1.4865527153015137
1.9344077110290527,2.0373117685317994,2.0213296890258787,2.200237274169922,2.1253628730773926,1.8721668720245361,2.2907310724258423,2.352652072906494,1.452782154083252,2.0373117685317994,2.1378891468048096,2.11076956987381,1.9115192890167236,2.3169050216674805,2.3780293464660645,1.5033403635025024
1.949423525068495,0,2.0213296890258787,2.200237274169922,2.1253628730773926,1.8721668720245361,2.2907310724258423,2.352652072906494,1.452782154083252,2.0373117685317994,2.1378891468048096,2.11076956987381,1.9115192890167236,2.3169050216674805,2.3780293464660645,1.5033403635025024
1.9330233070585463,2.0318931102752686,2.0213296890258787,2.200237274169922,2.1253628730773926,1.8721668720245361,2.2907310724258423,2.352652072906494,1.452782154083252,2.0318931102752686,2.14986252784729,2.1136170625686646,1.89390230178833,2.3187975883483887,2.3767542839050293,1.4781055450439453
1.9372237655851576,0,2.0213296890258787,2.200237274169922,2.1253628730773926,1.8721668720245361,2.2907310724258423,2.352652072906494,1.452782154083252,2.0318931102752686,2.14986252784729,2.1136170625686646,1.89390230178833,2.3187975883483887,2.3767542839050293,1.4781055450439453
1.9179584450191922,2.024914526939392,2.0213296890258787,2.200237274169922,2.1253628730773926,1.8721668720245361,2.2907310724258423,2.352652072906494,1.452782154083252,2.024914526939392,2.1585206985473633,2.106190174818039,1.8946024179458618,2.297399163246155,2.381681442260742,1.4766511917114258
1.9462945726182725,0,2.0213296890258787,2.200237274169922,2.1253628730773926,1.8721668720245361,2.2907310724258423,2.352652072906494,1.452782154083252,2.024914526939392,2.1585206985473633,2.106190174818039,1.8946024179458618,2.297399163246155,2.381681442260742,1.4766511917114258
1.965594967206319,2.034751272201538,2.0213296890258787,2.200237274169922,2.1253628730773926,1.8721668720245361,2.2907310724258423,2.352652072906494,1.452782154083252,2.034751272201538,2.139399766921997,2.1091572046279907,1.906799077987671,2.316400647163391,2.3817710876464844,1.4947562217712402
1.9488787915971544,0,2.0213296890258787,2.200237274169922,2.1253628730773926,1.8721668720245361,2.2907310724258423,2.352652072906494,1.452782154083252,2.034751272201538,2.139399766921997,2.1091572046279907,1.906799077987671,2.316400647163391,2.3817710876464844,1.4947562217712402
1.93037830458747,2.0550839424133303,2.0213296890258787,2.200237274169922,2.1253628730773926,1.8721668720245361,2.2907310724258423,2.352652072906494,1.452782154083252,2.0550839424133303,2.1205010414123535,2.1167014837265015,1.9259259700775146,2.341836094856262,2.3837943077087402,1.5453205108642578
1.9298004574245877,0,2.0213296890258787,2.200237274169922,2.1253628730773926,1.8721668720245361,2.2907310724258423,2.352652072906494,1.452782154083252,2.0550839424133303,2.1205010414123535,2.1167014837265015,1.9259259700775146,2.341836094856262,2.3837943077087402,1.5453205108642578
1.9237388372421265,2.021037220954895,2.021037220954895,2.1851463317871094,2.1123868823051453,1.8762884140014648,2.290695071220398,2.3784236907958984,1.462361216545105,2.021037220954895,2.1851463317871094,2.1123868823051453,1.8762884140014648,2.290695071220398,2.3784236907958984,1.462361216545105
1.9242728286319308,0,2.021037220954895,2.1851463317871094,2.1123868823051453,1.8762884140014648,2.290695071220398,2.3784236907958984,1.462361216545105,2.021037220954895,2.1851463317871094,2.1123868823051453,1.8762884140014648,2.290695071220398,2.3784236907958984,1.462361216545105
1.954127033551534,2.0595443487167358,2.021037220954895,2.1851463317871094,2.1123868823051453,1.8762884140014648,2.290695071220398,2.3784236907958984,1.462361216545105,2.0595443487167358,2.120500326156616,2.121736377477646,1.9285253286361694,2.350167155265808,2.3829147815704346,1.5483617782592773
1.929865797360738,0,2.021037220954895,2.1851463317871094,2.1123868823051453,1.8762884140014648,2.290695071220398,2.3784236907958984,1.462361216545105,2.0595443487167358,2.120500326156616,2.121736377477646,1.9285253286361694,2.350167155265808,2.3829147815704346,1.5483617782592773
1.9433209366268582,2.033592414855957,2.021037220954895,2.1851463317871094,2.1123868823051453,1.8762884140014648,2.290695071220398,2.3784236907958984,1.462361216545105,2.033592414855957,2.146088123321533,2.1124355792999268,1.8973562717437744,2.319357395172119,2.378504991531372,1.4858028888702393
1.9828008280860052,0,2.021037220954895,2.1851463317871094,2.1123868823051453,1.8762884140014648,2.290695071220398,2.3784236907958984,1.462361216545105,2.033592414855957,2.146088123321533,2.1124355792999268,1.8973562717437744,2.319357395172119,2.378504991531372,1.4858028888702393
1.9618172380659316,2.0214536666870115,2.021037220954895,2.1851463317871094,2.1123868823051453,1.8762884140014648,2.290695071220398,2.3784236907958984,1.462361216545105,2.0214536666870115,2.170456886291504,2.1072269082069397,1.8841724395751953,2.2929593324661255,2.3820972442626953,1.4667203426361084
1.966853658358256,0,2.021037220954895,2.1851463317871094,2.1123868823051453,1.8762884140014648,2.290695071220398,2.3784236907958984,1.462361216545105,2.0214536666870115,2.170456886291504,2.1072269082069397,1.8841724395751953,2.2929593324661255,2.3820972442626953,1.4667203426361084
1.9842808643976848,2.0535308599472044,2.021037220954895,2.1851463317871094,2.1123868823051453,1.8762884140014648,2.290695071220398,2.3784236907958984,1.462361216545105,2.0535308599472044,2.1344971656799316,2.115382671356201,1.9422688484191895,2.320108413696289,2.389949321746826,1.5506714582443237
1.9389987654156156,0,2.021037220954895,2.1851463317871094,2.1123868823051453,1.8762884140014648,2.290695071220398,2.3784236907958984,1.462361216545105,2.0535308599472044,2.1344971656799316,2.115382671356201,1.9422688484191895,2.320108413696289,2.389949321746826,1.5506714582443237
1.949529767036438,2.0434117555618285,2.021037220954895,2.1851463317871094,2.1123868823051453,1.8762884140014648,2.290695071220398,2.3784236907958984,1.462361216545105,2.0434117555618285,2.1260313987731934,2.109163373708725,1.9092010259628296,2.3307249546051025,2.3860602378845215,1.520376443862915
1.9493257866965399,0,2.021037220954895,2.1851463317871094,2.1123868823051453,1.8762884140014648,2.290695071220398,2.3784236907958984,1.462361216545105,2.0434117555618285,2.1260313987731934,2.109163373708725,1.9092010259628296,2.3307249546051025,2.3860602378845215,1.520376443862915
1.9346937868330214,2.0232239723205567,2.021037220954895,2.1851463317871094,2.1123868823051453,1.8762884140014648,2.290695071220398,2.3784236907958984,1.462361216545105,2.0232239723205567,2.149056911468506,2.100112199783325,1.8890705108642578,2.298391342163086,2.3835182189941406,1.4812097549438477
1.9754692448510065,0,2.021037220954895,2.1851463317871094,2.1123868823051453,1.8762884140014648,2.290695071220398,2.3784236907958984,1.462361216545105,2.0232239723205567,2.149056911468506,2.100112199783325,1.8890705108642578,2.298391342163086,2.3835182189941406,1.4812097549438477
1.9923767116334703,2.0233051061630247,2.021037220954895,2.1851463317871094,2.1123868823051453,1.8762884140014648,2.290695071220398,2.3784236907958984,1.462361216545105,2.0233051061630247,2.14605450630188,2.0980947613716125,1.8972663879394531,2.294848918914795,2.3866941928863525,1.4835067987442017
1.983309931225247,0,2.021037220954895,2.1851463317871094,2.1123868823051453,1.8762884140014648,2.290695071220398,2.3784236907958984,1.462361216545105,2.0233051061630247,2.14605450630188,2.0980947613716125,1.8972663879394531,2.294848918914795,2.3866941928863525,1.4835067987442017
1.9598175287246704,2.0191567182540893,2.0191567182540893,2.1538705825805664,2.0980465412139893,1.8850018978118896,2.2973889112472534,2.3953347206115723,1.4621332883834839,2.0191567182540893,2.1538705825805664,2.0980465412139893,1.8850018978118896,2.2973889112472534,2.3953347206115723,1.4621332883834839
1.9246177938249376,0,2.0191567182540893,2.1538705825805664,2.0980465412139893,1.8850018978118896,2.2973889112472534,2.3953347206115723,1.4621332883834839,2.0191567182540893,2.1538705825805664,2.0980465412139893,1.8850018978118896,2.2973889112472534,2.3953347206115723,1.4621332883834839
1.9299325678083632,2.0287882328033446,2.0191567182540893,2.1538705825805664,2.0980465412139893,1.8850018978118896,2.2973889112472534,2.3953347206115723,1.4621332883834839,2.0287882328033446,2.1412770748138428,2.1000511944293976,1.9065741300582886,2.2995187044143677,2.387960910797119,1.497052550315857
1.9535880618625217,0,2.0191567182540893,2.1538705825805664,2.0980465412139893,1.8850018978118896,2.2973889112472534,2.3953347206115723,1.4621332883834839,2.0287882328033446,2.1412770748138428,2.1000511944293976,1.9065741300582886,2.2995187044143677,2.387960910797119,1.497052550315857
1.9393587244881525,2.0241355180740355,2.0191567182540893,2.1538705825805664,2.0980465412139893,1.8850018978118896,2.2973889112472534,2.3953347206115723,1.4621332883834839,2.0241355180740355,2.177762508392334,2.110044836997986,1.8780083656311035,2.295609712600708,2.384573459625244,1.4736872911453247
1.9358976814481947,0,2.0191567182540893,2.1538705825805664,2.0980465412139893,1.8850018978118896,2.2973889112472534,2.3953347206115723,1.4621332883834839,2.0241355180740355,2.177762508392334,2.110044836997986,1.8780083656311035,2.295609712600708,2.384573459625244,1.4736872911453247
1.9222514231999714,2.022454524040222,2.0191567182540893,2.1538705825805664,2.0980465412139893,1.8850018978118896,2.2973889112472534,2.3953347206115723,1.4621332883834839,2.022454524040222,2.1624436378479004,2.1043224036693573,1.8888248205184937,2.2969796657562256,2.3903818130493164,1.4670448303222656
1.9577082263098822,0,2.0191567182540893,2.1538705825805664,2.0980465412139893,1.8850018978118896,2.2973889112472534,2.3953347206115723,1.4621332883834839,2.022454524040222,2.1624436378479004,2.1043224036693573,1.8888248205184937,2.2969796657562256,2.3903818130493164,1.4670448303222656
1.9659047259224787,2.0364294767379763,2.0191567182540893,2.1538705825805664,2.0980465412139893,1.8850018978118896,2.2973889112472534,2.3953347206115723,1.4621332883834839,2.0364294767379763,2.127134323120117,2.1023866832256317,1.9113677740097046,2.316835880279541,2.389761447906494,1.5099735260009766
1.930730938911438,0,2.0191567182540893,2.1538705825805664,2.0980465412139893,1.8850018978118896,2.2973889112472534,2.3953347206115723,1.4621332883834839,2.0364294767379763,2.127134323120117,2.1023866832256317,1.9113677740097046,2.316835880279541,2.389761447906494,1.5099735260009766
1.9222132629818387,2.0263692855834963,2.0191567182540893,2.1538705825805664,2.0980465412139893,1.8850018978118896,2.2973889112472534,2.3953347206115723,1.4621332883834839,2.0263692855834963,2.144096851348877,2.1012065410614014,1.8900043964385986,2.308294653892517,2.3899612426757812,1.4811558723449707
1.9594828950034247,0,2.0191567182540893,2.1538705825805664,2.0980465412139893,1.8850018978118896,2.2973889112472534,2.3953347206115723,1.4621332883834839,2.0263692855834963,2.144096851348877,2.1012065410614014,1.8900043964385986,2.308294653892517,2.3899612426757812,1.4811558723449707
1.9409568442238703,2.0195204257965087,2.0191567182540893,2.1538705825805664,2.0980465412139893,1.8850018978118896,2.2973889112472534,2.3953347206115723,1.4621332883834839,2.0195204257965087,2.1602394580841064,2.0979866981506348,1.8868722915649414,2.2889461517333984,2.393296718597412,1.4725980758666992
1.9306569364335802,0,2.0191567182540893,2.1538705825805664,2.0980465412139893,1.8850018978118896,2.2973889112472534,2.3953347206115723,1.4621332883834839,2.0195204257965087,2.1602394580841064,2.0979866981506348,1.8868722915649414,2.2889461517333984,2.393296718597412,1.4725980758666992
1.906524486011929,2.030558133125305,2.0191567182540893,2.1538705825805664,2.0980465412139893,1.8850018978118896,2.2973889112472534,2.3953347206115723,1.4621332883834839,2.030558133125305,2.1297082901000977,2.097983419895172,1.904407024383545,2.3100205659866333,2.3919310569763184,1.4986342191696167
1.9095260169770982,0,2.0191567182540893,2.1538705825805664,2.0980465412139893,1.8850018978118896,2.2973889112472534,2.3953347206115723,1.4621332883834839,2.030558133125305,2.1297082901000977,2.097983419895172,1.904407024383545,2.3100205659866333,2.3919310569763184,1.4986342191696167
1.956711557176378,2.0259562969207763,2.0191567182540893,2.1538705825805664,2.0980465412139893,1.8850018978118896,2.2973889112472534,2.3953347206115723,1.4621332883834839,2.0259562969207763,2.137791395187378,2.0956255197525024,1.900928020477295,2.300658702850342,2.3953261375427246,1.4897446632385254
1.9447713957892523,0,2.0191567182540893,2.1538705825805664,2.0980465412139893,1.8850018978118896,2.2973889112472534,2.3953347206115723,1.4621332883834839,2.0259562969207763,2.137791395187378,2.0956255197525024,1.900928020477295,2.300658702850342,2.3953261375427246,1.4897446632385254
1.9363315105438232,2.0258063793182375,2.0191567182540893,2.1538705825805664,2.0980465412139893,1.8850018978118896,2.2973889112472534,2.3953347206115723,1.4621332883834839,2.0258063793182375,2.1360397338867188,2.0956159234046936,1.8936030864715576,2.305572748184204,2.394364356994629,1.488243579864502
1.9420466423034668,0,2.0191567182540893,2.1538705825805664,2.0980465412139893,1.8850018978118896,2.2973889112472534,2.3953347206115723,1.4621332883834839,2.0258063793182375,2.1360397338867188,2.0956159234046936,1.8936030864715576,2.305572748184204,2.394364356994629,1.488243579864502
1.9188655482398138,2.0227035999298097,2.0191567182540893,2.1538705825805664,2.0980465412139893,1.8850018978118896,2.2973889112472534,2.3953347206115723,1.4621332883834839,2.0227035999298097,2.1517322063446045,2.098537862300873,1.8870317935943604,2.299697756767273,2.395740270614624,1.475358486175537
1.9438817633522882,0,2.0191567182540893,2.1538705825805664,2.0980465412139893,1.8850018978118896,2.2973889112472534,2.3953347206115723,1.4621332883834839,2.0227035999298097,2.1517322063446045,2.098537862300873,1.8870317935943604,2.299697756767273,2.395740270614624,1.475358486175537
1.9048441780938044,2.064071226119995,2.0191567182540893,2.1538705825805664,2.0980465412139893,1.8850018978118896,2.2973889112472534,2.3953347206115723,1.4621332883834839,2.064071226119995,2.098841428756714,2.107235163450241,1.9435919523239136,2.3468523025512695,2.406038761138916,1.584218144416809
1.9175999694400363,0,2.0191567182540893,2.1538705825805664,2.0980465412139893,1.8850018978118896,2.2973889112472534,2.3953347206115723,1.4621332883834839,2.064071226119995,2.098841428756714,2.107235163450241,1.9435919523239136,2.3468523025512695,2.406038761138916,1.584218144416809
1.938275204764472,2.0230430126190186,2.0191567182540893,2.1538705825805664,2.0980465412139893,1.8850018978118896,2.2973889112472534,2.3953347206115723,1.4621332883834839,2.0230430126190186,2.147965908050537,2.0972495079040527,1.886720895767212,2.3001288175582886,2.3939123153686523,1.4802706241607666
1.9141591522428725,0,2.0191567182540893,2.1538705825805664,2.0980465412139893,1.8850018978118896,2.2973889112472534,2.3953347206115723,1.4621332883834839,2.0230430126190186,2.147965908050537,2.0972495079040527,1.886720895767212,2.3001288175582886,2.3939123153686523,1.4802706241607666
1.9268918169869318,2.0256339073181153,2.0191567182540893,2.1538705825805664,2.0980465412139893,1.8850018978118896,2.2973889112472534,2.3953347206115723,1.4621332883834839,2.0256339073181153,2.1339380741119385,2.0931702852249146,1.899061679840088,2.3003605604171753,2.3949778079986572,1.4944486618041992
1.942519360118442,0,2.0191567182540893,2.1538705825805664,2.0980465412139893,1.8850018978118896,2.2973889112472534,2.3953347206115723,1.4621332883834839,2.0256339073181153,2.1339380741119385,2.0931702852249146,1.899061679840088,2.3003605604171753,2.3949778079986572,1.4944486618041992
1.935560769504971,2.023164701461792,2.0191567182540893,2.1538705825805664,2.0980465412139893,1.8850018978118896,2.2973889112472534,2.3953347206115723,1.4621332883834839,2.023164701461792,2.1445226669311523,2.0934356451034546,1.8973181247711182,2.2939079999923706,2.4004368782043457,1.4861667156219482
1.9237573544184368,0,2.0191567182540893,2.1538705825805664,2.0980465412139893,1.8850018978118896,2.2973889112472534,2.3953347206115723,1.4621332883834839,2.023164701461792,2.1445226669311523,2.0934356451034546,1.8973181247711182,2.2939079999923706,2.4004368782043457,1.4861667156219482
1.9333382182651095,2.0306057929992676,2.0191567182540893,2.1538705825805664,2.0980465412139893,1.8850018978118896,2.2973889112472534,2.3953347206115723,1.4621332883834839,2.0306057929992676,2.1316237449645996,2.098984718322754,1.8967247009277344,2.3161346912384033,2.3963027000427246,1.4924111366271973
1.9594968954722087,0,2.0191567182540893,2.1538705825805664,2.0980465412139893,1.8850018978118896,2.2973889112472534,2.3953347206115723,1.4621332883834839,2.0306057929992676,2.1316237449645996,2.098984718322754,1.8967247009277344,2.3161346912384033,2.3963027000427246,1.4924111366271973
1.933362325032552,2.0190983533859255,2.0190983533859255,2.1515369415283203,2.095126748085022,1.8778963088989258,2.30261766910553,2.405698537826538,1.4608231782913208,2.0190983533859255,2.1515369415283203,2.095126748085022,1.8778963088989258,2.30261766910553,2.405698537826538,1.4608231782913208
1.9250137541029189,0,2.0190983533859255,2.1515369415283203,2.095126748085022,1.8778963088989258,2.30261766910553,2.405698537826538,1.4608231782913208,2.0190983533859255,2.1515369415283203,2.095126748085022,1.8778963088989258,2.30261766910553,2.405698537826538,1.4608231782913208
1.9306801822450426,2.0473399639129637,2.0190983533859255,2.1515369415283203,2.095126748085022,1.8778963088989258,2.30261766910553,2.405698537826538,1.4608231782913208,2.0473399639129637,2.1128909587860107,2.100255250930786,1.9318466186523438,2.321960210800171,2.4005279541015625,1.548041820526123
1.9255844354629517,0,2.0190983533859255,2.1515369415283203,2.095126748085022,1.8778963088989258,2.30261766910553,2.405698537826538,1.4608231782913208,2.0473399639129637,2.1128909587860107,2.100255250930786,1.9318466186523438,2.321960210800171,2.4005279541015625,1.548041820526123
1.9351655509736803,2.023802161216736,2.0190983533859255,2.1515369415283203,2.095126748085022,1.8778963088989258,2.30261766910553,2.405698537826538,1.4608231782913208,2.023802161216736,2.144512891769409,2.0966327488422394,1.8878527879714966,2.301823616027832,2.3939948081970215,1.4829978942871094
1.8904260396957397,0,2.0190983533859255,2.1515369415283203,2.095126748085022,1.8778963088989258,2.30261766910553,2.405698537826538,1.4608231782913208,2.023802161216736,2.144512891769409,2.0966327488422394,1.8878527879714966,2.301823616027832,2.3939948081970215,1.4829978942871094
1.9375476042429607,2.034344696998596,2.0190983533859255,2.1515369415283203,2.095126748085022,1.8778963088989258,2.30261766910553,2.405698537826538,1.4608231782913208,2.034344696998596,2.122830390930176,2.0956908464431763,1.9137704372406006,2.311167359352112,2.3990025520324707,1.512787938117981
1.9291205671098497,0,2.0190983533859255,2.1515369415283203,2.095126748085022,1.8778963088989258,2.30261766910553,2.405698537826538,1.4608231782913208,2.034344696998596,2.122830390930176,2.0956908464431763,1.9137704372406006,2.311167359352112,2.3990025520324707,1.512787938117981
1.9312608109580145,2.0480965614318847,2.0190983533859255,2.1515369415283203,2.095126748085022,1.8778963088989258,2.30261766910553,2.405698537826538,1.4608231782913208,2.0480965614318847,2.119124412536621,2.1077247858047485,1.9124565124511719,2.341608762741089,2.4030237197875977,1.5256843566894531
1.9393697314792209,0,2.0190983533859255,2.1515369415283203,2.095126748085022,1.8778963088989258,2.30261766910553,2.405698537826538,1.4608231782913208,2.0480965614318847,2.119124412536621,2.1077247858047485,1.9124565124511719,2.341608762741089,2.4030237197875977,1.5256843566894531
1.9214339918560452,2.037454342842102,2.0190983533859255,2.1515369415283203,2.095126748085022,1.8778963088989258,2.30261766910553,2.405698537826538,1.4608231782913208,2.037454342842102,2.112950563430786,2.094264805316925,1.91383957862854,2.3179714679718018,2.3986244201660156,1.5245386362075806
1.924043509695265,0,2.0190983533859255,2.1515369415283203,2.095126748085022,1.8778963088989258,2.30261766910553,2.405698537826538,1.4608231782913208,2.037454342842102,2.112950563430786,2.094264805316925,1.91383957862854,2.3179714679718018,2.3986244201660156,1.5245386362075806
1.933250904083252,2.018141841888428,2.018141841888428,2.160519599914551,2.0925387740135193,1.887169361114502,2.2833107709884644,2.404675006866455,1.4763987064361572,2.018141841888428,2.160519599914551,2.0925387740135193,1.887169361114502,2.2833107709884644,2.404675006866455,1.4763987064361572
1.935693833563063,0,2.018141841888428,2.160519599914551,2.0925387740135193,1.887169361114502,2.2833107709884644,2.404675006866455,1.4763987064361572,2.018141841888428,2.160519599914551,2.0925387740135193,1.887169361114502,2.2833107709884644,2.404675006866455,1.4763987064361572
1.9198696083492703,2.0391377210617065,2.018141841888428,2.160519599914551,2.0925387740135193,1.887169361114502,2.2833107709884644,2.404675006866455,1.4763987064361572,2.0391377210617065,2.1114554405212402,2.093147486448288,1.921279788017273,2.3153656721115112,2.402332067489624,1.532222032546997
1.9127565092510648,0,2.018141841888428,2.160519599914551,2.0925387740135193,1.887169361114502,2.2833107709884644,2.404675006866455,1.4763987064361572,2.0391377210617065,2.1114554405212402,2.093147486448288,1.921279788017273,2.3153656721115112,2.402332067489624,1.532222032546997
1.9256401856740315,2.0285045862197877,2.018141841888428,2.160519599914551,2.0925387740135193,1.887169361114502,2.2833107709884644,2.404675006866455,1.4763987064361572,2.0285045862197877,2.130171298980713,2.0935287475585938,1.897217035293579,2.308977961540222,2.401400566101074,1.4971786737442017
1.9256929953893025,0,2.018141841888428,2.160519599914551,2.0925387740135193,1.887169361114502,2.2833107709884644,2.404675006866455,1.4763987064361572,2.0285045862197877,2.130171298980713,2.0935287475585938,1.897217035293579,2.308977961540222,2.401400566101074,1.4971786737442017
1.9033981561660767,2.022760510444641,2.018141841888428,2.160519599914551,2.0925387740135193,1.887169361114502,2.2833107709884644,2.404675006866455,1.4763987064361572,2.022760510444641,2.1357040405273438,2.0897189676761627,1.8976017236709595,2.2963916063308716,2.4029171466827393,1.4877135753631592
1.9315563175413344,0,2.018141841888428,2.160519599914551,2.0925387740135193,1.887169361114502,2.2833107709884644,2.404675006866455,1.4763987064361572,2.022760510444641,2.1357040405273438,2.0897189676761627,1.8976017236709595,2.2963916063308716,2.4029171466827393,1.4877135753631592
1.955834600660536,2.022387742996216,2.018141841888428,2.160519599914551,2.0925387740135193,1.887169361114502,2.2833107709884644,2.404675006866455,1.4763987064361572,2.022387742996216,2.1370608806610107,2.0895919799804688,1.8979878425598145,2.294440507888794,2.402622699737549,1.488008975982666
1.9235590563880072,0,2.018141841888428,2.160519599914551,2.0925387740135193,1.887169361114502,2.2833107709884644,2.404675006866455,1.4763987064361572,2.022387742996216,2.1370608806610107,2.0895919799804688,1.8979878425598145,2.294440507888794,2.402622699737549,1.488008975982666
1.9325009716881647,2.019769239425659,2.018141841888428,2.160519599914551,2.0925387740135193,1.887169361114502,2.2833107709884644,2.404675006866455,1.4763987064361572,2.019769239425659,2.1528196334838867,2.0910671949386597,1.895249366760254,2.2852675914764404,2.4071550369262695,1.4802420139312744
1.9223136769400702,0,2.018141841888428,2.160519599914551,2.0925387740135193,1.887169361114502,2.2833107709884644,2.404675006866455,1.4763987064361572,2.019769239425659,2.1528196334838867,2.0910671949386597,1.895249366760254,2.2852675914764404,2.4071550369262695,1.4802420139312744
1.9263317717446222,2.021259331703186,2.018141841888428,2.160519599914551,2.0925387740135193,1.887169361114502,2.2833107709884644,2.404675006866455,1.4763987064361572,2.021259331703186,2.140860080718994,2.0901330709457397,1.8896708488464355,2.29413902759552,2.399136781692505,1.4874876737594604
1.9399908781051636,0,2.018141841888428,2.160519599914551,2.0925387740135193,1.887169361114502,2.2833107709884644,2.404675006866455,1.4763987064361572,2.021259331703186,2.140860080718994,2.0901330709457397,1.8896708488464355,2.29413902759552,2.399136781692505,1.4874876737594604
1.9836951229307387,2.016975927352905,2.016975927352905,2.129929304122925,2.0840105414390564,1.8786900043487549,2.3038480281829834,2.4102025032043457,1.4685642719268799,2.016975927352905,2.129929304122925,2.0840105414390564,1.8786900043487549,2.3038480281829834,2.4102025032043457,1.4685642719268799
1.9212649398379855,0,2.016975927352905,2.129929304122925,2.0840105414390564,1.8786900043487549,2.3038480281829834,2.4102025032043457,1.4685642719268799,2.016975927352905,2.129929304122925,2.0840105414390564,1.8786900043487549,2.3038480281829834,2.4102025032043457,1.4685642719268799
1.933316667874654,2.034991979598999,2.016975927352905,2.129929304122925,2.0840105414390564,1.8786900043487549,2.3038480281829834,2.4102025032043457,1.4685642719268799,2.034991979598999,2.152390956878662,2.0978139638900757,1.9254615306854248,2.292215943336487,2.42341947555542,1.5126755237579346
1.9639503558476765,0,2.016975927352905,2.129929304122925,2.0840105414390564,1.8786900043487549,2.3038480281829834,2.4102025032043457,1.4685642719268799,2.034991979598999,2.152390956878662,2.0978139638900757,1.9254615306854248,2.292215943336487,2.42341947555542,1.5126755237579346
1.9714224206076727,2.0511926889419554,2.016975927352905,2.129929304122925,2.0840105414390564,1.8786900043487549,2.3038480281829834,2.4102025032043457,1.4685642719268799,2.0511926889419554,2.10986065864563,2.102832466363907,1.9214800596237183,2.339293360710144,2.4084582328796387,1.5460360050201416
1.93951858414544,0,2.016975927352905,2.129929304122925,2.0840105414390564,1.8786900043487549,2.3038480281829834,2.4102025032043457,1.4685642719268799,2.0511926889419554,2.10986065864563,2.102832466363907,1.9214800596237183,2.339293360710144,2.4084582328796387,1.5460360050201416
1.916257381439209,2.033367919921875,2.016975927352905,2.129929304122925,2.0840105414390564,1.8786900043487549,2.3038480281829834,2.4102025032043457,1.4685642719268799,2.033367919921875,2.111501693725586,2.0874308049678802,1.9130390882492065,2.3077197074890137,2.4017586708068848,1.5268594026565552
1.9260118405024211,0,2.016975927352905,2.129929304122925,2.0840105414390564,1.8786900043487549,2.3038480281829834,2.4102025032043457,1.4685642719268799,2.033367919921875,2.111501693725586,2.0874308049678802,1.9130390882492065,2.3077197074890137,2.4017586708068848,1.5268594026565552
1.9431000153223674,2.0202356338500977,2.016975927352905,2.129929304122925,2.0840105414390564,1.8786900043487549,2.3038480281829834,2.4102025032043457,1.4685642719268799,2.0202356338500977,2.13480544090271,2.083887279033661,1.8990280628204346,2.28566575050354,2.404421329498291,1.4960131645202637
1.9253179099824693,0,2.016975927352905,2.129929304122925,2.0840105414390564,1.8786900043487549,2.3038480281829834,2.4102025032043457,1.4685642719268799,2.0202356338500977,2.13480544090271,2.083887279033661,1.8990280628204346,2.28566575050354,2.404421329498291,1.4960131645202637
1.9592907693650987,2.023943877220154,2.016975927352905,2.129929304122925,2.0840105414390564,1.8786900043487549,2.3038480281829834,2.4102025032043457,1.4685642719268799,2.023943877220154,2.1244306564331055,2.0844426453113556,1.9029713869094849,2.2946643829345703,2.403390884399414,1.502988576889038
1.9249352481630113,0,2.016975927352905,2.129929304122925,2.0840105414390564,1.8786900043487549,2.3038480281829834,2.4102025032043457,1.4685642719268799,2.023943877220154,2.1244306564331055,2.0844426453113556,1.9029713869094849,2.2946643829345703,2.403390884399414,1.502988576889038
1.9377945926454332,2.016974115371704,2.016974115371704,2.1567740440368652,2.090321719646454,1.8823976516723633,2.2855924367904663,2.405843734741211,1.4745140075683594,2.016974115371704,2.1567740440368652,2.090321719646454,1.8823976516723633,2.2855924367904663,2.405843734741211,1.4745140075683594
1.9182246658537123,0,2.016974115371704,2.1567740440368652,2.090321719646454,1.8823976516723633,2.2855924367904663,2.405843734741211,1.4745140075683594,2.016974115371704,2.1567740440368652,2.090321719646454,1.8823976516723633,2.2855924367904663,2.405843734741211,1.4745140075683594
1.9323610464731853,2.021480369567871,2.016974115371704,2.1567740440368652,2.090321719646454,1.8823976516723633,2.2855924367904663,2.405843734741211,1.4745140075683594,2.021480369567871,2.140040874481201,2.0868947505950928,1.9002928733825684,2.2881686687469482,2.409132957458496,1.4907307624816895
1.9371515115102131,0,2.016974115371704,2.1567740440368652,2.090321719646454,1.8823976516723633,2.2855924367904663,2.405843734741211,1.4745140075683594,2.021480369567871,2.140040874481201,2.0868947505950928,1.9002928733825684,2.2881686687469482,2.409132957458496,1.4907307624816895
1.928793602519565,2.0382599353790285,2.016974115371704,2.1567740440368652,2.090321719646454,1.8823976516723633,2.2855924367904663,2.405843734741211,1.4745140075683594,2.0382599353790285,2.1091089248657227,2.0910351276397705,1.9200549125671387,2.3161277770996094,2.4063878059387207,1.5298802852630615
1.936416745185852,0,2.016974115371704,2.1567740440368652,2.090321719646454,1.8823976516723633,2.2855924367904663,2.405843734741211,1.4745140075683594,2.0382599353790285,2.1091089248657227,2.0910351276397705,1.9200549125671387,2.3161277770996094,2.4063878059387207,1.5298802852630615
1.9245326386557684,2.0246426582336428,2.016974115371704,2.1567740440368652,2.090321719646454,1.8823976516723633,2.2855924367904663,2.405843734741211,1.4745140075683594,2.0246426582336428,2.1345596313476562,2.090710759162903,1.8944575786590576,2.3014488220214844,2.4036314487457275,1.4912984371185303
1.9265438715616863,0,2.016974115371704,2.1567740440368652,2.090321719646454,1.8823976516723633,2.2855924367904663,2.405843734741211,1.4745140075683594,2.0246426582336428,2.1345596313476562,2.090710759162903,1.8944575786590576,2.3014488220214844,2.4036314487457275,1.4912984371185303
1.9185780816608005,2.032529377937317,2.016974115371704,2.1567740440368652,2.090321719646454,1.8823976516723633,2.2855924367904663,2.405843734741211,1.4745140075683594,2.032529377937317,2.1170010566711426,2.0877937376499176,1.9186650514602661,2.303403854370117,2.4082999229431152,1.5201730728149414
1.9084059927198622,0,2.016974115371704,2.1567740440368652,2.090321719646454,1.8823976516723633,2.2855924367904663,2.405843734741211,1.4745140075683594,2.032529377937317,2.1170010566711426,2.0877937376499176,1.9186650514602661,2.303403854370117,2.4082999229431152,1.5201730728149414
1.9535146554311116,2.017930269241333,2.016974115371704,2.1567740440368652,2.090321719646454,1.8823976516723633,2.2855924367904663,2.405843734741211,1.4745140075683594,2.017930269241333,2.159168243408203,2.091836988925934,1.8781113624572754,2.287547469139099,2.4041948318481445,1.4772768020629883
1.9212272697024875,0,2.016974115371704,2.1567740440368652,2.090321719646454,1.8823976516723633,2.2855924367904663,2.405843734741211,1.4745140075683594,2.017930269241333,2.159168243408203,2.091836988925934,1.8781113624572754,2.287547469139099,2.4041948318481445,1.4772768020629883
1.9275162087546454,2.0344664573669435,2.016974115371704,2.1567740440368652,2.090321719646454,1.8823976516723633,2.2855924367904663,2.405843734741211,1.4745140075683594,2.0344664573669435,2.122889518737793,2.089705914258957,1.9241946935653687,2.2997384071350098,2.4106268882751465,1.5257712602615356
1.9378406869040594,0,2.016974115371704,2.1567740440368652,2.090321719646454,1.8823976516723633,2.2855924367904663,2.405843734741211,1.4745140075683594,2.0344664573669435,2.122889518737793,2.089705914258957,1.9241946935653687,2.2997384071350098,2.4106268882751465,1.5257712602615356
1.917750702963935,2.0244179725646974,2.016974115371704,2.1567740440368652,2.090321719646454,1.8823976516723633,2.2855924367904663,2.405843734741211,1.4745140075683594,2.0244179725646974,2.129059314727783,2.0885266065597534,1.8981842994689941,2.2995142936706543,2.4012250900268555,1.4958176612854004
1.9243279827965631,0,2.016974115371704,2.1567740440368652,2.090321719646454,1.8823976516723633,2.2855924367904663,2.405843734741211,1.4745140075683594,2.0244179725646974,2.129059314727783,2.0885266065597534,1.8981842994689941,2.2995142936706543,2.4012250900268555,1.4958176612854004
1.9267141024271648,2.03243088722229,2.016974115371704,2.1567740440368652,2.090321719646454,1.8823976516723633,2.2855924367904663,2.405843734741211,1.4745140075683594,2.03243088722229,2.1155881881713867,2.088802933692932,1.9143176078796387,2.3072421550750732,2.40476655960083,1.5177643299102783
1.927594502766927,0,2.016974115371704,2.1567740440368652,2.090321719646454,1.8823976516723633,2.2855924367904663,2.405843734741211,1.4745140075683594,2.03243088722229,2.1155881881713867,2.088802933692932,1.9143176078796387,2.3072421550750732,2.40476655960083,1.5177643299102783
1.9420759015613132,2.0574913024902344,2.016974115371704,2.1567740440368652,2.090321719646454,1.8823976516723633,2.2855924367904663,2.405843734741211,1.4745140075683594,2.0574913024902344,2.101881504058838,2.1048790216445923,1.9313600063323975,2.348228335380554,2.4120635986328125,1.5577583312988281
1.9337809483210247,0,2.016974115371704,2.1567740440368652,2.090321719646454,1.8823976516723633,2.2855924367904663,2.405843734741211,1.4745140075683594,2.0574913024902344,2.101881504058838,2.1048790216445923,1.9313600063323975,2.348228335380554,2.4120635986328125,1.5577583312988281
1.9467490911483765,2.019057011604309,2.016974115371704,2.1567740440368652,2.090321719646454,1.8823976516723633,2.2855924367904663,2.405843734741211,1.4745140075683594,2.019057011604309,2.1640584468841553,2.09532430768013,1.8812228441238403,2.2874075174331665,2.402857542037964,1.4751887321472168
1.916578518019782,0,2.016974115371704,2.1567740440368652,2.090321719646454,1.8823976516723633,2.2855924367904663,2.405843734741211,1.4745140075683594,2.019057011604309,2.1640584468841553,2.09532430768013,1.8812228441238403,2.2874075174331665,2.402857542037964,1.4751887321472168
1.9254954126146104,2.0381551504135134,2.016974115371704,2.1567740440368652,2.090321719646454,1.8823976516723633,2.2855924367904663,2.405843734741211,1.4745140075683594,2.0381551504135134,2.1151936054229736,2.0901248157024384,1.9281834363937378,2.305427312850952,2.408926010131836,1.5365440845489502
1.9417603015899658,0,2.016974115371704,2.1567740440368652,2.090321719646454,1.8823976516723633,2.2855924367904663,2.405843734741211,1.4745140075683594,2.0381551504135134,2.1151936054229736,2.0901248157024384,1.9281834363937378,2.305427312850952,2.408926010131836,1.5365440845489502
1.9165540138880413,2.03824782371521,2.016974115371704,2.1567740440368652,2.090321719646454,1.8823976516723633,2.2855924367904663,2.405843734741211,1.4745140075683594,2.03824782371521,2.1271724700927734,2.1005303263664246,1.905639410018921,2.3238567113876343,2.405576467514038,1.510713815689087
1.9210322962866888,0,2.016974115371704,2.1567740440368652,2.090321719646454,1.8823976516723633,2.2855924367904663,2.405843734741211,1.4745140075683594,2.03824782371521,2.1271724700927734,2.1005303263664246,1.905639410018921,2.3238567113876343,2.405576467514038,1.510713815689087
1.9072159131368,2.0239851474761963,2.016974115371704,2.1567740440368652,2.090321719646454,1.8823976516723633,2.2855924367904663,2.405843734741211,1.4745140075683594,2.0239851474761963,2.135011911392212,2.089572846889496,1.9026782512664795,2.2961127758026123,2.4066362380981445,1.4900100231170654
1.9259742630852594,0,2.016974115371704,2.1567740440368652,2.090321719646454,1.8823976516723633,2.2855924367904663,2.405843734741211,1.4745140075683594,2.0239851474761963,2.135011911392212,2.089572846889496,1.9026782512664795,2.2961127758026123,2.4066362380981445,1.4900100231170654
1.9199085765414767,2.0582396268844603,2.016974115371704,2.1567740440368652,2.090321719646454,1.8823976516723633,2.2855924367904663,2.405843734741211,1.4745140075683594,2.0582396268844603,2.097989797592163,2.103118270635605,1.9346283674240112,2.34710955619812,2.412353992462158,1.5643608570098877
1.9118645721011691,0,2.016974115371704,2.1567740440368652,2.090321719646454,1.8823976516723633,2.2855924367904663,2.405843734741211,1.4745140075683594,2.0582396268844603,2.097989797592163,2.103118270635605,1.9346283674240112,2.34710955619812,2.412353992462158,1.5643608570098877
1.925177534421285,2.0197101831436157,2.016974115371704,2.1567740440368652,2.090321719646454,1.8823976516723633,2.2855924367904663,2.405843734741211,1.4745140075683594,2.0197101831436157,2.1479358673095703,2.0903167128562927,1.8914680480957031,2.2894734144210815,2.405019760131836,1.480200171470642
1.9411995146009657,0,2.016974115371704,2.1567740440368652,2.090321719646454,1.8823976516723633,2.2855924367904663,2.405843734741211,1.4745140075683594,2.0197101831436157,2.1479358673095703,2.0903167128562927,1.8914680480957031,2.2894734144210815,2.405019760131836,1.480200171470642
1.9193328354093764,2.023321270942688,2.016974115371704,2.1567740440368652,2.090321719646454,1.8823976516723633,2.2855924367904663,2.405843734741211,1.4745140075683594,2.023321270942688,2.1314284801483154,2.0878789722919464,1.9008759260177612,2.295805335044861,2.403827667236328,1.4926912784576416
1.9302435053719416,0,2.016974115371704,2.1567740440368652,2.090321719646454,1.8823976516723633,2.2855924367904663,2.405843734741211,1.4745140075683594,2.023321270942688,2.1314284801483154,2.0878789722919464,1.9008759260177612,2.295805335044861,2.403827667236328,1.4926912784576416
1.9407638443840876,2.022906279563904,2.016974115371704,2.1567740440368652,2.090321719646454,1.8823976516723633,2.2855924367904663,2.405843734741211,1.4745140075683594,2.022906279563904,2.135666847229004,2.0884437263011932,1.9019964933395386,2.2936195135116577,2.406794309616089,1.4896290302276611
1.92209878232744,0,2.016974115371704,2.1567740440368652,2.090321719646454,1.8823976516723633,2.2855924367904663,2.405843734741211,1.4745140075683594,2.022906279563904,2.135666847229004,2.0884437263011932,1.9019964933395386,2.2936195135116577,2.406794309616089,1.4896290302276611
1.909511433707343,2.0262380123138426,2.016974115371704,2.1567740440368652,2.090321719646454,1.8823976516723633,2.2855924367904663,2.405843734741211,1.4745140075683594,2.0262380123138426,2.124654769897461,2.0880672931671143,1.9047675132751465,2.301644206047058,2.4050962924957275,1.4984793663024902
1.9280403190188937,0,2.016974115371704,2.1567740440368652,2.090321719646454,1.8823976516723633,2.2855924367904663,2.405843734741211,1.4745140075683594,2.0262380123138426,2.124654769897461,2.0880672931671143,1.9047675132751465,2.301644206047058,2.4050962924957275,1.4984793663024902
1.9208919339709811,2.018527793884277,2.016974115371704,2.1567740440368652,2.090321719646454,1.8823976516723633,2.2855924367904663,2.405843734741211,1.4745140075683594,2.018527793884277,2.1475987434387207,2.088839828968048,1.8872578144073486,2.293212413787842,2.4135208129882812,1.4713575839996338
1.9413528442382812,0,2.016974115371704,2.1567740440368652,2.090321719646454,1.8823976516723633,2.2855924367904663,2.405843734741211,1.4745140075683594,2.018527793884277,2.1475987434387207,2.088839828968048,1.8872578144073486,2.293212413787842,2.4135208129882812,1.4713575839996338
1.9187736511230469,2.030393290519714,2.016974115371704,2.1567740440368652,2.090321719646454,1.8823976516723633,2.2855924367904663,2.405843734741211,1.4745140075683594,2.030393290519714,2.1191375255584717,2.0890847742557526,1.9121900796890259,2.305694341659546,2.405514717102051,1.5092501640319824
1.9124354786343045,0,2.016974115371704,2.1567740440368652,2.090321719646454,1.8823976516723633,2.2855924367904663,2.405843734741211,1.4745140075683594,2.030393290519714,2.1191375255584717,2.0890847742557526,1.9121900796890259,2.305694341659546,2.405514717102051,1.5092501640319824
1.9062957631217108,2.0228546142578123,2.016974115371704,2.1567740440368652,2.090321719646454,1.8823976516723633,2.2855924367904663,2.405843734741211,1.4745140075683594,2.0228546142578123,2.1406726837158203,2.0917659997940063,1.892043113708496,2.2991679906845093,2.40466046333313,1.4832212924957275
1.9083471695582073,0,2.016974115371704,2.1567740440368652,2.090321719646454,1.8823976516723633,2.2855924367904663,2.405843734741211,1.4745140075683594,2.0228546142578123,2.1406726837158203,2.0917659997940063,1.892043113708496,2.2991679906845093,2.40466046333313,1.4832212924957275
1.9006617069244385,2.023325228691101,2.016974115371704,2.1567740440368652,2.090321719646454,1.8823976516723633,2.2855924367904663,2.405843734741211,1.4745140075683594,2.023325228691101,2.1406936645507812,2.0886625349521637,1.903128743171692,2.291102170944214,2.4120702743530273,1.4905993938446045
1.923469450738695,0,2.016974115371704,2.1567740440368652,2.090321719646454,1.8823976516723633,2.2855924367904663,2.405843734741211,1.4745140075683594,2.023325228691101,2.1406936645507812,2.0886625349521637,1.903128743171692,2.291102170944214,2.4120702743530273,1.4905993938446045
1.9116236103905573,2.0225014686584473,2.016974115371704,2.1567740440368652,2.090321719646454,1.8823976516723633,2.2855924367904663,2.405843734741211,1.4745140075683594,2.0225014686584473,2.1376285552978516,2.0897440314292908,1.8918473720550537,2.2975269556045532,2.4031822681427,1.4879775047302246
1.9408835702472262,0,2.016974115371704,2.1567740440368652,2.090321719646454,1.8823976516723633,2.2855924367904663,2.405843734741211,1.4745140075683594,2.0225014686584473,2.1376285552978516,2.0897440314292908,1.8918473720550537,2.2975269556045532,2.4031822681427,1.4879775047302246
1.94660222530365,2.020841860771179,2.016974115371704,2.1567740440368652,2.090321719646454,1.8823976516723633,2.2855924367904663,2.405843734741211,1.4745140075683594,2.020841860771179,2.1420626640319824,2.087929755449295,1.8958765268325806,2.2898104190826416,2.4079036712646484,1.4866492748260498
1.9181353251139324,0,2.016974115371704,2.1567740440368652,2.090321719646454,1.8823976516723633,2.2855924367904663,2.405843734741211,1.4745140075683594,2.020841860771179,2.1420626640319824,2.087929755449295,1.8958765268325806,2.2898104190826416,2.4079036712646484,1.4866492748260498
1.9169932338926527,2.022453236579895,2.016974115371704,2.1567740440368652,2.090321719646454,1.8823976516723633,2.2855924367904663,2.405843734741211,1.4745140075683594,2.022453236579895,2.139293670654297,2.090885102748871,1.894026517868042,2.297822952270508,2.404719352722168,1.4833000898361206
1.9334275722503662,0,2.016974115371704,2.1567740440368652,2.090321719646454,1.8823976516723633,2.2855924367904663,2.405843734741211,1.4745140075683594,2.022453236579895,2.139293670654297,2.090885102748871,1.894026517868042,2.297822952270508,2.404719352722168,1.4833000898361206
1.9075528515709772,2.0360648155212404,2.016974115371704,2.1567740440368652,2.090321719646454,1.8823976516723633,2.2855924367904663,2.405843734741211,1.4745140075683594,2.0360648155212404,2.113694190979004,2.092611014842987,1.9173564910888672,2.3152800798416138,2.4048609733581543,1.5187132358551025
1.922119140625,0,2.016974115371704,2.1567740440368652,2.090321719646454,1.8823976516723633,2.2855924367904663,2.405843734741211,1.4745140075683594,2.0360648155212404,2.113694190979004,2.092611014842987,1.9173564910888672,2.3152800798416138,2.4048609733581543,1.5187132358551025
1.9359335501988728,2.0291807889938354,2.016974115371704,2.1567740440368652,2.090321719646454,1.8823976516723633,2.2855924367904663,2.405843734741211,1.4745140075683594,2.0291807889938354,2.131678342819214,2.095610648393631,1.8971534967422485,2.312319755554199,2.402707099914551,1.4924325942993164
1.9154016574223836,0,2.016974115371704,2.1567740440368652,2.090321719646454,1.8823976516723633,2.2855924367904663,2.405843734741211,1.4745140075683594,2.0291807889938354,2.131678342819214,2.095610648393631,1.8971534967422485,2.312319755554199,2.402707099914551,1.4924325942993164
1.919626818762885,2.03058021068573,2.016974115371704,2.1567740440368652,2.090321719646454,1.8823976516723633,2.2855924367904663,2.405843734741211,1.4745140075683594,2.03058021068573,2.120981216430664,2.088672250509262,1.914511799812317,2.30277681350708,2.407338857650757,1.5118544101715088
1.9046949942906697,0,2.016974115371704,2.1567740440368652,2.090321719646454,1.8823976516723633,2.2855924367904663,2.405843734741211,1.4745140075683594,2.03058021068573,2.120981216430664,2.088672250509262,1.914511799812317,2.30277681350708,2.407338857650757,1.5118544101715088
1.9280833005905151,2.0244505167007447,2.016974115371704,2.1567740440368652,2.090321719646454,1.8823976516723633,2.2855924367904663,2.405843734741211,1.4745140075683594,2.0244505167007447,2.138099193572998,2.0931083858013153,1.894069790840149,2.303407073020935,2.404648780822754,1.483269453048706
1.9090110063552856,0,2.016974115371704,2.1567740440368652,2.090321719646454,1.8823976516723633,2.2855924367904663,2.405843734741211,1.4745140075683594,2.0244505167007447,2.138099193572998,2.0931083858013153,1.894069790840149,2.303407073020935,2.404648780822754,1.483269453048706
1.9102259344524808,2.031972312927246,2.016974115371704,2.1567740440368652,2.090321719646454,1.8823976516723633,2.2855924367904663,2.405843734741211,1.4745140075683594,2.031972312927246,2.1190695762634277,2.0929983854293823,1.907945156097412,2.3148562908172607,2.4038033485412598,1.5031342506408691
1.911662843492296,0,2.016974115371704,2.1567740440368652,2.090321719646454,1.8823976516723633,2.2855924367904663,2.405843734741211,1.4745140075683594,2.031972312927246,2.1190695762634277,2.0929983854293823,1.907945156097412,2.3148562908172607,2.4038033485412598,1.5031342506408691
1.9307501448525324,2.018817901611328,2.016974115371704,2.1567740440368652,2.090321719646454,1.8823976516723633,2.2855924367904663,2.405843734741211,1.4745140075683594,2.018817901611328,2.1626930236816406,2.094282031059265,1.8844337463378906,2.287229299545288,2.4071502685546875,1.4725041389465332
1.9168420765135024,0,2.016974115371704,2.1567740440368652,2.090321719646454,1.8823976516723633,2.2855924367904663,2.405843734741211,1.4745140075683594,2.018817901611328,2.1626930236816406,2.094282031059265,1.8844337463378906,2.287229299545288,2.4071502685546875,1.4725041389465332
1.9128966728846233,2.034452772140503,2.016974115371704,2.1567740440368652,2.090321719646454,1.8823976516723633,2.2855924367904663,2.405843734741211,1.4745140075683594,2.034452772140503,2.113593101501465,2.092154562473297,1.9125404357910156,2.316770076751709,2.404648542404175,1.5125901699066162
1.9250270922978718,0,2.016974115371704,2.1567740440368652,2.090321719646454,1.8823976516723633,2.2855924367904663,2.405843734741211,1.4745140075683594,2.034452772140503,2.113593101501465,2.092154562473297,1.9125404357910156,2.316770076751709,2.404648542404175,1.5125901699066162
1.9248807827631633,2.021789526939392,2.016974115371704,2.1567740440368652,2.090321719646454,1.8823976516723633,2.2855924367904663,2.405843734741211,1.4745140075683594,2.021789526939392,2.143401622772217,2.091932535171509,1.891322374343872,2.29682457447052,2.4040446281433105,1.4805744886398315
1.9230930937661066,0,2.016974115371704,2.1567740440368652,2.090321719646454,1.8823976516723633,2.2855924367904663,2.405843734741211,1.4745140075683594,2.021789526939392,2.143401622772217,2.091932535171509,1.891322374343872,2.29682457447052,2.4040446281433105,1.4805744886398315
1.9282933606041803,2.0326704502105715,2.016974115371704,2.1567740440368652,2.090321719646454,1.8823976516723633,2.2855924367904663,2.405843734741211,1.4745140075683594,2.0326704502105715,2.1157097816467285,2.0906821489334106,1.9126906394958496,2.3119202852249146,2.405222177505493,1.5111112594604492
1.9017182191212971,0,2.016974115371704,2.1567740440368652,2.090321719646454,1.8823976516723633,2.2855924367904663,2.405843734741211,1.4745140075683594,2.0326704502105715,2.1157097816467285,2.0906821489334106,1.9126906394958496,2.3119202852249146,2.405222177505493,1.5111112594604492
1.9259252548217773,2.0261143684387206,2.016974115371704,2.1567740440368652,2.090321719646454,1.8823976516723633,2.2855924367904663,2.405843734741211,1.4745140075683594,2.0261143684387206,2.1297168731689453,2.0917940735816956,1.9007914066314697,2.305743455886841,2.4045357704162598,1.4885766506195068
1.9107220835155911,0,2.016974115371704,2.1567740440368652,2.090321719646454,1.8823976516723633,2.2855924367904663,2.405843734741211,1.4745140075683594,2.0261143684387206,2.1297168731689453,2.0917940735816956,1.9007914066314697,2.305743455886841,2.4045357704162598,1.4885766506195068
1.9206614361868963,2.0202721118927003,2.016974115371704,2.1567740440368652,2.090321719646454,1.8823976516723633,2.2855924367904663,2.405843734741211,1.4745140075683594,2.0202721118927003,2.1528351306915283,2.0932253003120422,1.8866393566131592,2.2929463386535645,2.405301094055176,1.4759933948516846
1.8964836994806926,0,2.016974115371704,2.1567740440368652,2.090321719646454,1.8823976516723633,2.2855924367904663,2.405843734741211,1.4745140075683594,2.0202721118927003,2.1528351306915283,2.0932253003120422,1.8866393566131592,2.2929463386535645,2.405301094055176,1.4759933948516846
1.9186419116126165,2.0384957551956178,2.016974115371704,2.1567740440368652,2.090321719646454,1.8823976516723633,2.2855924367904663,2.405843734741211,1.4745140075683594,2.0384957551956178,2.1094744205474854,2.093917280435562,1.9161101579666138,2.3231050968170166,2.405600070953369,1.520684003829956
1.9114507701661851,0,2.016974115371704,2.1567740440368652,2.090321719646454,1.8823976516723633,2.2855924367904663,2.405843734741211,1.4745140075683594,2.0384957551956178,2.1094744205474854,2.093917280435562,1.9161101579666138,2.3231050968170166,2.405600070953369,1.520684003829956
1.9103737937079535,2.021691918373108,2.016974115371704,2.1567740440368652,2.090321719646454,1.8823976516723633,2.2855924367904663,2.405843734741211,1.4745140075683594,2.021691918373108,2.1402673721313477,2.0898694694042206,1.8954302072525024,2.294895648956299,2.406278371810913,1.4829707145690918
1.9390544096628826,0,2.016974115371704,2.1567740440368652,2.090321719646454,1.8823976516723633,2.2855924367904663,2.405843734741211,1.4745140075683594,2.021691918373108,2.1402673721313477,2.0898694694042206,1.8954302072525024,2.294895648956299,2.406278371810913,1.4829707145690918
1.9212591118282742,2.04941668510437,2.016974115371704,2.1567740440368652,2.090321719646454,1.8823976516723633,2.2855924367904663,2.405843734741211,1.4745140075683594,2.04941668510437,2.1024327278137207,2.0992570519447327,1.9259300231933594,2.337384343147278,2.408535957336426,1.5439519882202148
1.9367999235788982,0,2.016974115371704,2.1567740440368652,2.090321719646454,1.8823976516723633,2.2855924367904663,2.405843734741211,1.4745140075683594,2.04941668510437,2.1024327278137207,2.0992570519447327,1.9259300231933594,2.337384343147278,2.408535957336426,1.5439519882202148
1.9225025839275784,2.0191690921783447,2.016974115371704,2.1567740440368652,2.090321719646454,1.8823976516723633,2.2855924367904663,2.405843734741211,1.4745140075683594,2.0191690921783447,2.158722162246704,2.0921581387519836,1.8911468982696533,2.2853875160217285,2.410733699798584,1.4752013683319092
1.9106744925181072,0,2.016974115371704,2.1567740440368652,2.090321719646454,1.8823976516723633,2.2855924367904663,2.405843734741211,1.4745140075683594,2.0191690921783447,2.158722162246704,2.0921581387519836,1.8911468982696533,2.2853875160217285,2.410733699798584,1.4752013683319092
1.9183439016342163,2.022084641456604,2.016974115371704,2.1567740440368652,2.090321719646454,1.8823976516723633,2.2855924367904663,2.405843734741211,1.4745140075683594,2.022084641456604,2.1374571323394775,2.0894731283187866,1.8939647674560547,2.296680212020874,2.4043469429016113,1.4856408834457397
1.9283798535664876,0,2.016974115371704,2.1567740440368652,2.090321719646454,1.8823976516723633,2.2855924367904663,2.405843734741211,1.4745140075683594,2.022084641456604,2.1374571323394775,2.0894731283187866,1.8939647674560547,2.296680212020874,2.4043469429016113,1.4856408834457397
1.9274157418145075,2.024739146232605,2.016974115371704,2.1567740440368652,2.090321719646454,1.8823976516723633,2.2855924367904663,2.405843734741211,1.4745140075683594,2.024739146232605,2.127668619155884,2.0878616869449615,1.9016872644424438,2.300197124481201,2.4059720039367676,1.493945598602295
1.9131431844499376,0,2.016974115371704,2.1567740440368652,2.090321719646454,1.8823976516723633,2.2855924367904663,2.405843734741211,1.4745140075683594,2.024739146232605,2.127668619155884,2.0878616869449615,1.9016872644424438,2.300197124481201,2.4059720039367676,1.493945598602295
1.9274216228061252,2.019247817993164,2.016974115371704,2.1567740440368652,2.090321719646454,1.8823976516723633,2.2855924367904663,2.405843734741211,1.4745140075683594,2.019247817993164,2.1521947383880615,2.0900379419326782,1.892439603805542,2.286862015724182,2.4104013442993164,1.4778807163238525
1.9011948903401692,0,2.016974115371704,2.1567740440368652,2.090321719646454,1.8823976516723633,2.2855924367904663,2.405843734741211,1.4745140075683594,2.019247817993164,2.1521947383880615,2.0900379419326782,1.892439603805542,2.286862015724182,2.4104013442993164,1.4778807163238525
1.9228075742721558,2.0293121576309203,2.016974115371704,2.1567740440368652,2.090321719646454,1.8823976516723633,2.2855924367904663,2.405843734741211,1.4745140075683594,2.0293121576309203,2.1196422576904297,2.0896609723567963,1.9067648649215698,2.3086555004119873,2.4047164916992188,1.502842664718628
1.9179350270165338,0,2.016974115371704,2.1567740440368652,2.090321719646454,1.8823976516723633,2.2855924367904663,2.405843734741211,1.4745140075683594,2.0293121576309203,2.1196422576904297,2.0896609723567963,1.9067648649215698,2.3086555004119873,2.4047164916992188,1.502842664718628
1.904752704832289,2.0214784383773803,2.016974115371704,2.1567740440368652,2.090321719646454,1.8823976516723633,2.2855924367904663,2.405843734741211,1.4745140075683594,2.0214784383773803,2.1386239528656006,2.0886183083057404,1.8961659669876099,2.294102907180786,2.407146453857422,1.4843964576721191
1.9067462152904935,0,2.016974115371704,2.1567740440368652,2.090321719646454,1.8823976516723633,2.2855924367904663,2.405843734741211,1.4745140075683594,2.0214784383773803,2.1386239528656006,2.0886183083057404,1.8961659669876099,2.294102907180786,2.407146453857422,1.4843964576721191
1.928600205315484,2.041867423057556,2.016974115371704,2.1567740440368652,2.090321719646454,1.8823976516723633,2.2855924367904663,2.405843734741211,1.4745140075683594,2.041867423057556,2.1062214374542236,2.0947089791297913,1.920243501663208,2.3273870944976807,2.4086246490478516,1.5280979871749878
1.927847491370307,0,2.016974115371704,2.1567740440368652,2.090321719646454,1.8823976516723633,2.2855924367904663,2.405843734741211,1.4745140075683594,2.041867423057556,2.1062214374542236,2.0947089791297913,1.920243501663208,2.3273870944976807,2.4086246490478516,1.5280979871749878
1.917119304339091,2.0207831859588623,2.016974115371704,2.1567740440368652,2.090321719646454,1.8823976516723633,2.2855924367904663,2.405843734741211,1.4745140075683594,2.0207831859588623,2.141599178314209,2.0890990495681763,1.8935308456420898,2.2932831048965454,2.4068992137908936,1.4822196960449219
1.9055056836869981,0,2.016974115371704,2.1567740440368652,2.090321719646454,1.8823976516723633,2.2855924367904663,2.405843734741211,1.4745140075683594,2.0207831859588623,2.141599178314209,2.0890990495681763,1.8935308456420898,2.2932831048965454,2.4068992137908936,1.4822196960449219
1.9207598898145888,2.033449649810791,2.016974115371704,2.1567740440368652,2.090321719646454,1.8823976516723633,2.2855924367904663,2.405843734741211,1.4745140075683594,2.033449649810791,2.111727476119995,2.0891871452331543,1.9144177436828613,2.3129667043685913,2.407057523727417,1.515169620513916
1.9134972890218098,0,2.016974115371704,2.1567740440368652,2.090321719646454,1.8823976516723633,2.2855924367904663,2.405843734741211,1.4745140075683594,2.033449649810791,2.111727476119995,2.0891871452331543,1.9144177436828613,2.3129667043685913,2.407057523727417,1.515169620513916
1.9117214017444186,2.0251568794250487,2.016974115371704,2.1567740440368652,2.090321719646454,1.8823976516723633,2.2855924367904663,2.405843734741211,1.4745140075683594,2.0251568794250487,2.1307976245880127,2.0900000631809235,1.8973208665847778,2.3033177852630615,2.4055514335632324,1.4910303354263306
1.917409618695577,0,2.016974115371704,2.1567740440368652,2.090321719646454,1.8823976516723633,2.2855924367904663,2.405843734741211,1.4745140075683594,2.0251568794250487,2.1307976245880127,2.0900000631809235,1.8973208665847778,2.3033177852630615,2.4055514335632324,1.4910303354263306
1.9189465443293254,2.021410274505615,2.016974115371704,2.1567740440368652,2.090321719646454,1.8823976516723633,2.2855924367904663,2.405843734741211,1.4745140075683594,2.021410274505615,2.1384317874908447,2.087486684322357,1.8984510898590088,2.2920191287994385,2.4094061851501465,1.4861302375793457
1.9214576880137126,0,2.016974115371704,2.1567740440368652,2.090321719646454,1.8823976516723633,2.2855924367904663,2.405843734741211,1.4745140075683594,2.021410274505615,2.1384317874908447,2.087486684322357,1.8984510898590088,2.2920191287994385,2.4094061851501465,1.4861302375793457
1.9150390360090468,2.0231441974639894,2.016974115371704,2.1567740440368652,2.090321719646454,1.8823976516723633,2.2855924367904663,2.405843734741211,1.4745140075683594,2.0231441974639894,2.1322267055511475,2.087757498025894,1.8995014429092407,2.297638177871704,2.408201217651367,1.48871648311615
1.9153455628289118,0,2.016974115371704,2.1567740440368652,2.090321719646454,1.8823976516723633,2.2855924367904663,2.405843734741211,1.4745140075683594,2.0231441974639894,2.1322267055511475,2.087757498025894,1.8995014429092407,2.297638177871704,2.408201217651367,1.48871648311615
1.921377460161845,2.0211877107620237,2.016974115371704,2.1567740440368652,2.090321719646454,1.8823976516723633,2.2855924367904663,2.405843734741211,1.4745140075683594,2.0211877107620237,2.138624668121338,2.0875794291496277,1.8968498706817627,2.2927052974700928,2.4091920852661133,1.4850534200668335
1.9078492588467069,0,2.016974115371704,2.1567740440368652,2.090321719646454,1.8823976516723633,2.2855924367904663,2.405843734741211,1.4745140075683594,2.0211877107620237,2.138624668121338,2.0875794291496277,1.8968498706817627,2.2927052974700928,2.4091920852661133,1.4850534200668335
1.8946709500418768,2.0228633642196656,2.016974115371704,2.1567740440368652,2.090321719646454,1.8823976516723633,2.2855924367904663,2.405843734741211,1.4745140075683594,2.0228633642196656,2.132561683654785,2.0877512991428375,1.8982235193252563,2.29756498336792,2.4074716567993164,1.4884016513824463
1.9175714916653104,0,2.016974115371704,2.1567740440368652,2.090321719646454,1.8823976516723633,2.2855924367904663,2.405843734741211,1.4745140075683594,2.0228633642196656,2.132561683654785,2.0877512991428375,1.8982235193252563,2.29756498336792,2.4074716567993164,1.4884016513824463
1.9082273377312555,2.027578520774841,2.016974115371704,2.1567740440368652,2.090321719646454,1.8823976516723633,2.2855924367904663,2.405843734741211,1.4745140075683594,2.027578520774841,2.1214616298675537,2.088423252105713,1.9047667980194092,2.3064587116241455,2.406914472579956,1.4987467527389526
1.9042482243643866,0,2.016974115371704,2.1567740440368652,2.090321719646454,1.8823976516723633,2.2855924367904663,2.405843734741211,1.4745140075683594,2.027578520774841,2.1214616298675537,2.088423252105713,1.9047667980194092,2.3064587116241455,2.406914472579956,1.4987467527389526
1.9093648460176256,2.025090050697327,2.016974115371704,2.1567740440368652,2.090321719646454,1.8823976516723633,2.2855924367904663,2.405843734741211,1.4745140075683594,2.025090050697327,2.1271705627441406,2.0881325602531433,1.901432752609253,2.3023016452789307,2.4078469276428223,1.4922436475753784
1.9197570482889812,0,2.016974115371704,2.1567740440368652,2.090321719646454,1.8823976516723633,2.2855924367904663,2.405843734741211,1.4745140075683594,2.025090050697327,2.1271705627441406,2.0881325602531433,1.901432752609253,2.3023016452789307,2.4078469276428223,1.4922436475753784
1.9164139694637723,2.023227572441101,2.016974115371704,2.1567740440368652,2.090321719646454,1.8823976516723633,2.2855924367904663,2.405843734741211,1.4745140075683594,2.023227572441101,2.130617141723633,2.08683043718338,1.900061845779419,2.297173500061035,2.4083213806152344,1.4911118745803833
1.9123075670666165,0,2.016974115371704,2.1567740440368652,2.090321719646454,1.8823976516723633,2.2855924367904663,2.405843734741211,1.4745140075683594,2.023227572441101,2.130617141723633,2.08683043718338,1.900061845779419,2.297173500061035,2.4083213806152344,1.4911118745803833
1.9179802073372736,2.021999144554138,2.016974115371704,2.1567740440368652,2.090321719646454,1.8823976516723633,2.2855924367904663,2.405843734741211,1.4745140075683594,2.021999144554138,2.1342062950134277,2.086847424507141,1.897688865661621,2.294886350631714,2.40848445892334,1.4883278608322144
1.9296283324559529,0,2.016974115371704,2.1567740440368652,2.090321719646454,1.8823976516723633,2.2855924367904663,2.405843734741211,1.4745140075683594,2.021999144554138,2.1342062950134277,2.086847424507141,1.897688865661621,2.294886350631714,2.40848445892334,1.4883278608322144
1.9119343890084162,2.0274942398071287,2.016974115371704,2.1567740440368652,2.090321719646454,1.8823976516723633,2.2855924367904663,2.405843734741211,1.4745140075683594,2.0274942398071287,2.1196367740631104,2.086888611316681,1.9060897827148438,2.3050533533096313,2.4079155921936035,1.5016379356384277
1.9138701756795247,0,2.016974115371704,2.1567740440368652,2.090321719646454,1.8823976516723633,2.2855924367904663,2.405843734741211,1.4745140075683594,2.0274942398071287,2.1196367740631104,2.086888611316681,1.9060897827148438,2.3050533533096313,2.4079155921936035,1.5016379356384277
1.9089155064688788,2.032504081726074,2.016974115371704,2.1567740440368652,2.090321719646454,1.8823976516723633,2.2855924367904663,2.405843734741211,1.4745140075683594,2.032504081726074,2.112145185470581,2.088207483291626,1.912971019744873,2.3120287656784058,2.4084889888763428,1.5133466720581055
1.930420133802626,0,2.016974115371704,2.1567740440368652,2.090321719646454,1.8823976516723633,2.2855924367904663,2.405843734741211,1.4745140075683594,2.032504081726074,2.112145185470581,2.088207483291626,1.912971019744873,2.3120287656784058,2.4084889888763428,1.5133466720581055
1.9215921825832791,2.023829793930054,2.016974115371704,2.1567740440368652,2.090321719646454,1.8823976516723633,2.2855924367904663,2.405843734741211,1.4745140075683594,2.023829793930054,2.1294217109680176,2.0872082710266113,1.900597095489502,2.2991950511932373,2.4089975357055664,1.4907400608062744
1.9154190089967515,0,2.016974115371704,2.1567740440368652,2.090321719646454,1.8823976516723633,2.2855924367904663,2.405843734741211,1.4745140075683594,2.023829793930054,2.1294217109680176,2.0872082710266113,1.900597095489502,2.2991950511932373,2.4089975357055664,1.4907400608062744
1.934014121691386,2.028547239303589,2.016974115371704,2.1567740440368652,2.090321719646454,1.8823976516723633,2.2855924367904663,2.405843734741211,1.4745140075683594,2.028547239303589,2.1187727451324463,2.08789199590683,1.9073870182037354,2.3076199293136597,2.408604383468628,1.5013365745544434
1.9327068593766954,0,2.016974115371704,2.1567740440368652,2.090321719646454,1.8823976516723633,2.2855924367904663,2.405843734741211,1.4745140075683594,2.028547239303589,2.1187727451324463,2.08789199590683,1.9073870182037354,2.3076199293136597,2.408604383468628,1.5013365745544434
1.9210954507191975,2.026926636695862,2.016974115371704,2.1567740440368652,2.090321719646454,1.8823976516723633,2.2855924367904663,2.405843734741211,1.4745140075683594,2.026926636695862,2.1211910247802734,2.0868060290813446,1.9067023992538452,2.303869366645813,2.4095990657806396,1.4990010261535645
1.9030248721440632,0,2.016974115371704,2.1567740440368652,2.090321719646454,1.8823976516723633,2.2855924367904663,2.405843734741211,1.4745140075683594,2.026926636695862,2.1211910247802734,2.0868060290813446,1.9067023992538452,2.303869366645813,2.4095990657806396,1.4990010261535645
1.9023313522338867,2.0251418113708497,2.016974115371704,2.1567740440368652,2.090321719646454,1.8823976516723633,2.2855924367904663,2.405843734741211,1.4745140075683594,2.0251418113708497,2.1302337646484375,2.0895436704158783,1.8984659910202026,2.303763508796692,2.4082858562469482,1.4894822835922241
1.9160825808842976,0,2.016974115371704,2.1567740440368652,2.090321719646454,1.8823976516723633,2.2855924367904663,2.405843734741211,1.4745140075683594,2.0251418113708497,2.1302337646484375,2.0895436704158783,1.8984659910202026,2.303763508796692,2.4082858562469482,1.4894822835922241
1.9047130346298218,2.0220062017440794,2.016974115371704,2.1567740440368652,2.090321719646454,1.8823976516723633,2.2855924367904663,2.405843734741211,1.4745140075683594,2.0220062017440794,2.1351335048675537,2.0866900384426117,1.8986541032791138,2.294359803199768,2.4108805656433105,1.4875237941741943
1.908282412423028,0,2.016974115371704,2.1567740440368652,2.090321719646454,1.8823976516723633,2.2855924367904663,2.405843734741211,1.4745140075683594,2.0220062017440794,2.1351335048675537,2.0866900384426117,1.8986541032791138,2.294359803199768,2.4108805656433105,1.4875237941741943
1.936446640226576,2.037117671966553,2.016974115371704,2.1567740440368652,2.090321719646454,1.8823976516723633,2.2855924367904663,2.405843734741211,1.4745140075683594,2.037117671966553,2.1093595027923584,2.0918986797332764,1.9150376319885254,2.321841239929199,2.409844398498535,1.5175087451934814
1.921135213640001,0,2.016974115371704,2.1567740440368652,2.090321719646454,1.8823976516723633,2.2855924367904663,2.405843734741211,1.4745140075683594,2.037117671966553,2.1093595027923584,2.0918986797332764,1.9150376319885254,2.321841239929199,2.409844398498535,1.5175087451934814
1.9196109374364216,2.026375722885132,2.016974115371704,2.1567740440368652,2.090321719646454,1.8823976516723633,2.2855924367904663,2.405843734741211,1.4745140075683594,2.026375722885132,2.12373685836792,2.087493121623993,1.9048993587493896,2.303785800933838,2.4099721908569336,1.4956707954406738
1.9124493334028456,0,2.016974115371704,2.1567740440368652,2.090321719646454,1.8823976516723633,2.2855924367904663,2.405843734741211,1.4745140075683594,2.026375722885132,2.12373685836792,2.087493121623993,1.9048993587493896,2.303785800933838,2.4099721908569336,1.4956707954406738
1.932999054590861,2.021739959716797,2.016974115371704,2.1567740440368652,2.090321719646454,1.8823976516723633,2.2855924367904663,2.405843734741211,1.4745140075683594,2.021739959716797,2.1409342288970947,2.0896244943141937,1.8929475545883179,2.296440839767456,2.4091997146606445,1.4819363355636597
1.9319290187623765,0,2.016974115371704,2.1567740440368652,2.090321719646454,1.8823976516723633,2.2855924367904663,2.405843734741211,1.4745140075683594,2.021739959716797,2.1409342288970947,2.0896244943141937,1.8929475545883179,2.296440839767456,2.4091997146606445,1.4819363355636597
1.9168280230628119,2.0306962966918944,2.016974115371704,2.1567740440368652,2.090321719646454,1.8823976516723633,2.2855924367904663,2.405843734741211,1.4745140075683594,2.0306962966918944,2.1156065464019775,2.088497281074524,1.909942626953125,2.3108603954315186,2.4088873863220215,1.506211519241333
1.9292583995395236,0,2.016974115371704,2.1567740440368652,2.090321719646454,1.8823976516723633,2.2855924367904663,2.405843734741211,1.4745140075683594,2.0306962966918944,2.1156065464019775,2.088497281074524,1.909942626953125,2.3108603954315186,2.4088873863220215,1.506211519241333
1.915004849433899,2.0263204336166383,2.016974115371704,2.1567740440368652,2.090321719646454,1.8823976516723633,2.2855924367904663,2.405843734741211,1.4745140075683594,2.0263204336166383,2.1240053176879883,2.087898403406143,1.9029961824417114,2.3047842979431152,2.4089818000793457,1.4950320720672607
1.9076894521713257,0,2.016974115371704,2.1567740440368652,2.090321719646454,1.8823976516723633,2.2855924367904663,2.405843734741211,1.4745140075683594,2.0263204336166383,2.1240053176879883,2.087898403406143,1.9029961824417114,2.3047842979431152,2.4089818000793457,1.4950320720672607
1.9085362752278645,2.0233816623687746,2.016974115371704,2.1567740440368652,2.090321719646454,1.8823976516723633,2.2855924367904663,2.405843734741211,1.4745140075683594,2.0233816623687746,2.131883382797241,2.0875651836395264,1.8995695114135742,2.29857337474823,2.410222291946411,1.4883086681365967
1.90857109758589,0,2.016974115371704,2.1567740440368652,2.090321719646454,1.8823976516723633,2.2855924367904663,2.405843734741211,1.4745140075683594,2.0233816623687746,2.131883382797241,2.0875651836395264,1.8995695114135742,2.29857337474823,2.410222291946411,1.4883086681365967
1.909156772825453,2.0300738334655763,2.016974115371704,2.1567740440368652,2.090321719646454,1.8823976516723633,2.2855924367904663,2.405843734741211,1.4745140075683594,2.0300738334655763,2.1157116889953613,2.0876455307006836,1.909844160079956,2.309541702270508,2.40976881980896,1.5057299137115479
1.8978343142403498,0,2.016974115371704,2.1567740440368652,2.090321719646454,1.8823976516723633,2.2855924367904663,2.405843734741211,1.4745140075683594,2.0300738334655763,2.1157116889953613,2.0876455307006836,1.909844160079956,2.309541702270508,2.40976881980896,1.5057299137115479
1.9130469693077936,2.0212677478790284,2.016974115371704,2.1567740440368652,2.090321719646454,1.8823976516723633,2.2855924367904663,2.405843734741211,1.4745140075683594,2.0212677478790284,2.1408350467681885,2.087872564792633,1.8968515396118164,2.2928128242492676,2.4126570224761963,1.4830265045166016
1.9195996920267742,0,2.016974115371704,2.1567740440368652,2.090321719646454,1.8823976516723633,2.2855924367904663,2.405843734741211,1.4745140075683594,2.0212677478790284,2.1408350467681885,2.087872564792633,1.8968515396118164,2.2928128242492676,2.4126570224761963,1.4830265045166016
1.9268748495313857,2.0322548866271974,2.016974115371704,2.1567740440368652,2.090321719646454,1.8823976516723633,2.2855924367904663,2.405843734741211,1.4745140075683594,2.0322548866271974,2.113330125808716,2.0890198945999146,1.9102320671081543,2.3144748210906982,2.409762382507324,1.5087625980377197
1.9330833752950032,0,2.016974115371704,2.1567740440368652,2.090321719646454,1.8823976516723633,2.2855924367904663,2.405843734741211,1.4745140075683594,2.0322548866271974,2.113330125808716,2.0890198945999146,1.9102320671081543,2.3144748210906982,2.409762382507324,1.5087625980377197
1.923933784166972,2.0226951122283934,2.016974115371704,2.1567740440368652,2.090321719646454,1.8823976516723633,2.2855924367904663,2.405843734741211,1.4745140075683594,2.0226951122283934,2.131805419921875,2.0862796306610107,1.899338960647583,2.2965739965438843,2.4109792709350586,1.4891831874847412
1.9055196709103055,0,2.016974115371704,2.1567740440368652,2.090321719646454,1.8823976516723633,2.2855924367904663,2.405843734741211,1.4745140075683594,2.0226951122283934,2.131805419921875,2.0862796306610107,1.899338960647583,2.2965739965438843,2.4109792709350586,1.4891831874847412
1.9059720171822443,2.025146317481995,2.016974115371704,2.1567740440368652,2.090321719646454,1.8823976516723633,2.2855924367904663,2.405843734741211,1.4745140075683594,2.025146317481995,2.124796152114868,2.0864461958408356,1.9027141332626343,2.3016570806503296,2.4098358154296875,1.4949071407318115
1.9012191692988079,0,2.016974115371704,2.1567740440368652,2.090321719646454,1.8823976516723633,2.2855924367904663,2.405843734741211,1.4745140075683594,2.025146317481995,2.124796152114868,2.0864461958408356,1.9027141332626343,2.3016570806503296,2.4098358154296875,1.4949071407318115
1.912242783440484,2.027271604537964,2.016974115371704,2.1567740440368652,2.090321719646454,1.8823976516723633,2.2855924367904663,2.405843734741211,1.4745140075683594,2.027271604537964,2.1201205253601074,2.0868270993232727,1.905519962310791,2.3057698011398315,2.409992218017578,1.4991779327392578
1.9141622119479709,0,2.016974115371704,2.1567740440368652,2.090321719646454,1.8823976516723633,2.2855924367904663,2.405843734741211,1.4745140075683594,2.027271604537964,2.1201205253601074,2.0868270993232727,1.905519962310791,2.3057698011398315,2.409992218017578,1.4991779327392578
1.913810624016656,2.0238373279571533,2.016974115371704,2.1567740440368652,2.090321719646454,1.8823976516723633,2.2855924367904663,2.405843734741211,1.4745140075683594,2.0238373279571533,2.1285006999969482,2.0864358842372894,1.9014614820480347,2.2990734577178955,2.4108662605285645,1.4910775423049927
1.9147822856903076,0,2.016974115371704,2.1567740440368652,2.090321719646454,1.8823976516723633,2.2855924367904663,2.405843734741211,1.4745140075683594,2.0238373279571533,2.1285006999969482,2.0864358842372894,1.9014614820480347,2.2990734577178955,2.4108662605285645,1.4910775423049927
1.9042812718285456,2.0241438150405884,2.016974115371704,2.1567740440368652,2.090321719646454,1.8823976516723633,2.2855924367904663,2.405843734741211,1.4745140075683594,2.0241438150405884,2.1278181076049805,2.0867035388946533,1.9006943702697754,2.300348997116089,2.410214424133301,1.4915086030960083
1.9529963334401448,0,2.016974115371704,2.1567740440368652,2.090321719646454,1.8823976516723633,2.2855924367904663,2.405843734741211,1.4745140075683594,2.0241438150405884,2.1278181076049805,2.0867035388946533,1.9006943702697754,2.300348997116089,2.410214424133301,1.4915086030960083
1.9065295457839966,2.0261740684509277,2.016974115371704,2.1567740440368652,2.090321719646454,1.8823976516723633,2.2855924367904663,2.405843734741211,1.4745140075683594,2.0261740684509277,2.122593641281128,2.086603194475174,1.905222773551941,2.303451895713806,2.4109010696411133,1.4961501359939575
1.9103892511791654,0,2.016974115371704,2.1567740440368652,2.090321719646454,1.8823976516723633,2.2855924367904663,2.405843734741211,1.4745140075683594,2.0261740684509277,2.122593641281128,2.086603194475174,1.905222773551941,2.303451895713806,2.4109010696411133,1.4961501359939575
1.925813423262702,2.0268990278244017,2.016974115371704,2.1567740440368652,2.090321719646454,1.8823976516723633,2.2855924367904663,2.405843734741211,1.4745140075683594,2.0268990278244017,2.1207563877105713,2.0865857303142548,1.905992865562439,2.304868459701538,2.4108996391296387,1.4980089664459229
1.9170771174960666,0,2.016974115371704,2.1567740440368652,2.090321719646454,1.8823976516723633,2.2855924367904663,2.405843734741211,1.4745140075683594,2.0268990278244017,2.1207563877105713,2.0865857303142548,1.905992865562439,2.304868459701538,2.4108996391296387,1.4980089664459229
1.9131815963321261,2.0230432033538817,2.016974115371704,2.1567740440368652,2.090321719646454,1.8823976516723633,2.2855924367904663,2.405843734741211,1.4745140075683594,2.0230432033538817,2.131425380706787,2.086718201637268,1.8996801376342773,2.297991394996643,2.4116408824920654,1.4881277084350586
1.9356194072299533,0,2.016974115371704,2.1567740440368652,2.090321719646454,1.8823976516723633,2.2855924367904663,2.405843734741211,1.4745140075683594,2.0230432033538817,2.131425380706787,2.086718201637268,1.8996801376342773,2.297991394996643,2.4116408824920654,1.4881277084350586
1.9004718330171373,2.0235124826431274,2.016974115371704,2.1567740440368652,2.090321719646454,1.8823976516723633,2.2855924367904663,2.405843734741211,1.4745140075683594,2.0235124826431274,2.129459857940674,2.086270660161972,1.90135657787323,2.298450231552124,2.4120941162109375,1.4898455142974854
1.9077378776338365,0,2.016974115371704,2.1567740440368652,2.090321719646454,1.8823976516723633,2.2855924367904663,2.405843734741211,1.4745140075683594,2.0235124826431274,2.129459857940674,2.086270660161972,1.90135657787323,2.298450231552124,2.4120941162109375,1.4898455142974854
1.91830223136478,2.0239776611328124,2.016974115371704,2.1567740440368652,2.090321719646454,1.8823976516723633,2.2855924367904663,2.405843734741211,1.4745140075683594,2.0239776611328124,2.128486156463623,2.086542785167694,1.9015741348266602,2.299652099609375,2.41167950630188,1.4905238151550293
1.914476169480218,0,2.016974115371704,2.1567740440368652,2.090321719646454,1.8823976516723633,2.2855924367904663,2.405843734741211,1.4745140075683594,2.0239776611328124,2.128486156463623,2.086542785167694,1.9015741348266602,2.299652099609375,2.41167950630188,1.4905238151550293
1.899502118428548,2.0250752925872804,2.016974115371704,2.1567740440368652,2.090321719646454,1.8823976516723633,2.2855924367904663,2.405843734741211,1.4745140075683594,2.0250752925872804,2.1251935958862305,2.086126208305359,1.9046940803527832,2.3009012937545776,2.412379026412964,1.4936861991882324
1.8963381581836276,0,2.016974115371704,2.1567740440368652,2.090321719646454,1.8823976516723633,2.2855924367904663,2.405843734741211,1.4745140075683594,2.0250752925872804,2.1251935958862305,2.086126208305359,1.9046940803527832,2.3009012937545776,2.412379026412964,1.4936861991882324
1.9139346679051716,2.027934503555298,2.016974115371704,2.1567740440368652,2.090321719646454,1.8823976516723633,2.2855924367904663,2.405843734741211,1.4745140075683594,2.027934503555298,2.1200544834136963,2.0877734422683716,1.906325340270996,2.307934522628784,2.4112095832824707,1.4974236488342285
1.9061693880293105,0,2.016974115371704,2.1567740440368652,2.090321719646454,1.8823976516723633,2.2855924367904663,2.405843734741211,1.4745140075683594,2.027934503555298,2.1200544834136963,2.0877734422683716,1.906325340270996,2.307934522628784,2.4112095832824707,1.4974236488342285
1.9141838020748563,2.0253841876983643,2.016974115371704,2.1567740440368652,2.090321719646454,1.8823976516723633,2.2855924367904663,2.405843734741211,1.4745140075683594,2.0253841876983643,2.1248855590820312,2.086692065000534,1.9040542840957642,2.302566170692444,2.412189483642578,1.4928487539291382
1.912731753455268,0,2.016974115371704,2.1567740440368652,2.090321719646454,1.8823976516723633,2.2855924367904663,2.405843734741211,1.4745140075683594,2.0253841876983643,2.1248855590820312,2.086692065000534,1.9040542840957642,2.302566170692444,2.412189483642578,1.4928487539291382
1.9172838528951008,2.021049690246582,2.016974115371704,2.1567740440368652,2.090321719646454,1.8823976516723633,2.2855924367904663,2.405843734741211,1.4745140075683594,2.021049690246582,2.140439510345459,2.087185651063919,1.8972517251968384,2.2925477027893066,2.4144835472106934,1.4824618101119995
1.9095505740907457,0,2.016974115371704,2.1567740440368652,2.090321719646454,1.8823976516723633,2.2855924367904663,2.405843734741211,1.4745140075683594,2.021049690246582,2.140439510345459,2.087185651063919,1.8972517251968384,2.2925477027893066,2.4144835472106934,1.4824618101119995
1.9250044955147638,2.024916172027588,2.016974115371704,2.1567740440368652,2.090321719646454,1.8823976516723633,2.2855924367904663,2.405843734741211,1.4745140075683594,2.024916172027588,2.1268794536590576,2.0871933102607727,1.9019877910614014,2.302421450614929,2.411816358566284,1.490870714187622
1.9087578852971394,0,2.016974115371704,2.1567740440368652,2.090321719646454,1.8823976516723633,2.2855924367904663,2.405843734741211,1.4745140075683594,2.024916172027588,2.1268794536590576,2.0871933102607727,1.9019877910614014,2.302421450614929,2.411816358566284,1.490870714187622
1.9046220249599881,2.028301954269409,2.016974115371704,2.1567740440368652,2.090321719646454,1.8823976516723633,2.2855924367904663,2.405843734741211,1.4745140075683594,2.028301954269409,2.118901252746582,2.087430417537689,1.9073314666748047,2.3081610202789307,2.4117343425750732,1.4989550113677979
1.9241419103410509,0,2.016974115371704,2.1567740440368652,2.090321719646454,1.8823976516723633,2.2855924367904663,2.405843734741211,1.4745140075683594,2.028301954269409,2.118901252746582,2.087430417537689,1.9073314666748047,2.3081610202789307,2.4117343425750732,1.4989550113677979
1.9310766326056585,2.024190902709961,2.016974115371704,2.1567740440368652,2.090321719646454,1.8823976516723633,2.2855924367904663,2.405843734741211,1.4745140075683594,2.024190902709961,2.127751111984253,2.0862106382846832,1.902823805809021,2.29974102973938,2.4129655361175537,1.490897536277771
1.9006148311826918,0,2.016974115371704,2.1567740440368652,2.090321719646454,1.8823976516723633,2.2855924367904663,2.405843734741211,1.4745140075683594,2.024190902709961,2.127751111984253,2.0862106382846832,1.902823805809021,2.29974102973938,2.4129655361175537,1.490897536277771
1.914310998386807,2.0240763425827026,2.016974115371704,2.1567740440368652,2.090321719646454,1.8823976516723633,2.2855924367904663,2.405843734741211,1.4745140075683594,2.0240763425827026,2.1282143592834473,2.0864286720752716,1.9020975828170776,2.299911618232727,2.41263484954834,1.4902465343475342
1.908718427022298,0,2.016974115371704,2.1567740440368652,2.090321719646454,1.8823976516723633,2.2855924367904663,2.405843734741211,1.4745140075683594,2.0240763425827026,2.1282143592834473,2.0864286720752716,1.9020975828170776,2.299911618232727,2.41263484954834,1.4902465343475342
1.9089110692342122,2.0278814315795897,2.016974115371704,2.1567740440368652,2.090321719646454,1.8823976516723633,2.2855924367904663,2.405843734741211,1.4745140075683594,2.0278814315795897,2.1189656257629395,2.08683842420578,1.907311201095581,2.3070284128189087,2.4119455814361572,1.4990735054016113
1.9171661535898845,0,2.016974115371704,2.1567740440368652,2.090321719646454,1.8823976516723633,2.2855924367904663,2.405843734741211,1.4745140075683594,2.0278814315795897,2.1189656257629395,2.08683842420578,1.907311201095581,2.3070284128189087,2.4119455814361572,1.4990735054016113
1.910409861140781,2.023713254928589,2.016974115371704,2.1567740440368652,2.090321719646454,1.8823976516723633,2.2855924367904663,2.405843734741211,1.4745140075683594,2.023713254928589,2.1302268505096436,2.0870390236377716,1.9003175497055054,2.299923062324524,2.412461280822754,1.4881757497787476
1.914796511332194,0,2.016974115371704,2.1567740440368652,2.090321719646454,1.8823976516723633,2.2855924367904663,2.405843734741211,1.4745140075683594,2.023713254928589,2.1302268505096436,2.0870390236377716,1.9003175497055054,2.299923062324524,2.412461280822754,1.4881757497787476
1.9074716567993164,2.0225661039352416,2.016974115371704,2.1567740440368652,2.090321719646454,1.8823976516723633,2.2855924367904663,2.405843734741211,1.4745140075683594,2.0225661039352416,2.134270191192627,2.087049722671509,1.898780107498169,2.2969714403152466,2.413064479827881,1.4858373403549194
1.9006961054272122,0,2.016974115371704,2.1567740440368652,2.090321719646454,1.8823976516723633,2.2855924367904663,2.405843734741211,1.4745140075683594,2.0225661039352416,2.134270191192627,2.087049722671509,1.898780107498169,2.2969714403152466,2.413064479827881,1.4858373403549194
1.9275953769683838,2.0267723321914675,2.016974115371704,2.1567740440368652,2.090321719646454,1.8823976516723633,2.2855924367904663,2.405843734741211,1.4745140075683594,2.0267723321914675,2.121532440185547,2.086805820465088,1.9053356647491455,2.3054875135421753,2.4121522903442383,1.4960185289382935
1.9166490369372897,0,2.016974115371704,2.1567740440368652,2.090321719646454,1.8823976516723633,2.2855924367904663,2.405843734741211,1.4745140075683594,2.0267723321914675,2.121532440185547,2.086805820465088,1.9053356647491455,2.3054875135421753,2.4121522903442383,1.4960185289382935
1.8955173359976873,2.0245160818099976,2.016974115371704,2.1567740440368652,2.090321719646454,1.8823976516723633,2.2855924367904663,2.405843734741211,1.4745140075683594,2.0245160818099976,2.12689208984375,2.086146295070648,1.9030089378356934,2.3004019260406494,2.4130117893218994,1.4918755292892456
1.9038458930121527,0,2.016974115371704,2.1567740440368652,2.090321719646454,1.8823976516723633,2.2855924367904663,2.405843734741211,1.4745140075683594,2.0245160818099976,2.12689208984375,2.086146295070648,1.9030089378356934,2.3004019260406494,2.4130117893218994,1.4918755292892456
1.9307689401838515,2.0236841678619384,2.016974115371704,2.1567740440368652,2.090321719646454,1.8823976516723633,2.2855924367904663,2.405843734741211,1.4745140075683594,2.0236841678619384,2.1297898292541504,2.086609363555908,1.9004652500152588,2.299531102180481,2.4126696586608887,1.4891035556793213
1.9022769000795152,0,2.016974115371704,2.1567740440368652,2.090321719646454,1.8823976516723633,2.2855924367904663,2.405843734741211,1.4745140075683594,2.0236841678619384,2.1297898292541504,2.086609363555908,1.9004652500152588,2.299531102180481,2.4126696586608887,1.4891035556793213
1.8951242234971788,2.027718734741211,2.016974115371704,2.1567740440368652,2.090321719646454,1.8823976516723633,2.2855924367904663,2.405843734741211,1.4745140075683594,2.027718734741211,2.11983585357666,2.0870657563209534,1.9064662456512451,2.3071483373641968,2.4121716022491455,1.4979948997497559
1.903514517678155,0,2.016974115371704,2.1567740440368652,2.090321719646454,1.8823976516723633,2.2855924367904663,2.405843734741211,1.4745140075683594,2.027718734741211,2.11983585357666,2.0870657563209534,1.9064662456512451,2.3071483373641968,2.4121716022491455,1.4979948997497559
1.899228533109029,2.0239266633987425,2.016974115371704,2.1567740440368652,2.090321719646454,1.8823976516723633,2.2855924367904663,2.405843734741211,1.4745140075683594,2.0239266633987425,2.1290645599365234,2.0864950120449066,1.9016319513320923,2.299680233001709,2.4131414890289307,1.4895763397216797
1.9151989486482408,0,2.016974115371704,2.1567740440368652,2.090321719646454,1.8823976516723633,2.2855924367904663,2.405843734741211,1.4745140075683594,2.0239266633987425,2.1290645599365234,2.0864950120449066,1.9016319513320923,2.299680233001709,2.4131414890289307,1.4895763397216797
1.9180303017298381,2.0232341289520264,2.016974115371704,2.1567740440368652,2.090321719646454,1.8823976516723633,2.2855924367904663,2.405843734741211,1.4745140075683594,2.0232341289520264,2.131697177886963,2.086787760257721,1.8997383117675781,2.2985936403274536,2.4131689071655273,1.4875478744506836
1.900636871655782,0,2.016974115371704,2.1567740440368652,2.090321719646454,1.8823976516723633,2.2855924367904663,2.405843734741211,1.4745140075683594,2.0232341289520264,2.131697177886963,2.086787760257721,1.8997383117675781,2.2985936403274536,2.4131689071655273,1.4875478744506836
1.907182216644287,2.0239251613616944,2.016974115371704,2.1567740440368652,2.090321719646454,1.8823976516723633,2.2855924367904663,2.405843734741211,1.4745140075683594,2.0239251613616944,2.1287288665771484,2.0863251388072968,1.9016116857528687,2.2996790409088135,2.4131269454956055,1.4899271726608276
1.9273093541463215,0,2.016974115371704,2.1567740440368652,2.090321719646454,1.8823976516723633,2.2855924367904663,2.405843734741211,1.4745140075683594,2.0239251613616944,2.1287288665771484,2.0863251388072968,1.9016116857528687,2.2996790409088135,2.4131269454956055,1.4899271726608276
1.9306010272767808,2.0243744611740113,2.016974115371704,2.1567740440368652,2.090321719646454,1.8823976516723633,2.2855924367904663,2.405843734741211,1.4745140075683594,2.0243744611740113,2.127479076385498,2.0865519046783447,1.9015793800354004,2.3011374473571777,2.412604808807373,1.4905389547348022
1.9139576488071017,0,2.016974115371704,2.1567740440368652,2.090321719646454,1.8823976516723633,2.2855924367904663,2.405843734741211,1.4745140075683594,2.0243744611740113,2.127479076385498,2.0865519046783447,1.9015793800354004,2.3011374473571777,2.412604808807373,1.4905389547348022
1.9242451985677083,2.0266961812973023,2.016974115371704,2.1567740440368652,2.090321719646454,1.8823976516723633,2.2855924367904663,2.405843734741211,1.4745140075683594,2.0266961812973023,2.121727466583252,2.086700677871704,1.9054088592529297,2.305191159248352,2.4124433994293213,1.4959622621536255
1.9341289202372234,0,2.016974115371704,2.1567740440368652,2.090321719646454,1.8823976516723633,2.2855924367904663,2.405843734741211,1.4745140075683594,2.0266961812973023,2.121727466583252,2.086700677871704,1.9054088592529297,2.305191159248352,2.4124433994293213,1.4959622621536255
1.9199186431037054,2.0240993976593016,2.016974115371704,2.1567740440368652,2.090321719646454,1.8823976516723633,2.2855924367904663,2.405843734741211,1.4745140075683594,2.0240993976593016,2.128002166748047,2.0862162113189697,1.9021368026733398,2.2999911308288574,2.4132585525512695,1.4903757572174072
1.9305931992001004,0,2.016974115371704,2.1567740440368652,2.090321719646454,1.8823976516723633,2.2855924367904663,2.405843734741211,1.4745140075683594,2.0240993976593016,2.128002166748047,2.0862162113189697,1.9021368026733398,2.2999911308288574,2.4132585525512695,1.4903757572174072
1.9163250128428142,2.0249582290649415,2.016974115371704,2.1567740440368652,2.090321719646454,1.8823976516723633,2.2855924367904663,2.405843734741211,1.4745140075683594,2.0249582290649415,2.125783920288086,2.086359739303589,1.9030766487121582,2.3018404245376587,2.412886381149292,1.4922497272491455
1.9021632141537137,0,2.016974115371704,2.1567740440368652,2.090321719646454,1.8823976516723633,2.2855924367904663,2.405843734741211,1.4745140075683594,2.0249582290649415,2.125783920288086,2.086359739303589,1.9030766487121582,2.3018404245376587,2.412886381149292,1.4922497272491455
1.906379050678677,2.025430178642273,2.016974115371704,2.1567740440368652,2.090321719646454,1.8823976516723633,2.2855924367904663,2.405843734741211,1.4745140075683594,2.025430178642273,2.1244072914123535,2.0863936245441437,1.9037829637527466,2.3028613328933716,2.412745714187622,1.4932379722595215
1.9222536351945665,0,2.016974115371704,2.1567740440368652,2.090321719646454,1.8823976516723633,2.2855924367904663,2.405843734741211,1.4745140075683594,2.025430178642273,2.1244072914123535,2.0863936245441437,1.9037829637527466,2.3028613328933716,2.412745714187622,1.4932379722595215
1.9141820934083726,2.0241085052490235,2.016974115371704,2.1567740440368652,2.090321719646454,1.8823976516723633,2.2855924367904663,2.405843734741211,1.4745140075683594,2.0241085052490235,2.1277804374694824,2.0861359238624573,1.902085542678833,2.300073504447937,2.4132497310638428,1.4905295372009277
1.912078619003296,0,2.016974115371704,2.1567740440368652,2.090321719646454,1.8823976516723633,2.2855924367904663,2.405843734741211,1.4745140075683594,2.0241085052490235,2.1277804374694824,2.0861359238624573,1.902085542678833,2.300073504447937,2.4132497310638428,1.4905295372009277
1.899700442949931,2.025511860847473,2.016974115371704,2.1567740440368652,2.090321719646454,1.8823976516723633,2.2855924367904663,2.405843734741211,1.4745140075683594,2.025511860847473,2.123816967010498,2.086124211549759,1.9042755365371704,2.3027725219726562,2.4129576683044434,1.4939217567443848
1.9290163119633992,0,2.016974115371704,2.1567740440368652,2.090321719646454,1.8823976516723633,2.2855924367904663,2.405843734741211,1.4745140075683594,2.025511860847473,2.123816967010498,2.086124211549759,1.9042755365371704,2.3027725219726562,2.4129576683044434,1.4939217567443848
1.9126319885253906,2.025667691230774,2.016974115371704,2.1567740440368652,2.090321719646454,1.8823976516723633,2.2855924367904663,2.405843734741211,1.4745140075683594,2.025667691230774,2.123699188232422,2.0862376391887665,1.9044321775436401,2.3030171394348145,2.412914276123047,1.4941728115081787
1.9123229848013983,0,2.016974115371704,2.1567740440368652,2.090321719646454,1.8823976516723633,2.2855924367904663,2.405843734741211,1.4745140075683594,2.025667691230774,2.123699188232422,2.0862376391887665,1.9044321775436401,2.3030171394348145,2.412914276123047,1.4941728115081787
1.8985004425048828,2.025261068344116,2.016974115371704,2.1567740440368652,2.090321719646454,1.8823976516723633,2.2855924367904663,2.405843734741211,1.4745140075683594,2.025261068344116,2.1245498657226562,2.086074948310852,1.903935432434082,2.3021717071533203,2.413078784942627,1.4934766292572021
1.9099966684977214,0,2.016974115371704,2.1567740440368652,2.090321719646454,1.8823976516723633,2.2855924367904663,2.405843734741211,1.4745140075683594,2.025261068344116,2.1245498657226562,2.086074948310852,1.903935432434082,2.3021717071533203,2.413078784942627,1.4934766292572021
1.8946935998068914,2.025639057159424,2.016974115371704,2.1567740440368652,2.090321719646454,1.8823976516723633,2.2855924367904663,2.405843734741211,1.4745140075683594,2.025639057159424,2.123745918273926,2.0862885117530823,1.9042370319366455,2.3032095432281494,2.412993907928467,1.493793249130249
1.8977364301681519,0,2.016974115371704,2.1567740440368652,2.090321719646454,1.8823976516723633,2.2855924367904663,2.405843734741211,1.4745140075683594,2.025639057159424,2.123745918273926,2.0862885117530823,1.9042370319366455,2.3032095432281494,2.412993907928467,1.493793249130249
1.9223707384533353,2.024749445915222,2.016974115371704,2.1567740440368652,2.090321719646454,1.8823976516723633,2.2855924367904663,2.405843734741211,1.4745140075683594,2.024749445915222,2.1258420944213867,2.086077779531479,1.9031411409378052,2.3013464212417603,2.4132070541381836,1.4920711517333984
1.9118730359607272,0,2.016974115371704,2.1567740440368652,2.090321719646454,1.8823976516723633,2.2855924367904663,2.405843734741211,1.4745140075683594,2.024749445915222,2.1258420944213867,2.086077779531479,1.9031411409378052,2.3013464212417603,2.4132070541381836,1.4920711517333984
1.89101333088345,2.0250896215438843,2.016974115371704,2.1567740440368652,2.090321719646454,1.8823976516723633,2.2855924367904663,2.405843734741211,1.4745140075683594,2.0250896215438843,2.1252341270446777,2.086272746324539,1.9033819437026978,2.3021507263183594,2.4130606651306152,1.4925305843353271
1.918678429391649,0,2.016974115371704,2.1567740440368652,2.090321719646454,1.8823976516723633,2.2855924367904663,2.405843734741211,1.4745140075683594,2.0250896215438843,2.1252341270446777,2.086272746324539,1.9033819437026978,2.3021507263183594,2.4130606651306152,1.4925305843353271
1.918688694636027,2.0251747131347657,2.016974115371704,2.1567740440368652,2.090321719646454,1.8823976516723633,2.2855924367904663,2.405843734741211,1.4745140075683594,2.0251747131347657,2.1249470710754395,2.086199462413788,1.903649091720581,2.302222728729248,2.4131908416748047,1.4928319454193115
1.9108486440446641,0,2.016974115371704,2.1567740440368652,2.090321719646454,1.8823976516723633,2.2855924367904663,2.405843734741211,1.4745140075683594,2.0251747131347657,2.1249470710754395,2.086199462413788,1.903649091720581,2.302222728729248,2.4131908416748047,1.4928319454193115
1.8968160549799602,2.0245081186294556,2.016974115371704,2.1567740440368652,2.090321719646454,1.8823976516723633,2.2855924367904663,2.405843734741211,1.4745140075683594,2.0245081186294556,2.126652956008911,2.0861439406871796,1.9026895761489868,2.3009437322616577,2.4133071899414062,1.4913105964660645
1.9127489063474867,0,2.016974115371704,2.1567740440368652,2.090321719646454,1.8823976516723633,2.2855924367904663,2.405843734741211,1.4745140075683594,2.0245081186294556,2.126652956008911,2.0861439406871796,1.9026895761489868,2.3009437322616577,2.4133071899414062,1.4913105964660645
1.8988787598080106,2.0251111030578612,2.016974115371704,2.1567740440368652,2.090321719646454,1.8823976516723633,2.2855924367904663,2.405843734741211,1.4745140075683594,2.0251111030578612,2.1248526573181152,2.0861777663230896,1.9034531116485596,2.302318572998047,2.4130845069885254,1.492612600326538
1.8971120648913913,0,2.016974115371704,2.1567740440368652,2.090321719646454,1.8823976516723633,2.2855924367904663,2.405843734741211,1.4745140075683594,2.0251111030578612,2.1248526573181152,2.0861777663230896,1.9034531116485596,2.302318572998047,2.4130845069885254,1.492612600326538
1.9235070281558566,2.025268483161926,2.016974115371704,2.1567740440368652,2.090321719646454,1.8823976516723633,2.2855924367904663,2.405843734741211,1.4745140075683594,2.025268483161926,2.124652624130249,2.0862344801425934,1.9037832021713257,2.302489161491394,2.4131288528442383,1.4929282665252686
1.900644236140781,0,2.016974115371704,2.1567740440368652,2.090321719646454,1.8823976516723633,2.2855924367904663,2.405843734741211,1.4745140075683594,2.025268483161926,2.124652624130249,2.0862344801425934,1.9037832021713257,2.302489161491394,2.4131288528442383,1.4929282665252686
1.9050512711207073,2.024923253059387,2.016974115371704,2.1567740440368652,2.090321719646454,1.8823976516723633,2.2855924367904663,2.405843734741211,1.4745140075683594,2.024923253059387,2.1255950927734375,2.0862128734588623,1.9032013416290283,2.3018537759780884,2.413247585296631,1.4921122789382935
1.9071878989537556,0,2.016974115371704,2.1567740440368652,2.090321719646454,1.8823976516723633,2.2855924367904663,2.405843734741211,1.4745140075683594,2.024923253059387,2.1255950927734375,2.0862128734588623,1.9032013416290283,2.3018537759780884,2.413247585296631,1.4921122789382935
1.9181801080703735,2.0252079010009765,2.016974115371704,2.1567740440368652,2.090321719646454,1.8823976516723633,2.2855924367904663,2.405843734741211,1.4745140075683594,2.0252079010009765,2.1246323585510254,2.08612459897995,1.9037408828735352,2.3023234605789185,2.413154125213623,1.4930193424224854
1.898660487598843,0,2.016974115371704,2.1567740440368652,2.090321719646454,1.8823976516723633,2.2855924367904663,2.405843734741211,1.4745140075683594,2.0252079010009765,2.1246323585510254,2.08612459897995,1.9037408828735352,2.3023234605789185,2.413154125213623,1.4930193424224854
1.9063500298394098,2.0253141641616823,2.016974115371704,2.1567740440368652,2.090321719646454,1.8823976516723633,2.2855924367904663,2.405843734741211,1.4745140075683594,2.0253141641616823,2.1244444847106934,2.0861268639564514,1.9040629863739014,2.302356719970703,2.4131579399108887,1.4933499097824097
1.9199952019585504,0,2.016974115371704,2.1567740440368652,2.090321719646454,1.8823976516723633,2.2855924367904663,2.405843734741211,1.4745140075683594,2.0253141641616823,2.1244444847106934,2.0861268639564514,1.9040629863739014,2.302356719970703,2.4131579399108887,1.4933499097824097
1.903370075755649,2.0249895811080934,2.016974115371704,2.1567740440368652,2.090321719646454,1.8823976516723633,2.2855924367904663,2.405843734741211,1.4745140075683594,2.0249895811080934,2.1253981590270996,2.0861376225948334,1.9033552408218384,2.3017925024032593,2.4131860733032227,1.4926095008850098
1.9038794040679932,0,2.016974115371704,2.1567740440368652,2.090321719646454,1.8823976516723633,2.2855924367904663,2.405843734741211,1.4745140075683594,2.0249895811080934,2.1253981590270996,2.0861376225948334,1.9033552408218384,2.3017925024032593,2.4131860733032227,1.4926095008850098
1.908775594499376,2.0250162363052366,2.016974115371704,2.1567740440368652,2.090321719646454,1.8823976516723633,2.2855924367904663,2.405843734741211,1.4745140075683594,2.0250162363052366,2.125046491622925,2.0860869884490967,1.9034745693206787,2.302006721496582,2.4132330417633057,1.4925466775894165
1.9147611459096272,0,2.016974115371704,2.1567740440368652,2.090321719646454,1.8823976516723633,2.2855924367904663,2.405843734741211,1.4745140075683594,2.0250162363052366,2.125046491622925,2.0860869884490967,1.9034745693206787,2.302006721496582,2.4132330417633057,1.4925466775894165
1.933529257774353,2.0252398252487183,2.016974115371704,2.1567740440368652,2.090321719646454,1.8823976516723633,2.2855924367904663,2.405843734741211,1.4745140075683594,2.0252398252487183,2.1245124340057373,2.0860759913921356,1.9038690328598022,2.3023200035095215,2.4132299423217773,1.4931776523590088
1.9140777852800157,0,2.016974115371704,2.1567740440368652,2.090321719646454,1.8823976516723633,2.2855924367904663,2.405843734741211,1.4745140075683594,2.0252398252487183,2.1245124340057373,2.0860759913921356,1.9038690328598022,2.3023200035095215,2.4132299423217773,1.4931776523590088
1.9022315078311496,2.025446391105652,2.016974115371704,2.1567740440368652,2.090321719646454,1.8823976516723633,2.2855924367904663,2.405843734741211,1.4745140075683594,2.025446391105652,2.1240854263305664,2.086095839738846,1.9041272401809692,2.3026669025421143,2.4132485389709473,1.4936854839324951
1.886762923664517,0,2.016974115371704,2.1567740440368652,2.090321719646454,1.8823976516723633,2.2855924367904663,2.405843734741211,1.4745140075683594,2.025446391105652,2.1240854263305664,2.086095839738846,1.9041272401809692,2.3026669025421143,2.4132485389709473,1.4936854839324951
1.8974953095118205,2.025013470649719,2.016974115371704,2.1567740440368652,2.090321719646454,1.8823976516723633,2.2855924367904663,2.405843734741211,1.4745140075683594,2.025013470649719,2.125049591064453,2.08602112531662,1.9036767482757568,2.3018288612365723,2.413349151611328,1.4926832914352417
1.9197745720545452,0,2.016974115371704,2.1567740440368652,2.090321719646454,1.8823976516723633,2.2855924367904663,2.405843734741211,1.4745140075683594,2.025013470649719,2.125049591064453,2.08602112531662,1.9036767482757568,2.3018288612365723,2.413349151611328,1.4926832914352417
1.9117376274532742,2.024836874008179,2.016974115371704,2.1567740440368652,2.090321719646454,1.8823976516723633,2.2855924367904663,2.405843734741211,1.4745140075683594,2.024836874008179,2.125480890274048,2.086032748222351,1.903367042541504,2.3015559911727905,2.4133098125457764,1.4922244548797607
1.9015726513332791,0,2.016974115371704,2.1567740440368652,2.090321719646454,1.8823976516723633,2.2855924367904663,2.405843734741211,1.4745140075683594,2.024836874008179,2.125480890274048,2.086032748222351,1.903367042541504,2.3015559911727905,2.4133098125457764,1.4922244548797607
1.9239535199271307,2.0249680995941164,2.016974115371704,2.1567740440368652,2.090321719646454,1.8823976516723633,2.2855924367904663,2.405843734741211,1.4745140075683594,2.0249680995941164,2.1251931190490723,2.0859981775283813,1.903437614440918,2.3017313480377197,2.4132938385009766,1.4927470684051514
1.885535650783115,0,2.016974115371704,2.1567740440368652,2.090321719646454,1.8823976516723633,2.2855924367904663,2.405843734741211,1.4745140075683594,2.0249680995941164,2.1251931190490723,2.0859981775283813,1.903437614440918,2.3017313480377197,2.4132938385009766,1.4927470684051514
1.9041463534037273,2.025020885467529,2.016974115371704,2.1567740440368652,2.090321719646454,1.8823976516723633,2.2855924367904663,2.405843734741211,1.4745140075683594,2.025020885467529,2.1251423358917236,2.0860456824302673,1.903623104095459,2.3018089532852173,2.4133429527282715,1.4927210807800293
1.8966663678487141,0,2.016974115371704,2.1567740440368652,2.090321719646454,1.8823976516723633,2.2855924367904663,2.405843734741211,1.4745140075683594,2.025020885467529,2.1251423358917236,2.0860456824302673,1.903623104095459,2.3018089532852173,2.4133429527282715,1.4927210807800293
1.905142797364129,2.0248826265335085,2.016974115371704,2.1567740440368652,2.090321719646454,1.8823976516723633,2.2855924367904663,2.405843734741211,1.4745140075683594,2.0248826265335085,2.1253936290740967,2.0859970152378082,1.9033912420272827,2.3015633821487427,2.4133172035217285,1.4925014972686768
1.9107981125513713,0,2.016974115371704,2.1567740440368652,2.090321719646454,1.8823976516723633,2.2855924367904663,2.405843734741211,1.4745140075683594,2.0248826265335085,2.1253936290740967,2.0859970152378082,1.9033912420272827,2.3015633821487427,2.4133172035217285,1.4925014972686768
1.9091580708821614,2.025051546096802,2.016974115371704,2.1567740440368652,2.090321719646454,1.8823976516723633,2.2855924367904663,2.405843734741211,1.4745140075683594,2.025051546096802,2.124943494796753,2.086008608341217,1.9036378860473633,2.3019354343414307,2.4133613109588623,1.4928054809570312
1.9061519967185125,0,2.016974115371704,2.1567740440368652,2.090321719646454,1.8823976516723633,2.2855924367904663,2.405843734741211,1.4745140075683594,2.025051546096802,2.124943494796753,2.086008608341217,1.9036378860473633,2.3019354343414307,2.4133613109588623,1.4928054809570312
1.9092583258946736,2.0249616146087646,2.016974115371704,2.1567740440368652,2.090321719646454,1.8823976516723633,2.2855924367904663,2.405843734741211,1.4745140075683594,2.0249616146087646,2.1250624656677246,2.0859816670417786,1.9035379886627197,2.3018072843551636,2.413350820541382,1.4925930500030518
1.912043743663364,0,2.016974115371704,2.1567740440368652,2.090321719646454,1.8823976516723633,2.2855924367904663,2.405843734741211,1.4745140075683594,2.0249616146087646,2.1250624656677246,2.0859816670417786,1.9035379886627197,2.3018072843551636,2.413350820541382,1.4925930500030518
1.9102334181467693,2.0250211715698243,2.016974115371704,2.1567740440368652,2.090321719646454,1.8823976516723633,2.2855924367904663,2.405843734741211,1.4745140075683594,2.0250211715698243,2.1250791549682617,2.086022675037384,1.9035606384277344,2.301862597465515,2.413353443145752,1.4927408695220947
1.9171133438746135,0,2.016974115371704,2.1567740440368652,2.090321719646454,1.8823976516723633,2.2855924367904663,2.405843734741211,1.4745140075683594,2.0250211715698243,2.1250791549682617,2.086022675037384,1.9035606384277344,2.301862597465515,2.413353443145752,1.4927408695220947
1.8996469974517822,2.025006318092346,2.016974115371704,2.1567740440368652,2.090321719646454,1.8823976516723633,2.2855924367904663,2.405843734741211,1.4745140075683594,2.025006318092346,2.1250197887420654,2.085992068052292,1.9035097360610962,2.301863193511963,2.4133074283599854,1.4927756786346436
1.9005090792973836,0,2.016974115371704,2.1567740440368652,2.090321719646454,1.8823976516723633,2.2855924367904663,2.405843734741211,1.4745140075683594,2.025006318092346,2.1250197887420654,2.085992068052292,1.9035097360610962,2.301863193511963,2.4133074283599854,1.4927756786346436
1.9113688204023573,2.0250351190567017,2.016974115371704,2.1567740440368652,2.090321719646454,1.8823976516723633,2.2855924367904663,2.405843734741211,1.4745140075683594,2.0250351190567017,2.125087022781372,2.0860425233840942,1.9035577774047852,2.3018840551376343,2.413329839706421,1.4927626848220825
1.9110842280917697,0,2.016974115371704,2.1567740440368652,2.090321719646454,1.8823976516723633,2.2855924367904663,2.405843734741211,1.4745140075683594,2.0250351190567017,2.125087022781372,2.0860425233840942,1.9035577774047852,2.3018840551376343,2.413329839706421,1.4927626848220825
1.9017231199476454,2.025026631355286,2.016974115371704,2.1567740440368652,2.090321719646454,1.8823976516723633,2.2855924367904663,2.405843734741211,1.4745140075683594,2.025026631355286,2.1250529289245605,2.086026817560196,1.9035626649856567,2.3018709421157837,2.4133031368255615,1.4927756786346436
1.9089736143747966,0,2.016974115371704,2.1567740440368652,2.090321719646454,1.8823976516723633,2.2855924367904663,2.405843734741211,1.4745140075683594,2.025026631355286,2.1250529289245605,2.086026817560196,1.9035626649856567,2.3018709421157837,2.4133031368255615,1.4927756786346436
1.926599966155158,2.025004816055298,2.016974115371704,2.1567740440368652,2.090321719646454,1.8823976516723633,2.2855924367904663,2.405843734741211,1.4745140075683594,2.025004816055298,2.125004291534424,2.0860107243061066,1.903549313545227,2.3018901348114014,2.413295269012451,1.4926902055740356
1.9278917577531602,0,2.016974115371704,2.1567740440368652,2.090321719646454,1.8823976516723633,2.2855924367904663,2.405843734741211,1.4745140075683594,2.025004816055298,2.125004291534424,2.0860107243061066,1.903549313545227,2.3018901348114014,2.413295269012451,1.4926902055740356
