Tr-loss,Val-loss,b-mean,b-median,b-tri-mean,b-b25,b-wst25,b-wst,b-bst,mean,median,trimean,bst25,wst25,wst95,bst
62.721958584255646,61.96238403320312,61.96238403320312,62.399024963378906,62.13946056365967,61.235748291015625,62.86801528930664,63.21198654174805,60.44111633300781,61.96238403320312,62.399024963378906,62.13946056365967,61.235748291015625,62.86801528930664,63.21198654174805,60.44111633300781
59.30998992919922,0,61.96238403320312,62.399024963378906,62.13946056365967,61.235748291015625,62.86801528930664,63.21198654174805,60.44111633300781,61.96238403320312,62.399024963378906,62.13946056365967,61.235748291015625,62.86801528930664,63.21198654174805,60.44111633300781
54.76446660359701,52.6530044555664,52.6530044555664,53.09239196777344,52.836442947387695,51.911277770996094,53.59653854370117,53.94336700439453,51.068275451660156,52.6530044555664,53.09239196777344,52.836442947387695,51.911277770996094,53.59653854370117,53.94336700439453,51.068275451660156
48.426047007242836,0,52.6530044555664,53.09239196777344,52.836442947387695,51.911277770996094,53.59653854370117,53.94336700439453,51.068275451660156,52.6530044555664,53.09239196777344,52.836442947387695,51.911277770996094,53.59653854370117,53.94336700439453,51.068275451660156
39.0070432027181,33.41312026977539,33.41312026977539,33.84990692138672,33.61250400543213,32.658512115478516,34.433555603027344,34.775421142578125,31.69007110595703,33.41312026977539,33.84990692138672,33.61250400543213,32.658512115478516,34.433555603027344,34.775421142578125,31.69007110595703
26.083365970187717,0,33.41312026977539,33.84990692138672,33.61250400543213,32.658512115478516,34.433555603027344,34.775421142578125,31.69007110595703,33.41312026977539,33.84990692138672,33.61250400543213,32.658512115478516,34.433555603027344,34.775421142578125,31.69007110595703
16.4623351626926,15.405615425109863,15.405615425109863,15.348539352416992,15.40408968925476,15.314739227294922,15.89145803451538,16.178375244140625,14.58188247680664,15.405615425109863,15.348539352416992,15.40408968925476,15.314739227294922,15.89145803451538,16.178375244140625,14.58188247680664
13.115360895792643,0,15.405615425109863,15.348539352416992,15.40408968925476,15.314739227294922,15.89145803451538,16.178375244140625,14.58188247680664,15.405615425109863,15.348539352416992,15.40408968925476,15.314739227294922,15.89145803451538,16.178375244140625,14.58188247680664
8.093339284261068,7.60237865447998,7.60237865447998,8.04888916015625,7.99446702003479,7.574498176574707,8.400505065917969,8.495418548583984,5.587495803833008,7.60237865447998,8.04888916015625,7.99446702003479,7.574498176574707,8.400505065917969,8.495418548583984,5.587495803833008
6.041735013326009,0,7.60237865447998,8.04888916015625,7.99446702003479,7.574498176574707,8.400505065917969,8.495418548583984,5.587495803833008,7.60237865447998,8.04888916015625,7.99446702003479,7.574498176574707,8.400505065917969,8.495418548583984,5.587495803833008
5.279695404900445,4.792049884796143,4.792049884796143,4.505855560302734,4.551364541053772,4.343808174133301,5.464384317398071,6.078829765319824,4.181817054748535,4.792049884796143,4.505855560302734,4.551364541053772,4.343808174133301,5.464384317398071,6.078829765319824,4.181817054748535
5.178782886928982,0,4.792049884796143,4.505855560302734,4.551364541053772,4.343808174133301,5.464384317398071,6.078829765319824,4.181817054748535,4.792049884796143,4.505855560302734,4.551364541053772,4.343808174133301,5.464384317398071,6.078829765319824,4.181817054748535
5.048080656263563,4.827642440795898,4.792049884796143,4.505855560302734,4.551364541053772,4.343808174133301,5.464384317398071,6.078829765319824,4.181817054748535,4.827642440795898,4.680291652679443,4.621540546417236,4.317766189575195,5.440848112106323,6.073883533477783,4.258458137512207
5.040740489959717,0,4.792049884796143,4.505855560302734,4.551364541053772,4.343808174133301,5.464384317398071,6.078829765319824,4.181817054748535,4.827642440795898,4.680291652679443,4.621540546417236,4.317766189575195,5.440848112106323,6.073883533477783,4.258458137512207
5.02333582772149,4.829937934875488,4.792049884796143,4.505855560302734,4.551364541053772,4.343808174133301,5.464384317398071,6.078829765319824,4.181817054748535,4.829937934875488,4.6687397956848145,4.618649125099182,4.292482376098633,5.45355486869812,6.062475204467773,4.281357765197754
5.019194867875841,0,4.792049884796143,4.505855560302734,4.551364541053772,4.343808174133301,5.464384317398071,6.078829765319824,4.181817054748535,4.829937934875488,4.6687397956848145,4.618649125099182,4.292482376098633,5.45355486869812,6.062475204467773,4.281357765197754
4.969853321711223,4.760146236419677,4.760146236419677,4.684967041015625,4.578132748603821,4.203371047973633,5.368850469589233,5.998475074768066,4.174692153930664,4.760146236419677,4.684967041015625,4.578132748603821,4.203371047973633,5.368850469589233,5.998475074768066,4.174692153930664
4.932792584101359,0,4.760146236419677,4.684967041015625,4.578132748603821,4.203371047973633,5.368850469589233,5.998475074768066,4.174692153930664,4.760146236419677,4.684967041015625,4.578132748603821,4.203371047973633,5.368850469589233,5.998475074768066,4.174692153930664
4.964601331286961,4.765969467163086,4.760146236419677,4.684967041015625,4.578132748603821,4.203371047973633,5.368850469589233,5.998475074768066,4.174692153930664,4.765969467163086,4.709464073181152,4.596208930015564,4.192111015319824,5.378388404846191,5.982980251312256,4.17149543762207
5.005952888064915,0,4.760146236419677,4.684967041015625,4.578132748603821,4.203371047973633,5.368850469589233,5.998475074768066,4.174692153930664,4.765969467163086,4.709464073181152,4.596208930015564,4.192111015319824,5.378388404846191,5.982980251312256,4.17149543762207
4.937834819157918,4.792094993591308,4.760146236419677,4.684967041015625,4.578132748603821,4.203371047973633,5.368850469589233,5.998475074768066,4.174692153930664,4.792094993591308,4.727380752563477,4.639612078666687,4.252895832061768,5.4151763916015625,5.979561805725098,4.149845600128174
4.893562581804064,0,4.760146236419677,4.684967041015625,4.578132748603821,4.203371047973633,5.368850469589233,5.998475074768066,4.174692153930664,4.792094993591308,4.727380752563477,4.639612078666687,4.252895832061768,5.4151763916015625,5.979561805725098,4.149845600128174
4.949609200159709,4.861346340179443,4.760146236419677,4.684967041015625,4.578132748603821,4.203371047973633,5.368850469589233,5.998475074768066,4.174692153930664,4.861346340179443,4.876829147338867,4.747861742973328,4.273542404174805,5.49790358543396,6.031560897827148,4.160552978515625
4.943894280327691,0,4.760146236419677,4.684967041015625,4.578132748603821,4.203371047973633,5.368850469589233,5.998475074768066,4.174692153930664,4.861346340179443,4.876829147338867,4.747861742973328,4.273542404174805,5.49790358543396,6.031560897827148,4.160552978515625
4.9354119300842285,4.717488765716553,4.717488765716553,4.670778751373291,4.578163266181946,4.175662517547607,5.351820468902588,5.908207893371582,4.0373616218566895,4.717488765716553,4.670778751373291,4.578163266181946,4.175662517547607,5.351820468902588,5.908207893371582,4.0373616218566895
4.833985063764784,0,4.717488765716553,4.670778751373291,4.578163266181946,4.175662517547607,5.351820468902588,5.908207893371582,4.0373616218566895,4.717488765716553,4.670778751373291,4.578163266181946,4.175662517547607,5.351820468902588,5.908207893371582,4.0373616218566895
4.874885982937283,4.595614194869995,4.595614194869995,4.552716255187988,4.439501762390137,4.012592792510986,5.233447074890137,5.8269124031066895,3.9458677768707275,4.595614194869995,4.552716255187988,4.439501762390137,4.012592792510986,5.233447074890137,5.8269124031066895,3.9458677768707275
4.809744278589885,0,4.595614194869995,4.552716255187988,4.439501762390137,4.012592792510986,5.233447074890137,5.8269124031066895,3.9458677768707275,4.595614194869995,4.552716255187988,4.439501762390137,4.012592792510986,5.233447074890137,5.8269124031066895,3.9458677768707275
4.715658611721462,4.543307685852051,4.543307685852051,4.5563554763793945,4.409291863441467,3.9486145973205566,5.1775782108306885,5.7793145179748535,3.856411933898926,4.543307685852051,4.5563554763793945,4.409291863441467,3.9486145973205566,5.1775782108306885,5.7793145179748535,3.856411933898926
4.758791287740071,0,4.543307685852051,4.5563554763793945,4.409291863441467,3.9486145973205566,5.1775782108306885,5.7793145179748535,3.856411933898926,4.543307685852051,4.5563554763793945,4.409291863441467,3.9486145973205566,5.1775782108306885,5.7793145179748535,3.856411933898926
4.720314317279392,4.550464344024658,4.543307685852051,4.5563554763793945,4.409291863441467,3.9486145973205566,5.1775782108306885,5.7793145179748535,3.856411933898926,4.550464344024658,4.530709743499756,4.427025854587555,3.993537187576294,5.204987049102783,5.756827354431152,3.818100690841675
4.702118396759033,0,4.543307685852051,4.5563554763793945,4.409291863441467,3.9486145973205566,5.1775782108306885,5.7793145179748535,3.856411933898926,4.550464344024658,4.530709743499756,4.427025854587555,3.993537187576294,5.204987049102783,5.756827354431152,3.818100690841675
4.701663626564874,4.504510736465454,4.504510736465454,4.53236722946167,4.4029805064201355,3.938683271408081,5.172456979751587,5.736409664154053,3.7065892219543457,4.504510736465454,4.53236722946167,4.4029805064201355,3.938683271408081,5.172456979751587,5.736409664154053,3.7065892219543457
4.630472342173259,0,4.504510736465454,4.53236722946167,4.4029805064201355,3.938683271408081,5.172456979751587,5.736409664154053,3.7065892219543457,4.504510736465454,4.53236722946167,4.4029805064201355,3.938683271408081,5.172456979751587,5.736409664154053,3.7065892219543457
4.69829789797465,4.582402896881104,4.504510736465454,4.53236722946167,4.4029805064201355,3.938683271408081,5.172456979751587,5.736409664154053,3.7065892219543457,4.582402896881104,4.678678512573242,4.514172077178955,4.017115592956543,5.269794225692749,5.857372760772705,3.6766319274902344
4.555612881978353,0,4.504510736465454,4.53236722946167,4.4029805064201355,3.938683271408081,5.172456979751587,5.736409664154053,3.7065892219543457,4.582402896881104,4.678678512573242,4.514172077178955,4.017115592956543,5.269794225692749,5.857372760772705,3.6766319274902344
4.587057563993666,4.43929443359375,4.43929443359375,4.526731967926025,4.3629560470581055,3.854858875274658,5.145585775375366,5.7476701736450195,3.523709774017334,4.43929443359375,4.526731967926025,4.3629560470581055,3.854858875274658,5.145585775375366,5.7476701736450195,3.523709774017334
4.564201301998562,0,4.43929443359375,4.526731967926025,4.3629560470581055,3.854858875274658,5.145585775375366,5.7476701736450195,3.523709774017334,4.43929443359375,4.526731967926025,4.3629560470581055,3.854858875274658,5.145585775375366,5.7476701736450195,3.523709774017334
4.597222805023193,4.409460496902466,4.409460496902466,4.4904375076293945,4.37591952085495,3.9032561779022217,5.013584136962891,5.407621383666992,3.6264405250549316,4.409460496902466,4.4904375076293945,4.37591952085495,3.9032561779022217,5.013584136962891,5.407621383666992,3.6264405250549316
4.530332459343804,0,4.409460496902466,4.4904375076293945,4.37591952085495,3.9032561779022217,5.013584136962891,5.407621383666992,3.6264405250549316,4.409460496902466,4.4904375076293945,4.37591952085495,3.9032561779022217,5.013584136962891,5.407621383666992,3.6264405250549316
4.452360841963026,4.192723608016967,4.192723608016967,4.314096927642822,4.141564667224884,3.6098673343658447,4.894718647003174,5.461239814758301,3.250216484069824,4.192723608016967,4.314096927642822,4.141564667224884,3.6098673343658447,4.894718647003174,5.461239814758301,3.250216484069824
4.440526379479302,0,4.192723608016967,4.314096927642822,4.141564667224884,3.6098673343658447,4.894718647003174,5.461239814758301,3.250216484069824,4.192723608016967,4.314096927642822,4.141564667224884,3.6098673343658447,4.894718647003174,5.461239814758301,3.250216484069824
4.408488326602512,4.393154859542847,4.192723608016967,4.314096927642822,4.141564667224884,3.6098673343658447,4.894718647003174,5.461239814758301,3.250216484069824,4.393154859542847,4.491832733154297,4.330761015415192,3.8347036838531494,5.164775609970093,5.824876308441162,3.3096866607666016
4.408992555406359,0,4.192723608016967,4.314096927642822,4.141564667224884,3.6098673343658447,4.894718647003174,5.461239814758301,3.250216484069824,4.393154859542847,4.491832733154297,4.330761015415192,3.8347036838531494,5.164775609970093,5.824876308441162,3.3096866607666016
4.345674965116713,4.153827285766601,4.153827285766601,4.319425582885742,4.152391314506531,3.620452404022217,4.848649978637695,5.347038269042969,3.131958484649658,4.153827285766601,4.319425582885742,4.152391314506531,3.620452404022217,4.848649978637695,5.347038269042969,3.131958484649658
4.330516470803155,0,4.153827285766601,4.319425582885742,4.152391314506531,3.620452404022217,4.848649978637695,5.347038269042969,3.131958484649658,4.153827285766601,4.319425582885742,4.152391314506531,3.620452404022217,4.848649978637695,5.347038269042969,3.131958484649658
4.308282375335693,4.046422338485717,4.046422338485717,4.160993576049805,4.004522025585175,3.477691411972046,4.81458306312561,5.410756587982178,2.9642605781555176,4.046422338485717,4.160993576049805,4.004522025585175,3.477691411972046,4.81458306312561,5.410756587982178,2.9642605781555176
4.358270194795397,0,4.046422338485717,4.160993576049805,4.004522025585175,3.477691411972046,4.81458306312561,5.410756587982178,2.9642605781555176,4.046422338485717,4.160993576049805,4.004522025585175,3.477691411972046,4.81458306312561,5.410756587982178,2.9642605781555176
4.37358644273546,4.295632648468017,4.046422338485717,4.160993576049805,4.004522025585175,3.477691411972046,4.81458306312561,5.410756587982178,2.9642605781555176,4.295632648468017,4.338383674621582,4.2141276597976685,3.7776169776916504,5.118969678878784,5.835813045501709,3.124223232269287
4.363087972005208,0,4.046422338485717,4.160993576049805,4.004522025585175,3.477691411972046,4.81458306312561,5.410756587982178,2.9642605781555176,4.295632648468017,4.338383674621582,4.2141276597976685,3.7776169776916504,5.118969678878784,5.835813045501709,3.124223232269287
4.3281153837839765,3.956457090377808,3.956457090377808,4.02730655670166,3.915061295032501,3.4004647731781006,4.750596523284912,5.29602575302124,2.853321075439453,3.956457090377808,4.02730655670166,3.915061295032501,3.4004647731781006,4.750596523284912,5.29602575302124,2.853321075439453
4.241029236051771,0,3.956457090377808,4.02730655670166,3.915061295032501,3.4004647731781006,4.750596523284912,5.29602575302124,2.853321075439453,3.956457090377808,4.02730655670166,3.915061295032501,3.4004647731781006,4.750596523284912,5.29602575302124,2.853321075439453
4.215694957309299,4.097850608825683,3.956457090377808,4.02730655670166,3.915061295032501,3.4004647731781006,4.750596523284912,5.29602575302124,2.853321075439453,4.097850608825683,4.205239295959473,4.141936719417572,3.633463144302368,4.803899765014648,5.083994388580322,3.0427510738372803
4.350792646408081,0,3.956457090377808,4.02730655670166,3.915061295032501,3.4004647731781006,4.750596523284912,5.29602575302124,2.853321075439453,4.097850608825683,4.205239295959473,4.141936719417572,3.633463144302368,4.803899765014648,5.083994388580322,3.0427510738372803
4.235347482893202,4.098678398132324,3.956457090377808,4.02730655670166,3.915061295032501,3.4004647731781006,4.750596523284912,5.29602575302124,2.853321075439453,4.098678398132324,4.157886505126953,4.0133092403411865,3.5574469566345215,4.925583124160767,5.671149253845215,2.9268922805786133
4.330539306004842,0,3.956457090377808,4.02730655670166,3.915061295032501,3.4004647731781006,4.750596523284912,5.29602575302124,2.853321075439453,4.098678398132324,4.157886505126953,4.0133092403411865,3.5574469566345215,4.925583124160767,5.671149253845215,2.9268922805786133
4.411185767915514,3.96561803817749,3.956457090377808,4.02730655670166,3.915061295032501,3.4004647731781006,4.750596523284912,5.29602575302124,2.853321075439453,3.96561803817749,4.096392631530762,3.970096707344055,3.443922996520996,4.7312071323394775,5.218735694885254,2.8253602981567383
4.193183051215278,0,3.956457090377808,4.02730655670166,3.915061295032501,3.4004647731781006,4.750596523284912,5.29602575302124,2.853321075439453,3.96561803817749,4.096392631530762,3.970096707344055,3.443922996520996,4.7312071323394775,5.218735694885254,2.8253602981567383
4.185216532813178,3.8885406017303468,3.8885406017303468,3.954477310180664,3.855584740638733,3.3422513008117676,4.695033073425293,5.21893310546875,2.755908250808716,3.8885406017303468,3.954477310180664,3.855584740638733,3.3422513008117676,4.695033073425293,5.21893310546875,2.755908250808716
4.169305536482069,0,3.8885406017303468,3.954477310180664,3.855584740638733,3.3422513008117676,4.695033073425293,5.21893310546875,2.755908250808716,3.8885406017303468,3.954477310180664,3.855584740638733,3.3422513008117676,4.695033073425293,5.21893310546875,2.755908250808716
4.1119109524620905,3.9444207191467284,3.8885406017303468,3.954477310180664,3.855584740638733,3.3422513008117676,4.695033073425293,5.21893310546875,2.755908250808716,3.9444207191467284,4.092341423034668,3.9392956495285034,3.4295754432678223,4.718136787414551,5.293349266052246,2.763913154602051
4.129041618771023,0,3.8885406017303468,3.954477310180664,3.855584740638733,3.3422513008117676,4.695033073425293,5.21893310546875,2.755908250808716,3.9444207191467284,4.092341423034668,3.9392956495285034,3.4295754432678223,4.718136787414551,5.293349266052246,2.763913154602051
4.137817886140612,3.886640930175781,3.886640930175781,3.9704537391662598,3.8809837102890015,3.363795757293701,4.675365686416626,5.131499767303467,2.7482237815856934,3.886640930175781,3.9704537391662598,3.8809837102890015,3.363795757293701,4.675365686416626,5.131499767303467,2.7482237815856934
4.136558771133423,0,3.886640930175781,3.9704537391662598,3.8809837102890015,3.363795757293701,4.675365686416626,5.131499767303467,2.7482237815856934,3.886640930175781,3.9704537391662598,3.8809837102890015,3.363795757293701,4.675365686416626,5.131499767303467,2.7482237815856934
4.0539927747514515,3.756580114364624,3.756580114364624,3.7390236854553223,3.6526886224746704,3.1637473106384277,4.674224853515625,5.379489898681641,2.53167986869812,3.756580114364624,3.7390236854553223,3.6526886224746704,3.1637473106384277,4.674224853515625,5.379489898681641,2.53167986869812
4.083450502819485,0,3.756580114364624,3.7390236854553223,3.6526886224746704,3.1637473106384277,4.674224853515625,5.379489898681641,2.53167986869812,3.756580114364624,3.7390236854553223,3.6526886224746704,3.1637473106384277,4.674224853515625,5.379489898681641,2.53167986869812
4.114213201734755,3.8894643783569336,3.756580114364624,3.7390236854553223,3.6526886224746704,3.1637473106384277,4.674224853515625,5.379489898681641,2.53167986869812,3.8894643783569336,4.078300476074219,4.020270466804504,3.4894895553588867,4.611577272415161,4.788163185119629,2.6563773155212402
4.160484843783909,0,3.756580114364624,3.7390236854553223,3.6526886224746704,3.1637473106384277,4.674224853515625,5.379489898681641,2.53167986869812,3.8894643783569336,4.078300476074219,4.020270466804504,3.4894895553588867,4.611577272415161,4.788163185119629,2.6563773155212402
3.9133750332726374,4.014298629760742,3.756580114364624,3.7390236854553223,3.6526886224746704,3.1637473106384277,4.674224853515625,5.379489898681641,2.53167986869812,4.014298629760742,4.005064964294434,3.8847185373306274,3.3695597648620605,4.9465203285217285,5.733856201171875,2.8038277626037598
3.9328569306267633,0,3.756580114364624,3.7390236854553223,3.6526886224746704,3.1637473106384277,4.674224853515625,5.379489898681641,2.53167986869812,4.014298629760742,4.005064964294434,3.8847185373306274,3.3695597648620605,4.9465203285217285,5.733856201171875,2.8038277626037598
3.800685829586453,3.5872681617736815,3.5872681617736815,3.7116212844848633,3.6083446741104126,3.0591092109680176,4.439266204833984,4.9275054931640625,2.2870779037475586,3.5872681617736815,3.7116212844848633,3.6083446741104126,3.0591092109680176,4.439266204833984,4.9275054931640625,2.2870779037475586
3.798506604300605,0,3.5872681617736815,3.7116212844848633,3.6083446741104126,3.0591092109680176,4.439266204833984,4.9275054931640625,2.2870779037475586,3.5872681617736815,3.7116212844848633,3.6083446741104126,3.0591092109680176,4.439266204833984,4.9275054931640625,2.2870779037475586
3.7322062386406794,3.477345323562622,3.477345323562622,3.4948928356170654,3.469852328300476,2.93754243850708,4.376513719558716,4.800946235656738,2.201263904571533,3.477345323562622,3.4948928356170654,3.469852328300476,2.93754243850708,4.376513719558716,4.800946235656738,2.201263904571533
3.6956756114959717,0,3.477345323562622,3.4948928356170654,3.469852328300476,2.93754243850708,4.376513719558716,4.800946235656738,2.201263904571533,3.477345323562622,3.4948928356170654,3.469852328300476,2.93754243850708,4.376513719558716,4.800946235656738,2.201263904571533
3.719551165898641,3.5219111919403074,3.477345323562622,3.4948928356170654,3.469852328300476,2.93754243850708,4.376513719558716,4.800946235656738,2.201263904571533,3.5219111919403074,3.615464687347412,3.4883680939674377,2.9900078773498535,4.409627556800842,5.086719989776611,2.184828281402588
3.6622259616851807,0,3.477345323562622,3.4948928356170654,3.469852328300476,2.93754243850708,4.376513719558716,4.800946235656738,2.201263904571533,3.5219111919403074,3.615464687347412,3.4883680939674377,2.9900078773498535,4.409627556800842,5.086719989776611,2.184828281402588
3.6272411346435547,3.4318492889404295,3.4318492889404295,3.5064001083374023,3.4001216888427734,2.896538257598877,4.33475136756897,4.978354454040527,2.0868053436279297,3.4318492889404295,3.5064001083374023,3.4001216888427734,2.896538257598877,4.33475136756897,4.978354454040527,2.0868053436279297
3.601418415705363,0,3.4318492889404295,3.5064001083374023,3.4001216888427734,2.896538257598877,4.33475136756897,4.978354454040527,2.0868053436279297,3.4318492889404295,3.5064001083374023,3.4001216888427734,2.896538257598877,4.33475136756897,4.978354454040527,2.0868053436279297
3.6054376231299505,3.409244203567505,3.409244203567505,3.551863670349121,3.455173075199127,2.9040849208831787,4.276295900344849,4.739711761474609,2.0376806259155273,3.409244203567505,3.551863670349121,3.455173075199127,2.9040849208831787,4.276295900344849,4.739711761474609,2.0376806259155273
3.563842455546061,0,3.409244203567505,3.551863670349121,3.455173075199127,2.9040849208831787,4.276295900344849,4.739711761474609,2.0376806259155273,3.409244203567505,3.551863670349121,3.455173075199127,2.9040849208831787,4.276295900344849,4.739711761474609,2.0376806259155273
3.5470398002200656,3.3898564338684083,3.3898564338684083,3.4520530700683594,3.487421154975891,2.9597115516662598,4.217791557312012,4.3497161865234375,2.1019344329833984,3.3898564338684083,3.4520530700683594,3.487421154975891,2.9597115516662598,4.217791557312012,4.3497161865234375,2.1019344329833984
3.579855548010932,0,3.3898564338684083,3.4520530700683594,3.487421154975891,2.9597115516662598,4.217791557312012,4.3497161865234375,2.1019344329833984,3.3898564338684083,3.4520530700683594,3.487421154975891,2.9597115516662598,4.217791557312012,4.3497161865234375,2.1019344329833984
3.5935637950897217,3.210474634170532,3.210474634170532,3.2386698722839355,3.223872184753418,2.682490825653076,4.142102956771851,4.548547744750977,1.8470065593719482,3.210474634170532,3.2386698722839355,3.223872184753418,2.682490825653076,4.142102956771851,4.548547744750977,1.8470065593719482
3.507791439692179,0,3.210474634170532,3.2386698722839355,3.223872184753418,2.682490825653076,4.142102956771851,4.548547744750977,1.8470065593719482,3.210474634170532,3.2386698722839355,3.223872184753418,2.682490825653076,4.142102956771851,4.548547744750977,1.8470065593719482
3.4140884611341686,3.235437536239624,3.210474634170532,3.2386698722839355,3.223872184753418,2.682490825653076,4.142102956771851,4.548547744750977,1.8470065593719482,3.235437536239624,3.3706514835357666,3.2653626799583435,2.7488362789154053,4.126083612442017,4.680855751037598,1.805532693862915
3.4139369593726263,0,3.210474634170532,3.2386698722839355,3.223872184753418,2.682490825653076,4.142102956771851,4.548547744750977,1.8470065593719482,3.235437536239624,3.3706514835357666,3.2653626799583435,2.7488362789154053,4.126083612442017,4.680855751037598,1.805532693862915
3.3469984001583524,3.1241035938262938,3.1241035938262938,3.132260799407959,3.192949414253235,2.6610794067382812,4.025126218795776,4.2040557861328125,1.7769253253936768,3.1241035938262938,3.132260799407959,3.192949414253235,2.6610794067382812,4.025126218795776,4.2040557861328125,1.7769253253936768
3.3466862307654486,0,3.1241035938262938,3.132260799407959,3.192949414253235,2.6610794067382812,4.025126218795776,4.2040557861328125,1.7769253253936768,3.1241035938262938,3.132260799407959,3.192949414253235,2.6610794067382812,4.025126218795776,4.2040557861328125,1.7769253253936768
3.247807820638021,3.042779874801636,3.042779874801636,3.01576828956604,3.1087459921836853,2.5891499519348145,3.957283854484558,4.1002702713012695,1.694413423538208,3.042779874801636,3.01576828956604,3.1087459921836853,2.5891499519348145,3.957283854484558,4.1002702713012695,1.694413423538208
3.2073528501722546,0,3.042779874801636,3.01576828956604,3.1087459921836853,2.5891499519348145,3.957283854484558,4.1002702713012695,1.694413423538208,3.042779874801636,3.01576828956604,3.1087459921836853,2.5891499519348145,3.957283854484558,4.1002702713012695,1.694413423538208
3.185765955183241,3.000455927848816,3.000455927848816,3.105362892150879,3.041165769100189,2.5185861587524414,3.923447012901306,4.411542892456055,1.531436562538147,3.000455927848816,3.105362892150879,3.041165769100189,2.5185861587524414,3.923447012901306,4.411542892456055,1.531436562538147
3.143277300728692,0,3.000455927848816,3.105362892150879,3.041165769100189,2.5185861587524414,3.923447012901306,4.411542892456055,1.531436562538147,3.000455927848816,3.105362892150879,3.041165769100189,2.5185861587524414,3.923447012901306,4.411542892456055,1.531436562538147
3.1839208602905273,3.2912190437316893,3.000455927848816,3.105362892150879,3.041165769100189,2.5185861587524414,3.923447012901306,4.411542892456055,1.531436562538147,3.2912190437316893,3.397043228149414,3.2316529154777527,2.691155433654785,4.2258220911026,5.010274410247803,1.9162523746490479
3.2634306218889026,0,3.000455927848816,3.105362892150879,3.041165769100189,2.5185861587524414,3.923447012901306,4.411542892456055,1.531436562538147,3.2912190437316893,3.397043228149414,3.2316529154777527,2.691155433654785,4.2258220911026,5.010274410247803,1.9162523746490479
3.0816759533352323,2.908383011817932,2.908383011817932,2.9555273056030273,3.028446912765503,2.506955146789551,3.7851098775863647,3.8744418621063232,1.509212851524353,2.908383011817932,2.9555273056030273,3.028446912765503,2.506955146789551,3.7851098775863647,3.8744418621063232,1.509212851524353
2.9602188799116345,0,2.908383011817932,2.9555273056030273,3.028446912765503,2.506955146789551,3.7851098775863647,3.8744418621063232,1.509212851524353,2.908383011817932,2.9555273056030273,3.028446912765503,2.506955146789551,3.7851098775863647,3.8744418621063232,1.509212851524353
2.991941981845432,2.8811793327331543,2.8811793327331543,3.0534980297088623,2.920404374599457,2.457695484161377,3.7605711221694946,4.404216289520264,1.373560905456543,2.8811793327331543,3.0534980297088623,2.920404374599457,2.457695484161377,3.7605711221694946,4.404216289520264,1.373560905456543
2.9310556517706976,0,2.8811793327331543,3.0534980297088623,2.920404374599457,2.457695484161377,3.7605711221694946,4.404216289520264,1.373560905456543,2.8811793327331543,3.0534980297088623,2.920404374599457,2.457695484161377,3.7605711221694946,4.404216289520264,1.373560905456543
2.9061660766601562,2.739451766014099,2.739451766014099,2.7112679481506348,2.8494842052459717,2.392397880554199,3.6120365858078003,3.6410701274871826,1.369519829750061,2.739451766014099,2.7112679481506348,2.8494842052459717,2.392397880554199,3.6120365858078003,3.6410701274871826,1.369519829750061
2.785099824269613,0,2.739451766014099,2.7112679481506348,2.8494842052459717,2.392397880554199,3.6120365858078003,3.6410701274871826,1.369519829750061,2.739451766014099,2.7112679481506348,2.8494842052459717,2.392397880554199,3.6120365858078003,3.6410701274871826,1.369519829750061
2.7336590819888644,2.523754286766052,2.523754286766052,2.4782164096832275,2.5693929195404053,2.0579192638397217,3.516921877861023,3.7706241607666016,1.0487920045852661,2.523754286766052,2.4782164096832275,2.5693929195404053,2.0579192638397217,3.516921877861023,3.7706241607666016,1.0487920045852661
2.656308889389038,0,2.523754286766052,2.4782164096832275,2.5693929195404053,2.0579192638397217,3.516921877861023,3.7706241607666016,1.0487920045852661,2.523754286766052,2.4782164096832275,2.5693929195404053,2.0579192638397217,3.516921877861023,3.7706241607666016,1.0487920045852661
2.6372906631893582,2.4827425956726072,2.4827425956726072,2.4843740463256836,2.513212263584137,1.9902064800262451,3.4644376039505005,3.8349807262420654,1.0102572441101074,2.4827425956726072,2.4843740463256836,2.513212263584137,1.9902064800262451,3.4644376039505005,3.8349807262420654,1.0102572441101074
2.5874421331617565,0,2.4827425956726072,2.4843740463256836,2.513212263584137,1.9902064800262451,3.4644376039505005,3.8349807262420654,1.0102572441101074,2.4827425956726072,2.4843740463256836,2.513212263584137,1.9902064800262451,3.4644376039505005,3.8349807262420654,1.0102572441101074
2.567599243587918,2.3910802602767944,2.3910802602767944,2.258265972137451,2.4524461030960083,2.0069918632507324,3.3489303588867188,3.411600112915039,0.9922827482223511,2.3910802602767944,2.258265972137451,2.4524461030960083,2.0069918632507324,3.3489303588867188,3.411600112915039,0.9922827482223511
2.5222613281673856,0,2.3910802602767944,2.258265972137451,2.4524461030960083,2.0069918632507324,3.3489303588867188,3.411600112915039,0.9922827482223511,2.3910802602767944,2.258265972137451,2.4524461030960083,2.0069918632507324,3.3489303588867188,3.411600112915039,0.9922827482223511
2.4994218084547253,2.313615918159485,2.313615918159485,2.1999549865722656,2.338182657957077,1.8439487218856812,3.3029935359954834,3.497115135192871,0.9181888103485107,2.313615918159485,2.1999549865722656,2.338182657957077,1.8439487218856812,3.3029935359954834,3.497115135192871,0.9181888103485107
2.458480225669013,0,2.313615918159485,2.1999549865722656,2.338182657957077,1.8439487218856812,3.3029935359954834,3.497115135192871,0.9181888103485107,2.313615918159485,2.1999549865722656,2.338182657957077,1.8439487218856812,3.3029935359954834,3.497115135192871,0.9181888103485107
2.4306764602661133,2.2650877237319946,2.2650877237319946,2.118155002593994,2.2800567150115967,1.8095581531524658,3.236224889755249,3.3980910778045654,0.9252756834030151,2.2650877237319946,2.118155002593994,2.2800567150115967,1.8095581531524658,3.236224889755249,3.3980910778045654,0.9252756834030151
2.416221300760905,0,2.2650877237319946,2.118155002593994,2.2800567150115967,1.8095581531524658,3.236224889755249,3.3980910778045654,0.9252756834030151,2.2650877237319946,2.118155002593994,2.2800567150115967,1.8095581531524658,3.236224889755249,3.3980910778045654,0.9252756834030151
2.340575761265225,2.298018527030945,2.2650877237319946,2.118155002593994,2.2800567150115967,1.8095581531524658,3.236224889755249,3.3980910778045654,0.9252756834030151,2.298018527030945,2.098085403442383,2.3169065117836,1.9422926902770996,3.1810775995254517,3.232992649078369,1.0875593423843384
2.388407548268636,0,2.2650877237319946,2.118155002593994,2.2800567150115967,1.8095581531524658,3.236224889755249,3.3980910778045654,0.9252756834030151,2.298018527030945,2.098085403442383,2.3169065117836,1.9422926902770996,3.1810775995254517,3.232992649078369,1.0875593423843384
2.349003209008111,2.281400740146637,2.2650877237319946,2.118155002593994,2.2800567150115967,1.8095581531524658,3.236224889755249,3.3980910778045654,0.9252756834030151,2.281400740146637,2.242183208465576,2.2647862434387207,1.7783408164978027,3.2197455167770386,3.6430532932281494,0.9469886422157288
2.33716090520223,0,2.2650877237319946,2.118155002593994,2.2800567150115967,1.8095581531524658,3.236224889755249,3.3980910778045654,0.9252756834030151,2.281400740146637,2.242183208465576,2.2647862434387207,1.7783408164978027,3.2197455167770386,3.6430532932281494,0.9469886422157288
2.2924550241894193,2.19240939617157,2.19240939617157,2.03657865524292,2.15613716840744,1.7381973266601562,3.1141648292541504,3.415135622024536,0.9589413404464722,2.19240939617157,2.03657865524292,2.15613716840744,1.7381973266601562,3.1141648292541504,3.415135622024536,0.9589413404464722
2.280681437916226,0,2.19240939617157,2.03657865524292,2.15613716840744,1.7381973266601562,3.1141648292541504,3.415135622024536,0.9589413404464722,2.19240939617157,2.03657865524292,2.15613716840744,1.7381973266601562,3.1141648292541504,3.415135622024536,0.9589413404464722
2.2603005833095975,2.162448012828827,2.162448012828827,1.934578776359558,2.1189976930618286,1.8155746459960938,3.0370752811431885,3.2828919887542725,0.9879360795021057,2.162448012828827,1.934578776359558,2.1189976930618286,1.8155746459960938,3.0370752811431885,3.2828919887542725,0.9879360795021057
2.222651958465576,0,2.162448012828827,1.934578776359558,2.1189976930618286,1.8155746459960938,3.0370752811431885,3.2828919887542725,0.9879360795021057,2.162448012828827,1.934578776359558,2.1189976930618286,1.8155746459960938,3.0370752811431885,3.2828919887542725,0.9879360795021057
2.205581307411194,2.146530866622925,2.146530866622925,1.9395208358764648,2.089424818754196,1.7927387952804565,3.003628730773926,3.321338653564453,0.9931372404098511,2.146530866622925,1.9395208358764648,2.089424818754196,1.7927387952804565,3.003628730773926,3.321338653564453,0.9931372404098511
2.1902485158708362,0,2.146530866622925,1.9395208358764648,2.089424818754196,1.7927387952804565,3.003628730773926,3.321338653564453,0.9931372404098511,2.146530866622925,1.9395208358764648,2.089424818754196,1.7927387952804565,3.003628730773926,3.321338653564453,0.9931372404098511
2.2469143867492676,2.1324770927429197,2.1324770927429197,1.919741153717041,2.0626348853111267,1.8173723220825195,2.958555579185486,3.3234262466430664,1.0081608295440674,2.1324770927429197,1.919741153717041,2.0626348853111267,1.8173723220825195,2.958555579185486,3.3234262466430664,1.0081608295440674
2.1849230660332575,0,2.1324770927429197,1.919741153717041,2.0626348853111267,1.8173723220825195,2.958555579185486,3.3234262466430664,1.0081608295440674,2.1324770927429197,1.919741153717041,2.0626348853111267,1.8173723220825195,2.958555579185486,3.3234262466430664,1.0081608295440674
2.1619147194756403,2.1127456188201905,2.1127456188201905,1.8580721616744995,2.0331333577632904,1.8351598978042603,2.9058258533477783,3.2304224967956543,1.0588443279266357,2.1127456188201905,1.8580721616744995,2.0331333577632904,1.8351598978042603,2.9058258533477783,3.2304224967956543,1.0588443279266357
2.1588818762037487,0,2.1127456188201905,1.8580721616744995,2.0331333577632904,1.8351598978042603,2.9058258533477783,3.2304224967956543,1.0588443279266357,2.1127456188201905,1.8580721616744995,2.0331333577632904,1.8351598978042603,2.9058258533477783,3.2304224967956543,1.0588443279266357
2.2048447132110596,2.135916256904602,2.1127456188201905,1.8580721616744995,2.0331333577632904,1.8351598978042603,2.9058258533477783,3.2304224967956543,1.0588443279266357,2.135916256904602,1.9693129062652588,2.0330394208431244,1.766074776649475,2.9300767183303833,3.4326963424682617,1.0840401649475098
2.152325881852044,0,2.1127456188201905,1.8580721616744995,2.0331333577632904,1.8351598978042603,2.9058258533477783,3.2304224967956543,1.0588443279266357,2.135916256904602,1.9693129062652588,2.0330394208431244,1.766074776649475,2.9300767183303833,3.4326963424682617,1.0840401649475098
2.170320749282837,2.2507076263427734,2.1127456188201905,1.8580721616744995,2.0331333577632904,1.8351598978042603,2.9058258533477783,3.2304224967956543,1.0588443279266357,2.2507076263427734,2.21669602394104,2.2690107822418213,1.840315341949463,2.8276915550231934,2.8530473709106445,1.5411436557769775
2.115454766485426,0,2.1127456188201905,1.8580721616744995,2.0331333577632904,1.8351598978042603,2.9058258533477783,3.2304224967956543,1.0588443279266357,2.2507076263427734,2.21669602394104,2.2690107822418213,1.840315341949463,2.8276915550231934,2.8530473709106445,1.5411436557769775
2.138739983240763,2.3496979475021362,2.1127456188201905,1.8580721616744995,2.0331333577632904,1.8351598978042603,2.9058258533477783,3.2304224967956543,1.0588443279266357,2.3496979475021362,2.4111785888671875,2.375798761844635,1.9325578212738037,2.813567280769348,2.878854513168335,1.7776187658309937
2.18440752559238,0,2.1127456188201905,1.8580721616744995,2.0331333577632904,1.8351598978042603,2.9058258533477783,3.2304224967956543,1.0588443279266357,2.3496979475021362,2.4111785888671875,2.375798761844635,1.9325578212738037,2.813567280769348,2.878854513168335,1.7776187658309937
2.1468577914767795,2.1300832271575927,2.1127456188201905,1.8580721616744995,2.0331333577632904,1.8351598978042603,2.9058258533477783,3.2304224967956543,1.0588443279266357,2.1300832271575927,2.083078145980835,2.11020165681839,1.7261366844177246,2.7574377059936523,2.9663617610931396,1.3263258934020996
2.097716728846232,0,2.1127456188201905,1.8580721616744995,2.0331333577632904,1.8351598978042603,2.9058258533477783,3.2304224967956543,1.0588443279266357,2.1300832271575927,2.083078145980835,2.11020165681839,1.7261366844177246,2.7574377059936523,2.9663617610931396,1.3263258934020996
2.1149702999326916,2.1240172147750855,2.1127456188201905,1.8580721616744995,2.0331333577632904,1.8351598978042603,2.9058258533477783,3.2304224967956543,1.0588443279266357,2.1240172147750855,2.1121623516082764,2.114234507083893,1.6881654262542725,2.7352848052978516,2.926121711730957,1.3491886854171753
2.2004837724897595,0,2.1127456188201905,1.8580721616744995,2.0331333577632904,1.8351598978042603,2.9058258533477783,3.2304224967956543,1.0588443279266357,2.1240172147750855,2.1121623516082764,2.114234507083893,1.6881654262542725,2.7352848052978516,2.926121711730957,1.3491886854171753
2.0924019018809,2.1027674436569215,2.1027674436569215,1.9691200256347656,2.0233449935913086,1.7783877849578857,2.758721947669983,3.1406917572021484,1.2488855123519897,2.1027674436569215,1.9691200256347656,2.0233449935913086,1.7783877849578857,2.758721947669983,3.1406917572021484,1.2488855123519897
2.1005656321843467,0,2.1027674436569215,1.9691200256347656,2.0233449935913086,1.7783877849578857,2.758721947669983,3.1406917572021484,1.2488855123519897,2.1027674436569215,1.9691200256347656,2.0233449935913086,1.7783877849578857,2.758721947669983,3.1406917572021484,1.2488855123519897
2.1280241277482776,2.086998701095581,2.086998701095581,2.0483968257904053,2.0439645051956177,1.6864547729492188,2.7150416374206543,3.037473678588867,1.2700586318969727,2.086998701095581,2.0483968257904053,2.0439645051956177,1.6864547729492188,2.7150416374206543,3.037473678588867,1.2700586318969727
2.093147291077508,0,2.086998701095581,2.0483968257904053,2.0439645051956177,1.6864547729492188,2.7150416374206543,3.037473678588867,1.2700586318969727,2.086998701095581,2.0483968257904053,2.0439645051956177,1.6864547729492188,2.7150416374206543,3.037473678588867,1.2700586318969727
2.1787301037046642,2.1114852905273436,2.086998701095581,2.0483968257904053,2.0439645051956177,1.6864547729492188,2.7150416374206543,3.037473678588867,1.2700586318969727,2.1114852905273436,2.1033473014831543,2.0727806389331818,1.6906920671463013,2.7069053649902344,3.0200748443603516,1.3495763540267944
2.1029369831085205,0,2.086998701095581,2.0483968257904053,2.0439645051956177,1.6864547729492188,2.7150416374206543,3.037473678588867,1.2700586318969727,2.1114852905273436,2.1033473014831543,2.0727806389331818,1.6906920671463013,2.7069053649902344,3.0200748443603516,1.3495763540267944
2.0866836839252048,2.1342378854751587,2.086998701095581,2.0483968257904053,2.0439645051956177,1.6864547729492188,2.7150416374206543,3.037473678588867,1.2700586318969727,2.1342378854751587,2.198723554611206,2.1347166895866394,1.683243989944458,2.6662557125091553,2.874335765838623,1.4567104578018188
2.090742349624634,0,2.086998701095581,2.0483968257904053,2.0439645051956177,1.6864547729492188,2.7150416374206543,3.037473678588867,1.2700586318969727,2.1342378854751587,2.198723554611206,2.1347166895866394,1.683243989944458,2.6662557125091553,2.874335765838623,1.4567104578018188
2.1369172069761486,2.087041139602661,2.086998701095581,2.0483968257904053,2.0439645051956177,1.6864547729492188,2.7150416374206543,3.037473678588867,1.2700586318969727,2.087041139602661,2.0137829780578613,2.0166179537773132,1.7407305240631104,2.7024362087249756,3.1066970825195312,1.2758197784423828
2.0592809915542603,0,2.086998701095581,2.0483968257904053,2.0439645051956177,1.6864547729492188,2.7150416374206543,3.037473678588867,1.2700586318969727,2.087041139602661,2.0137829780578613,2.0166179537773132,1.7407305240631104,2.7024362087249756,3.1066970825195312,1.2758197784423828
2.1277540657255383,2.1351993560791014,2.086998701095581,2.0483968257904053,2.0439645051956177,1.6864547729492188,2.7150416374206543,3.037473678588867,1.2700586318969727,2.1351993560791014,1.9051098823547363,1.9817004203796387,1.8899738788604736,2.7818466424942017,3.337085247039795,1.3172197341918945
2.1936499145295887,0,2.086998701095581,2.0483968257904053,2.0439645051956177,1.6864547729492188,2.7150416374206543,3.037473678588867,1.2700586318969727,2.1351993560791014,1.9051098823547363,1.9817004203796387,1.8899738788604736,2.7818466424942017,3.337085247039795,1.3172197341918945
2.0661150879330106,2.093979239463806,2.086998701095581,2.0483968257904053,2.0439645051956177,1.6864547729492188,2.7150416374206543,3.037473678588867,1.2700586318969727,2.093979239463806,1.97185218334198,1.9879147410392761,1.7744901180267334,2.70684278011322,3.1802210807800293,1.309868335723877
2.087455299165514,0,2.086998701095581,2.0483968257904053,2.0439645051956177,1.6864547729492188,2.7150416374206543,3.037473678588867,1.2700586318969727,2.093979239463806,1.97185218334198,1.9879147410392761,1.7744901180267334,2.70684278011322,3.1802210807800293,1.309868335723877
2.107823027504815,2.1969610929489134,2.086998701095581,2.0483968257904053,2.0439645051956177,1.6864547729492188,2.7150416374206543,3.037473678588867,1.2700586318969727,2.1969610929489134,2.286303997039795,2.200902283191681,1.7301433086395264,2.664622187614441,2.8283865451812744,1.6391137838363647
2.1836526923709445,0,2.086998701095581,2.0483968257904053,2.0439645051956177,1.6864547729492188,2.7150416374206543,3.037473678588867,1.2700586318969727,2.1969610929489134,2.286303997039795,2.200902283191681,1.7301433086395264,2.664622187614441,2.8283865451812744,1.6391137838363647
2.1723036898507013,2.0784671306610107,2.0784671306610107,2.028294086456299,2.0030112862586975,1.720994472503662,2.676151156425476,3.117839813232422,1.2907447814941406,2.0784671306610107,2.028294086456299,2.0030112862586975,1.720994472503662,2.676151156425476,3.117839813232422,1.2907447814941406
2.044463555018107,0,2.0784671306610107,2.028294086456299,2.0030112862586975,1.720994472503662,2.676151156425476,3.117839813232422,1.2907447814941406,2.0784671306610107,2.028294086456299,2.0030112862586975,1.720994472503662,2.676151156425476,3.117839813232422,1.2907447814941406
2.0561876561906605,2.085074305534363,2.0784671306610107,2.028294086456299,2.0030112862586975,1.720994472503662,2.676151156425476,3.117839813232422,1.2907447814941406,2.085074305534363,2.0477144718170166,2.0088106393814087,1.7234277725219727,2.6676324605941772,3.1188790798187256,1.3189643621444702
2.0746845139397516,0,2.0784671306610107,2.028294086456299,2.0030112862586975,1.720994472503662,2.676151156425476,3.117839813232422,1.2907447814941406,2.085074305534363,2.0477144718170166,2.0088106393814087,1.7234277725219727,2.6676324605941772,3.1188790798187256,1.3189643621444702
2.248879181014167,2.4349831342697144,2.0784671306610107,2.028294086456299,2.0030112862586975,1.720994472503662,2.676151156425476,3.117839813232422,1.2907447814941406,2.4349831342697144,2.285184621810913,2.2259341180324554,1.8751462697982788,3.198296546936035,3.9383721351623535,1.6179916858673096
2.2969486316045127,0,2.0784671306610107,2.028294086456299,2.0030112862586975,1.720994472503662,2.676151156425476,3.117839813232422,1.2907447814941406,2.4349831342697144,2.285184621810913,2.2259341180324554,1.8751462697982788,3.198296546936035,3.9383721351623535,1.6179916858673096
2.086366891860962,2.1540438175201415,2.0784671306610107,2.028294086456299,2.0030112862586975,1.720994472503662,2.676151156425476,3.117839813232422,1.2907447814941406,2.1540438175201415,2.2407312393188477,2.1415848433971405,1.6910771131515503,2.6328718662261963,2.871943950653076,1.5726670026779175
2.0294731855392456,0,2.0784671306610107,2.028294086456299,2.0030112862586975,1.720994472503662,2.676151156425476,3.117839813232422,1.2907447814941406,2.1540438175201415,2.2407312393188477,2.1415848433971405,1.6910771131515503,2.6328718662261963,2.871943950653076,1.5726670026779175
2.042262461450365,2.07598192691803,2.07598192691803,2.0601048469543457,1.9987007975578308,1.6967687606811523,2.6227835416793823,3.067742347717285,1.3774689435958862,2.07598192691803,2.0601048469543457,1.9987007975578308,1.6967687606811523,2.6227835416793823,3.067742347717285,1.3774689435958862
2.076314369837443,0,2.07598192691803,2.0601048469543457,1.9987007975578308,1.6967687606811523,2.6227835416793823,3.067742347717285,1.3774689435958862,2.07598192691803,2.0601048469543457,1.9987007975578308,1.6967687606811523,2.6227835416793823,3.067742347717285,1.3774689435958862
2.1310132874382868,2.0920413970947265,2.07598192691803,2.0601048469543457,1.9987007975578308,1.6967687606811523,2.6227835416793823,3.067742347717285,1.3774689435958862,2.0920413970947265,2.011017084121704,2.0037789046764374,1.7724519968032837,2.671900987625122,3.1231725215911865,1.3329359292984009
2.071878751118978,0,2.07598192691803,2.0601048469543457,1.9987007975578308,1.6967687606811523,2.6227835416793823,3.067742347717285,1.3774689435958862,2.0920413970947265,2.011017084121704,2.0037789046764374,1.7724519968032837,2.671900987625122,3.1231725215911865,1.3329359292984009
2.042483687400818,2.118873429298401,2.07598192691803,2.0601048469543457,1.9987007975578308,1.6967687606811523,2.6227835416793823,3.067742347717285,1.3774689435958862,2.118873429298401,2.205397367477417,2.108264595270157,1.6588925123214722,2.6130220890045166,2.862673044204712,1.504033088684082
2.2098608016967773,0,2.07598192691803,2.0601048469543457,1.9987007975578308,1.6967687606811523,2.6227835416793823,3.067742347717285,1.3774689435958862,2.118873429298401,2.205397367477417,2.108264595270157,1.6588925123214722,2.6130220890045166,2.862673044204712,1.504033088684082
2.0558343993292914,2.1386624336242677,2.07598192691803,2.0601048469543457,1.9987007975578308,1.6967687606811523,2.6227835416793823,3.067742347717285,1.3774689435958862,2.1386624336242677,1.9956207275390625,2.025274634361267,1.8707189559936523,2.709651470184326,3.1801648139953613,1.4076695442199707
2.0955829355451794,0,2.07598192691803,2.0601048469543457,1.9987007975578308,1.6967687606811523,2.6227835416793823,3.067742347717285,1.3774689435958862,2.1386624336242677,1.9956207275390625,2.025274634361267,1.8707189559936523,2.709651470184326,3.1801648139953613,1.4076695442199707
2.055539912647671,2.0770204782485964,2.07598192691803,2.0601048469543457,1.9987007975578308,1.6967687606811523,2.6227835416793823,3.067742347717285,1.3774689435958862,2.0770204782485964,2.0345752239227295,1.9947373569011688,1.7254129648208618,2.6290847063064575,3.0737833976745605,1.3669447898864746
2.035931203100416,0,2.07598192691803,2.0601048469543457,1.9987007975578308,1.6967687606811523,2.6227835416793823,3.067742347717285,1.3774689435958862,2.0770204782485964,2.0345752239227295,1.9947373569011688,1.7254129648208618,2.6290847063064575,3.0737833976745605,1.3669447898864746
2.021101819144355,2.089770269393921,2.07598192691803,2.0601048469543457,1.9987007975578308,1.6967687606811523,2.6227835416793823,3.067742347717285,1.3774689435958862,2.089770269393921,2.162336587905884,2.067583441734314,1.6541228294372559,2.594702959060669,2.8978681564331055,1.442986011505127
2.0023324622048273,0,2.07598192691803,2.0601048469543457,1.9987007975578308,1.6967687606811523,2.6227835416793823,3.067742347717285,1.3774689435958862,2.089770269393921,2.162336587905884,2.067583441734314,1.6541228294372559,2.594702959060669,2.8978681564331055,1.442986011505127
2.0429069068696766,2.21298885345459,2.07598192691803,2.0601048469543457,1.9987007975578308,1.6967687606811523,2.6227835416793823,3.067742347717285,1.3774689435958862,2.21298885345459,2.0481178760528564,2.0552626252174377,1.8997485637664795,2.8343573808670044,3.44364857673645,1.4483630657196045
2.1724121040768094,0,2.07598192691803,2.0601048469543457,1.9987007975578308,1.6967687606811523,2.6227835416793823,3.067742347717285,1.3774689435958862,2.21298885345459,2.0481178760528564,2.0552626252174377,1.8997485637664795,2.8343573808670044,3.44364857673645,1.4483630657196045
2.0250595013300576,2.087215805053711,2.07598192691803,2.0601048469543457,1.9987007975578308,1.6967687606811523,2.6227835416793823,3.067742347717285,1.3774689435958862,2.087215805053711,1.9835705757141113,1.9685823321342468,1.7768621444702148,2.656465530395508,3.182605028152466,1.362715244293213
2.034479406144884,0,2.07598192691803,2.0601048469543457,1.9987007975578308,1.6967687606811523,2.6227835416793823,3.067742347717285,1.3774689435958862,2.087215805053711,1.9835705757141113,1.9685823321342468,1.7768621444702148,2.656465530395508,3.182605028152466,1.362715244293213
2.0992519193225436,2.116283130645752,2.07598192691803,2.0601048469543457,1.9987007975578308,1.6967687606811523,2.6227835416793823,3.067742347717285,1.3774689435958862,2.116283130645752,2.1807501316070557,2.0911853909492493,1.6836049556732178,2.6148276329040527,2.9100189208984375,1.4874053001403809
2.009297251701355,0,2.07598192691803,2.0601048469543457,1.9987007975578308,1.6967687606811523,2.6227835416793823,3.067742347717285,1.3774689435958862,2.116283130645752,2.1807501316070557,2.0911853909492493,1.6836049556732178,2.6148276329040527,2.9100189208984375,1.4874053001403809
2.0144185887442694,2.075683045387268,2.075683045387268,1.9958884716033936,1.9712509214878082,1.7550843954086304,2.6360923051834106,3.134042263031006,1.3552577495574951,2.075683045387268,1.9958884716033936,1.9712509214878082,1.7550843954086304,2.6360923051834106,3.134042263031006,1.3552577495574951
2.01513671875,0,2.075683045387268,1.9958884716033936,1.9712509214878082,1.7550843954086304,2.6360923051834106,3.134042263031006,1.3552577495574951,2.075683045387268,1.9958884716033936,1.9712509214878082,1.7550843954086304,2.6360923051834106,3.134042263031006,1.3552577495574951
2.0620739459991455,2.109543228149414,2.075683045387268,1.9958884716033936,1.9712509214878082,1.7550843954086304,2.6360923051834106,3.134042263031006,1.3552577495574951,2.109543228149414,2.183401346206665,2.0854459404945374,1.6763780117034912,2.596849799156189,2.89509654045105,1.4942371845245361
2.1894721190134683,0,2.075683045387268,1.9958884716033936,1.9712509214878082,1.7550843954086304,2.6360923051834106,3.134042263031006,1.3552577495574951,2.109543228149414,2.183401346206665,2.0854459404945374,1.6763780117034912,2.596849799156189,2.89509654045105,1.4942371845245361
2.09041162331899,2.070005202293396,2.070005202293396,2.0882740020751953,2.0162346959114075,1.6891491413116455,2.593064308166504,2.986886978149414,1.3864742517471313,2.070005202293396,2.0882740020751953,2.0162346959114075,1.6891491413116455,2.593064308166504,2.986886978149414,1.3864742517471313
2.0559464030795627,0,2.070005202293396,2.0882740020751953,2.0162346959114075,1.6891491413116455,2.593064308166504,2.986886978149414,1.3864742517471313,2.070005202293396,2.0882740020751953,2.0162346959114075,1.6891491413116455,2.593064308166504,2.986886978149414,1.3864742517471313
2.058546874258253,2.0868687868118285,2.070005202293396,2.0882740020751953,2.0162346959114075,1.6891491413116455,2.593064308166504,2.986886978149414,1.3864742517471313,2.0868687868118285,2.101022481918335,2.037280708551407,1.728798508644104,2.5980669260025024,2.9778544902801514,1.4083890914916992
2.049347586101956,0,2.070005202293396,2.0882740020751953,2.0162346959114075,1.6891491413116455,2.593064308166504,2.986886978149414,1.3864742517471313,2.0868687868118285,2.101022481918335,2.037280708551407,1.728798508644104,2.5980669260025024,2.9778544902801514,1.4083890914916992
2.103361858261956,2.079058051109314,2.070005202293396,2.0882740020751953,2.0162346959114075,1.6891491413116455,2.593064308166504,2.986886978149414,1.3864742517471313,2.079058051109314,2.1501057147979736,2.0528794825077057,1.660004734992981,2.575274348258972,2.89924693107605,1.434631109237671
2.06674595673879,0,2.070005202293396,2.0882740020751953,2.0162346959114075,1.6891491413116455,2.593064308166504,2.986886978149414,1.3864742517471313,2.079058051109314,2.1501057147979736,2.0528794825077057,1.660004734992981,2.575274348258972,2.89924693107605,1.434631109237671
2.137546035978529,2.2182761907577513,2.070005202293396,2.0882740020751953,2.0162346959114075,1.6891491413116455,2.593064308166504,2.986886978149414,1.3864742517471313,2.2182761907577513,2.0419554710388184,2.0717294812202454,1.9395160675048828,2.8124380111694336,3.3613851070404053,1.485033392906189
2.167778902583652,0,2.070005202293396,2.0882740020751953,2.0162346959114075,1.6891491413116455,2.593064308166504,2.986886978149414,1.3864742517471313,2.2182761907577513,2.0419554710388184,2.0717294812202454,1.9395160675048828,2.8124380111694336,3.3613851070404053,1.485033392906189
2.088460856013828,2.1573469400405885,2.070005202293396,2.0882740020751953,2.0162346959114075,1.6891491413116455,2.593064308166504,2.986886978149414,1.3864742517471313,2.1573469400405885,2.3105428218841553,2.176933526992798,1.698704481124878,2.5762635469436646,2.764583110809326,1.6249603033065796
2.1136457787619696,0,2.070005202293396,2.0882740020751953,2.0162346959114075,1.6891491413116455,2.593064308166504,2.986886978149414,1.3864742517471313,2.1573469400405885,2.3105428218841553,2.176933526992798,1.698704481124878,2.5762635469436646,2.764583110809326,1.6249603033065796
1.9998183515336778,2.0728999614715575,2.070005202293396,2.0882740020751953,2.0162346959114075,1.6891491413116455,2.593064308166504,2.986886978149414,1.3864742517471313,2.0728999614715575,2.118655204772949,2.030728280544281,1.671442985534668,2.5769095420837402,2.939659357070923,1.4205825328826904
2.052996860610114,0,2.070005202293396,2.0882740020751953,2.0162346959114075,1.6891491413116455,2.593064308166504,2.986886978149414,1.3864742517471313,2.0728999614715575,2.118655204772949,2.030728280544281,1.671442985534668,2.5769095420837402,2.939659357070923,1.4205825328826904
2.018249034881592,2.172713613510132,2.070005202293396,2.0882740020751953,2.0162346959114075,1.6891491413116455,2.593064308166504,2.986886978149414,1.3864742517471313,2.172713613510132,2.3642659187316895,2.2091082334518433,1.7105491161346436,2.5624159574508667,2.727479934692383,1.6639211177825928
2.0803575250837536,0,2.070005202293396,2.0882740020751953,2.0162346959114075,1.6891491413116455,2.593064308166504,2.986886978149414,1.3864742517471313,2.172713613510132,2.3642659187316895,2.2091082334518433,1.7105491161346436,2.5624159574508667,2.727479934692383,1.6639211177825928
2.0505096912384033,2.13917191028595,2.070005202293396,2.0882740020751953,2.0162346959114075,1.6891491413116455,2.593064308166504,2.986886978149414,1.3864742517471313,2.13917191028595,2.0126044750213623,2.0248020589351654,1.8757389783859253,2.683936595916748,3.1696128845214844,1.4396429061889648
2.0903514623641968,0,2.070005202293396,2.0882740020751953,2.0162346959114075,1.6891491413116455,2.593064308166504,2.986886978149414,1.3864742517471313,2.13917191028595,2.0126044750213623,2.0248020589351654,1.8757389783859253,2.683936595916748,3.1696128845214844,1.4396429061889648
2.1666273276011148,2.0896445512771606,2.070005202293396,2.0882740020751953,2.0162346959114075,1.6891491413116455,2.593064308166504,2.986886978149414,1.3864742517471313,2.0896445512771606,2.051067352294922,2.0129410326480865,1.7736865282058716,2.616885185241699,3.0578274726867676,1.3896985054016113
2.1468164920806885,0,2.070005202293396,2.0882740020751953,2.0162346959114075,1.6891491413116455,2.593064308166504,2.986886978149414,1.3864742517471313,2.0896445512771606,2.051067352294922,2.0129410326480865,1.7736865282058716,2.616885185241699,3.0578274726867676,1.3896985054016113
2.0584629509184094,2.1276235580444336,2.070005202293396,2.0882740020751953,2.0162346959114075,1.6891491413116455,2.593064308166504,2.986886978149414,1.3864742517471313,2.1276235580444336,2.266209125518799,2.1350879669189453,1.6788182258605957,2.558262586593628,2.787409782409668,1.5765652656555176
2.0875102281570435,0,2.070005202293396,2.0882740020751953,2.0162346959114075,1.6891491413116455,2.593064308166504,2.986886978149414,1.3864742517471313,2.1276235580444336,2.266209125518799,2.1350879669189453,1.6788182258605957,2.558262586593628,2.787409782409668,1.5765652656555176
2.0597692595587835,2.08672833442688,2.070005202293396,2.0882740020751953,2.0162346959114075,1.6891491413116455,2.593064308166504,2.986886978149414,1.3864742517471313,2.08672833442688,2.0394201278686523,2.0042823553085327,1.772261619567871,2.6111063957214355,3.056185245513916,1.3997471332550049
2.0208816395865545,0,2.070005202293396,2.0882740020751953,2.0162346959114075,1.6891491413116455,2.593064308166504,2.986886978149414,1.3864742517471313,2.08672833442688,2.0394201278686523,2.0042823553085327,1.772261619567871,2.6111063957214355,3.056185245513916,1.3997471332550049
2.0815660291247897,2.0929049491882323,2.070005202293396,2.0882740020751953,2.0162346959114075,1.6891491413116455,2.593064308166504,2.986886978149414,1.3864742517471313,2.0929049491882323,2.208510637283325,2.0943880677223206,1.6773567199707031,2.5577207803726196,2.8322672843933105,1.4632158279418945
2.0689909855524697,0,2.070005202293396,2.0882740020751953,2.0162346959114075,1.6891491413116455,2.593064308166504,2.986886978149414,1.3864742517471313,2.0929049491882323,2.208510637283325,2.0943880677223206,1.6773567199707031,2.5577207803726196,2.8322672843933105,1.4632158279418945
2.0627331998613148,2.314771890640259,2.070005202293396,2.0882740020751953,2.0162346959114075,1.6891491413116455,2.593064308166504,2.986886978149414,1.3864742517471313,2.314771890640259,2.198060989379883,2.1661302745342255,1.9376169443130493,2.9245375394821167,3.5182929039001465,1.5891064405441284
2.2350244257185192,0,2.070005202293396,2.0882740020751953,2.0162346959114075,1.6891491413116455,2.593064308166504,2.986886978149414,1.3864742517471313,2.314771890640259,2.198060989379883,2.1661302745342255,1.9376169443130493,2.9245375394821167,3.5182929039001465,1.5891064405441284
2.2499196264478893,2.1765796422958372,2.070005202293396,2.0882740020751953,2.0162346959114075,1.6891491413116455,2.593064308166504,2.986886978149414,1.3864742517471313,2.1765796422958372,2.394853353500366,2.2254006564617157,1.7118757963180542,2.550173044204712,2.7003259658813477,1.6758229732513428
2.3309661282433405,0,2.070005202293396,2.0882740020751953,2.0162346959114075,1.6891491413116455,2.593064308166504,2.986886978149414,1.3864742517471313,2.1765796422958372,2.394853353500366,2.2254006564617157,1.7118757963180542,2.550173044204712,2.7003259658813477,1.6758229732513428
2.246343904071384,2.116875338554382,2.070005202293396,2.0882740020751953,2.0162346959114075,1.6891491413116455,2.593064308166504,2.986886978149414,1.3864742517471313,2.116875338554382,2.174990177154541,2.0971820056438446,1.7727159261703491,2.589488983154297,2.9129462242126465,1.4576926231384277
2.1213071876102023,0,2.070005202293396,2.0882740020751953,2.0162346959114075,1.6891491413116455,2.593064308166504,2.986886978149414,1.3864742517471313,2.116875338554382,2.174990177154541,2.0971820056438446,1.7727159261703491,2.589488983154297,2.9129462242126465,1.4576926231384277
2.0634242031309338,2.0713088274002076,2.070005202293396,2.0882740020751953,2.0162346959114075,1.6891491413116455,2.593064308166504,2.986886978149414,1.3864742517471313,2.0713088274002076,2.1249043941497803,2.0229424834251404,1.6941463947296143,2.542458415031433,2.9371020793914795,1.4525765180587769
2.0397711329989963,0,2.070005202293396,2.0882740020751953,2.0162346959114075,1.6891491413116455,2.593064308166504,2.986886978149414,1.3864742517471313,2.0713088274002076,2.1249043941497803,2.0229424834251404,1.6941463947296143,2.542458415031433,2.9371020793914795,1.4525765180587769
2.0279913743336997,2.0667757034301757,2.0667757034301757,2.085723400115967,2.0020852088928223,1.703064203262329,2.5600215196609497,2.986213207244873,1.4250478744506836,2.0667757034301757,2.085723400115967,2.0020852088928223,1.703064203262329,2.5600215196609497,2.986213207244873,1.4250478744506836
1.9932770596610174,0,2.0667757034301757,2.085723400115967,2.0020852088928223,1.703064203262329,2.5600215196609497,2.986213207244873,1.4250478744506836,2.0667757034301757,2.085723400115967,2.0020852088928223,1.703064203262329,2.5600215196609497,2.986213207244873,1.4250478744506836
2.080846455362108,2.0688472032546996,2.0667757034301757,2.085723400115967,2.0020852088928223,1.703064203262329,2.5600215196609497,2.986213207244873,1.4250478744506836,2.0688472032546996,2.1134281158447266,2.0242798924446106,1.6888492107391357,2.5573503971099854,2.933286666870117,1.4272578954696655
2.016983244154188,0,2.0667757034301757,2.085723400115967,2.0020852088928223,1.703064203262329,2.5600215196609497,2.986213207244873,1.4250478744506836,2.0688472032546996,2.1134281158447266,2.0242798924446106,1.6888492107391357,2.5573503971099854,2.933286666870117,1.4272578954696655
2.0915528933207193,2.2780714988708497,2.0667757034301757,2.085723400115967,2.0020852088928223,1.703064203262329,2.5600215196609497,2.986213207244873,1.4250478744506836,2.2780714988708497,2.5035436153411865,2.3652422428131104,1.8812031745910645,2.5962291955947876,2.6197798252105713,1.8131523132324219
2.0984328587849936,0,2.0667757034301757,2.085723400115967,2.0020852088928223,1.703064203262329,2.5600215196609497,2.986213207244873,1.4250478744506836,2.2780714988708497,2.5035436153411865,2.3652422428131104,1.8812031745910645,2.5962291955947876,2.6197798252105713,1.8131523132324219
2.021581835216946,2.119401955604553,2.0667757034301757,2.085723400115967,2.0020852088928223,1.703064203262329,2.5600215196609497,2.986213207244873,1.4250478744506836,2.119401955604553,1.9712066650390625,1.979742854833603,1.8682252168655396,2.6659611463546753,3.2235894203186035,1.4256556034088135
2.191591011153327,0,2.0667757034301757,2.085723400115967,2.0020852088928223,1.703064203262329,2.5600215196609497,2.986213207244873,1.4250478744506836,2.119401955604553,1.9712066650390625,1.979742854833603,1.8682252168655396,2.6659611463546753,3.2235894203186035,1.4256556034088135
2.1997013092041016,2.4810506820678713,2.0667757034301757,2.085723400115967,2.0020852088928223,1.703064203262329,2.5600215196609497,2.986213207244873,1.4250478744506836,2.4810506820678713,2.7170982360839844,2.5813496112823486,2.1687049865722656,2.729287266731262,2.7360775470733643,2.060875654220581
2.1788013643688626,0,2.0667757034301757,2.085723400115967,2.0020852088928223,1.703064203262329,2.5600215196609497,2.986213207244873,1.4250478744506836,2.4810506820678713,2.7170982360839844,2.5813496112823486,2.1687049865722656,2.729287266731262,2.7360775470733643,2.060875654220581
2.1336205535464816,2.170688343048096,2.0667757034301757,2.085723400115967,2.0020852088928223,1.703064203262329,2.5600215196609497,2.986213207244873,1.4250478744506836,2.170688343048096,2.0106887817382812,2.0051923394203186,1.8891217708587646,2.7652539014816284,3.4202377796173096,1.4231233596801758
2.1959200302759805,0,2.0667757034301757,2.085723400115967,2.0020852088928223,1.703064203262329,2.5600215196609497,2.986213207244873,1.4250478744506836,2.170688343048096,2.0106887817382812,2.0051923394203186,1.8891217708587646,2.7652539014816284,3.4202377796173096,1.4231233596801758
2.1007850435045032,2.1561893224716187,2.0667757034301757,2.085723400115967,2.0020852088928223,1.703064203262329,2.5600215196609497,2.986213207244873,1.4250478744506836,2.1561893224716187,2.322467088699341,2.1749821603298187,1.711671233177185,2.5430855751037598,2.7428479194641113,1.6606371402740479
2.021359192000495,0,2.0667757034301757,2.085723400115967,2.0020852088928223,1.703064203262329,2.5600215196609497,2.986213207244873,1.4250478744506836,2.1561893224716187,2.322467088699341,2.1749821603298187,1.711671233177185,2.5430855751037598,2.7428479194641113,1.6606371402740479
2.0517292155159845,2.24660325050354,2.0667757034301757,2.085723400115967,2.0020852088928223,1.703064203262329,2.5600215196609497,2.986213207244873,1.4250478744506836,2.24660325050354,2.1143898963928223,2.0868563055992126,1.901116132736206,2.850205898284912,3.482882499694824,1.5170984268188477
2.069427596198188,0,2.0667757034301757,2.085723400115967,2.0020852088928223,1.703064203262329,2.5600215196609497,2.986213207244873,1.4250478744506836,2.24660325050354,2.1143898963928223,2.0868563055992126,1.901116132736206,2.850205898284912,3.482882499694824,1.5170984268188477
2.034575727250841,2.0777822732925415,2.0667757034301757,2.085723400115967,2.0020852088928223,1.703064203262329,2.5600215196609497,2.986213207244873,1.4250478744506836,2.0777822732925415,2.091160297393799,2.0209718346595764,1.7362937927246094,2.564756155014038,2.9642393589019775,1.4319449663162231
2.053831352127923,0,2.0667757034301757,2.085723400115967,2.0020852088928223,1.703064203262329,2.5600215196609497,2.986213207244873,1.4250478744506836,2.0777822732925415,2.091160297393799,2.0209718346595764,1.7362937927246094,2.564756155014038,2.9642393589019775,1.4319449663162231
2.0053346157073975,2.1345234394073485,2.0667757034301757,2.085723400115967,2.0020852088928223,1.703064203262329,2.5600215196609497,2.986213207244873,1.4250478744506836,2.1345234394073485,2.3113222122192383,2.163658857345581,1.6951231956481934,2.5333616733551025,2.729855537414551,1.5994484424591064
2.00746668709649,0,2.0667757034301757,2.085723400115967,2.0020852088928223,1.703064203262329,2.5600215196609497,2.986213207244873,1.4250478744506836,2.1345234394073485,2.3113222122192383,2.163658857345581,1.6951231956481934,2.5333616733551025,2.729855537414551,1.5994484424591064
2.0344161722395153,2.1341286182403563,2.0667757034301757,2.085723400115967,2.0020852088928223,1.703064203262329,2.5600215196609497,2.986213207244873,1.4250478744506836,2.1341286182403563,1.9351999759674072,1.984836220741272,1.923708438873291,2.7114683389663696,3.277700185775757,1.3887979984283447
2.0690024296442666,0,2.0667757034301757,2.085723400115967,2.0020852088928223,1.703064203262329,2.5600215196609497,2.986213207244873,1.4250478744506836,2.1341286182403563,1.9351999759674072,1.984836220741272,1.923708438873291,2.7114683389663696,3.277700185775757,1.3887979984283447
2.037871691915724,2.0595691204071045,2.0595691204071045,2.0311367511749268,1.975498378276825,1.730642557144165,2.5721147060394287,3.035151958465576,1.3918368816375732,2.0595691204071045,2.0311367511749268,1.975498378276825,1.730642557144165,2.5721147060394287,3.035151958465576,1.3918368816375732
2.053087009323968,0,2.0595691204071045,2.0311367511749268,1.975498378276825,1.730642557144165,2.5721147060394287,3.035151958465576,1.3918368816375732,2.0595691204071045,2.0311367511749268,1.975498378276825,1.730642557144165,2.5721147060394287,3.035151958465576,1.3918368816375732
2.0074603690041437,2.058264374732971,2.058264374732971,2.026196002960205,1.9777807593345642,1.7508890628814697,2.585162401199341,3.0624828338623047,1.3439120054244995,2.058264374732971,2.026196002960205,1.9777807593345642,1.7508890628814697,2.585162401199341,3.0624828338623047,1.3439120054244995
2.006870918803745,0,2.058264374732971,2.026196002960205,1.9777807593345642,1.7508890628814697,2.585162401199341,3.0624828338623047,1.3439120054244995,2.058264374732971,2.026196002960205,1.9777807593345642,1.7508890628814697,2.585162401199341,3.0624828338623047,1.3439120054244995
1.9925646517011855,2.1089406490325926,2.058264374732971,2.026196002960205,1.9777807593345642,1.7508890628814697,2.585162401199341,3.0624828338623047,1.3439120054244995,2.1089406490325926,1.9957528114318848,2.0018383860588074,1.855139970779419,2.6452454328536987,3.1297829151153564,1.4033195972442627
1.9777286847432454,0,2.058264374732971,2.026196002960205,1.9777807593345642,1.7508890628814697,2.585162401199341,3.0624828338623047,1.3439120054244995,2.1089406490325926,1.9957528114318848,2.0018383860588074,1.855139970779419,2.6452454328536987,3.1297829151153564,1.4033195972442627
1.9992534849378798,2.122636103630066,2.058264374732971,2.026196002960205,1.9777807593345642,1.7508890628814697,2.585162401199341,3.0624828338623047,1.3439120054244995,2.122636103630066,2.307999849319458,2.1555317044258118,1.697598934173584,2.519868016242981,2.731207847595215,1.5678457021713257
2.016602251264784,0,2.058264374732971,2.026196002960205,1.9777807593345642,1.7508890628814697,2.585162401199341,3.0624828338623047,1.3439120054244995,2.122636103630066,2.307999849319458,2.1555317044258118,1.697598934173584,2.519868016242981,2.731207847595215,1.5678457021713257
2.0251507891549005,2.063648557662964,2.058264374732971,2.026196002960205,1.9777807593345642,1.7508890628814697,2.585162401199341,3.0624828338623047,1.3439120054244995,2.063648557662964,2.0380895137786865,1.98926442861557,1.7435524463653564,2.57470703125,3.012087821960449,1.3871867656707764
2.0435820155673556,0,2.058264374732971,2.026196002960205,1.9777807593345642,1.7508890628814697,2.585162401199341,3.0624828338623047,1.3439120054244995,2.063648557662964,2.0380895137786865,1.98926442861557,1.7435524463653564,2.57470703125,3.012087821960449,1.3871867656707764
2.074191451072693,2.2060791015625,2.058264374732971,2.026196002960205,1.9777807593345642,1.7508890628814697,2.585162401199341,3.0624828338623047,1.3439120054244995,2.2060791015625,2.4191813468933105,2.2574225068092346,1.767228603363037,2.5511265993118286,2.678154468536377,1.7417323589324951
2.12145373556349,0,2.058264374732971,2.026196002960205,1.9777807593345642,1.7508890628814697,2.585162401199341,3.0624828338623047,1.3439120054244995,2.2060791015625,2.4191813468933105,2.2574225068092346,1.767228603363037,2.5511265993118286,2.678154468536377,1.7417323589324951
2.005921337339613,2.066281771659851,2.058264374732971,2.026196002960205,1.9777807593345642,1.7508890628814697,2.585162401199341,3.0624828338623047,1.3439120054244995,2.066281771659851,2.063063859939575,2.0084506273269653,1.7382264137268066,2.5696024894714355,2.969756603240967,1.3909136056900024
1.97362224260966,0,2.058264374732971,2.026196002960205,1.9777807593345642,1.7508890628814697,2.585162401199341,3.0624828338623047,1.3439120054244995,2.066281771659851,2.063063859939575,2.0084506273269653,1.7382264137268066,2.5696024894714355,2.969756603240967,1.3909136056900024
1.996921764479743,2.0575536489486694,2.0575536489486694,2.0813651084899902,2.0070073008537292,1.7074086666107178,2.548947811126709,2.940005302429199,1.4010988473892212,2.0575536489486694,2.0813651084899902,2.0070073008537292,1.7074086666107178,2.548947811126709,2.940005302429199,1.4010988473892212
2.021543754471673,0,2.0575536489486694,2.0813651084899902,2.0070073008537292,1.7074086666107178,2.548947811126709,2.940005302429199,1.4010988473892212,2.0575536489486694,2.0813651084899902,2.0070073008537292,1.7074086666107178,2.548947811126709,2.940005302429199,1.4010988473892212
1.9836914009518094,2.0562094688415526,2.0562094688415526,2.0531985759735107,1.986080825328827,1.7224926948547363,2.5611069202423096,3.0067803859710693,1.3831422328948975,2.0562094688415526,2.0531985759735107,1.986080825328827,1.7224926948547363,2.5611069202423096,3.0067803859710693,1.3831422328948975
1.974657456080119,0,2.0562094688415526,2.0531985759735107,1.986080825328827,1.7224926948547363,2.5611069202423096,3.0067803859710693,1.3831422328948975,2.0562094688415526,2.0531985759735107,1.986080825328827,1.7224926948547363,2.5611069202423096,3.0067803859710693,1.3831422328948975
1.9935959180196126,2.063247013092041,2.0562094688415526,2.0531985759735107,1.986080825328827,1.7224926948547363,2.5611069202423096,3.0067803859710693,1.3831422328948975,2.063247013092041,1.98785400390625,1.9615353345870972,1.7753586769104004,2.5964155197143555,3.0977563858032227,1.3601913452148438
1.9976969295077853,0,2.0562094688415526,2.0531985759735107,1.986080825328827,1.7224926948547363,2.5611069202423096,3.0067803859710693,1.3831422328948975,2.063247013092041,1.98785400390625,1.9615353345870972,1.7753586769104004,2.5964155197143555,3.0977563858032227,1.3601913452148438
1.9974585506651137,2.1188586711883546,2.0562094688415526,2.0531985759735107,1.986080825328827,1.7224926948547363,2.5611069202423096,3.0067803859710693,1.3831422328948975,2.1188586711883546,1.9492082595825195,1.9817937016487122,1.8914787769317627,2.674678683280945,3.2120778560638428,1.4042489528656006
2.01691824860043,0,2.0562094688415526,2.0531985759735107,1.986080825328827,1.7224926948547363,2.5611069202423096,3.0067803859710693,1.3831422328948975,2.1188586711883546,1.9492082595825195,1.9817937016487122,1.8914787769317627,2.674678683280945,3.2120778560638428,1.4042489528656006
2.0996202495363026,2.057517147064209,2.0562094688415526,2.0531985759735107,1.986080825328827,1.7224926948547363,2.5611069202423096,3.0067803859710693,1.3831422328948975,2.057517147064209,2.0555052757263184,1.9959949553012848,1.7247792482376099,2.563030958175659,2.977871894836426,1.3812392950057983
1.9913561079237196,0,2.0562094688415526,2.0531985759735107,1.986080825328827,1.7224926948547363,2.5611069202423096,3.0067803859710693,1.3831422328948975,2.057517147064209,2.0555052757263184,1.9959949553012848,1.7247792482376099,2.563030958175659,2.977871894836426,1.3812392950057983
1.9679694440629747,2.061224031448364,2.0562094688415526,2.0531985759735107,1.986080825328827,1.7224926948547363,2.5611069202423096,3.0067803859710693,1.3831422328948975,2.061224031448364,2.062648296356201,2.0026044845581055,1.731745719909668,2.5606958866119385,2.9680161476135254,1.3903343677520752
1.9761181539959378,0,2.0562094688415526,2.0531985759735107,1.986080825328827,1.7224926948547363,2.5611069202423096,3.0067803859710693,1.3831422328948975,2.061224031448364,2.062648296356201,2.0026044845581055,1.731745719909668,2.5606958866119385,2.9680161476135254,1.3903343677520752
1.9911162985695734,2.063179302215576,2.0562094688415526,2.0531985759735107,1.986080825328827,1.7224926948547363,2.5611069202423096,3.0067803859710693,1.3831422328948975,2.063179302215576,2.09782338142395,2.019978106021881,1.7171249389648438,2.54435396194458,2.92156720161438,1.4122402667999268
2.00892968972524,0,2.0562094688415526,2.0531985759735107,1.986080825328827,1.7224926948547363,2.5611069202423096,3.0067803859710693,1.3831422328948975,2.063179302215576,2.09782338142395,2.019978106021881,1.7171249389648438,2.54435396194458,2.92156720161438,1.4122402667999268
2.013428118493822,2.0690828800201415,2.0562094688415526,2.0531985759735107,1.986080825328827,1.7224926948547363,2.5611069202423096,3.0067803859710693,1.3831422328948975,2.0690828800201415,2.1764214038848877,2.061993360519409,1.672250509262085,2.5197068452835083,2.8165335655212402,1.4573287963867188
1.9826098150677152,0,2.0562094688415526,2.0531985759735107,1.986080825328827,1.7224926948547363,2.5611069202423096,3.0067803859710693,1.3831422328948975,2.0690828800201415,2.1764214038848877,2.061993360519409,1.672250509262085,2.5197068452835083,2.8165335655212402,1.4573287963867188
2.021991875436571,2.099502348899841,2.0562094688415526,2.0531985759735107,1.986080825328827,1.7224926948547363,2.5611069202423096,3.0067803859710693,1.3831422328948975,2.099502348899841,1.918839693069458,1.9477132856845856,1.8807603120803833,2.665780782699585,3.259148120880127,1.3663501739501953
1.9999112950430975,0,2.0562094688415526,2.0531985759735107,1.986080825328827,1.7224926948547363,2.5611069202423096,3.0067803859710693,1.3831422328948975,2.099502348899841,1.918839693069458,1.9477132856845856,1.8807603120803833,2.665780782699585,3.259148120880127,1.3663501739501953
2.0610298448138766,2.3411463499069214,2.0562094688415526,2.0531985759735107,1.986080825328827,1.7224926948547363,2.5611069202423096,3.0067803859710693,1.3831422328948975,2.3411463499069214,2.531452178955078,2.3924422562122345,1.9551140069961548,2.648289680480957,2.744828701019287,1.92258620262146
2.1367299291822643,0,2.0562094688415526,2.0531985759735107,1.986080825328827,1.7224926948547363,2.5611069202423096,3.0067803859710693,1.3831422328948975,2.3411463499069214,2.531452178955078,2.3924422562122345,1.9551140069961548,2.648289680480957,2.744828701019287,1.92258620262146
2.0521054135428534,2.0740692615509033,2.0562094688415526,2.0531985759735107,1.986080825328827,1.7224926948547363,2.5611069202423096,3.0067803859710693,1.3831422328948975,2.0740692615509033,2.1539413928985596,2.05245041847229,1.6824891567230225,2.5355767011642456,2.8517236709594727,1.4627623558044434
2.060559630393982,0,2.0562094688415526,2.0531985759735107,1.986080825328827,1.7224926948547363,2.5611069202423096,3.0067803859710693,1.3831422328948975,2.0740692615509033,2.1539413928985596,2.05245041847229,1.6824891567230225,2.5355767011642456,2.8517236709594727,1.4627623558044434
2.0096522304746838,2.061500978469849,2.0562094688415526,2.0531985759735107,1.986080825328827,1.7224926948547363,2.5611069202423096,3.0067803859710693,1.3831422328948975,2.061500978469849,1.9785864353179932,1.9487518072128296,1.8006432056427002,2.6016355752944946,3.1660799980163574,1.3250041007995605
1.9679613643222384,0,2.0562094688415526,2.0531985759735107,1.986080825328827,1.7224926948547363,2.5611069202423096,3.0067803859710693,1.3831422328948975,2.061500978469849,1.9785864353179932,1.9487518072128296,1.8006432056427002,2.6016355752944946,3.1660799980163574,1.3250041007995605
1.9717596901787653,2.090138483047485,2.0562094688415526,2.0531985759735107,1.986080825328827,1.7224926948547363,2.5611069202423096,3.0067803859710693,1.3831422328948975,2.090138483047485,1.9429986476898193,1.9557461440563202,1.8511463403701782,2.64397394657135,3.2021069526672363,1.368599534034729
2.107274333635966,0,2.0562094688415526,2.0531985759735107,1.986080825328827,1.7224926948547363,2.5611069202423096,3.0067803859710693,1.3831422328948975,2.090138483047485,1.9429986476898193,1.9557461440563202,1.8511463403701782,2.64397394657135,3.2021069526672363,1.368599534034729
2.006138112809923,2.079486060142517,2.0562094688415526,2.0531985759735107,1.986080825328827,1.7224926948547363,2.5611069202423096,3.0067803859710693,1.3831422328948975,2.079486060142517,1.9501053094863892,1.9515328407287598,1.8341305255889893,2.6282529830932617,3.184715747833252,1.3566884994506836
2.023167543941074,0,2.0562094688415526,2.0531985759735107,1.986080825328827,1.7224926948547363,2.5611069202423096,3.0067803859710693,1.3831422328948975,2.079486060142517,1.9501053094863892,1.9515328407287598,1.8341305255889893,2.6282529830932617,3.184715747833252,1.3566884994506836
2.0060377518335977,2.089431548118591,2.0562094688415526,2.0531985759735107,1.986080825328827,1.7224926948547363,2.5611069202423096,3.0067803859710693,1.3831422328948975,2.089431548118591,2.2202115058898926,2.096532642841339,1.6813530921936035,2.5177613496780396,2.7711682319641113,1.5100704431533813
1.970249507162306,0,2.0562094688415526,2.0531985759735107,1.986080825328827,1.7224926948547363,2.5611069202423096,3.0067803859710693,1.3831422328948975,2.089431548118591,2.2202115058898926,2.096532642841339,1.6813530921936035,2.5177613496780396,2.7711682319641113,1.5100704431533813
2.010444826549954,2.0816270112991333,2.0562094688415526,2.0531985759735107,1.986080825328827,1.7224926948547363,2.5611069202423096,3.0067803859710693,1.3831422328948975,2.0816270112991333,2.0102367401123047,1.9914219379425049,1.8104526996612549,2.601411819458008,3.0680620670318604,1.3846219778060913
2.0200527244144015,0,2.0562094688415526,2.0531985759735107,1.986080825328827,1.7224926948547363,2.5611069202423096,3.0067803859710693,1.3831422328948975,2.0816270112991333,2.0102367401123047,1.9914219379425049,1.8104526996612549,2.601411819458008,3.0680620670318604,1.3846219778060913
1.9885615110397339,2.0728260040283204,2.0562094688415526,2.0531985759735107,1.986080825328827,1.7224926948547363,2.5611069202423096,3.0067803859710693,1.3831422328948975,2.0728260040283204,2.1759777069091797,2.0657604336738586,1.6777536869049072,2.5215718746185303,2.8098111152648926,1.467254877090454
1.9914991325802274,0,2.0562094688415526,2.0531985759735107,1.986080825328827,1.7224926948547363,2.5611069202423096,3.0067803859710693,1.3831422328948975,2.0728260040283204,2.1759777069091797,2.0657604336738586,1.6777536869049072,2.5215718746185303,2.8098111152648926,1.467254877090454
2.051313453250461,2.2410062551498413,2.0562094688415526,2.0531985759735107,1.986080825328827,1.7224926948547363,2.5611069202423096,3.0067803859710693,1.3831422328948975,2.2410062551498413,2.1167025566101074,2.085077852010727,1.8955618143081665,2.84259569644928,3.473846912384033,1.507575511932373
2.0686698489718967,0,2.0562094688415526,2.0531985759735107,1.986080825328827,1.7224926948547363,2.5611069202423096,3.0067803859710693,1.3831422328948975,2.2410062551498413,2.1167025566101074,2.085077852010727,1.8955618143081665,2.84259569644928,3.473846912384033,1.507575511932373
1.9630935324562921,2.0649176836013794,2.0562094688415526,2.0531985759735107,1.986080825328827,1.7224926948547363,2.5611069202423096,3.0067803859710693,1.3831422328948975,2.0649176836013794,2.1653244495391846,2.0530358254909515,1.6729918718338013,2.5145851373672485,2.8206677436828613,1.457101821899414
1.990990612241957,0,2.0562094688415526,2.0531985759735107,1.986080825328827,1.7224926948547363,2.5611069202423096,3.0067803859710693,1.3831422328948975,2.0649176836013794,2.1653244495391846,2.0530358254909515,1.6729918718338013,2.5145851373672485,2.8206677436828613,1.457101821899414
1.9476096762551203,2.0857435703277587,2.0562094688415526,2.0531985759735107,1.986080825328827,1.7224926948547363,2.5611069202423096,3.0067803859710693,1.3831422328948975,2.0857435703277587,2.211132049560547,2.084725320339203,1.684650182723999,2.5089328289031982,2.7858786582946777,1.5150699615478516
1.9915267361534967,0,2.0562094688415526,2.0531985759735107,1.986080825328827,1.7224926948547363,2.5611069202423096,3.0067803859710693,1.3831422328948975,2.0857435703277587,2.211132049560547,2.084725320339203,1.684650182723999,2.5089328289031982,2.7858786582946777,1.5150699615478516
1.9635589785046048,2.122989058494568,2.0562094688415526,2.0531985759735107,1.986080825328827,1.7224926948547363,2.5611069202423096,3.0067803859710693,1.3831422328948975,2.122989058494568,1.9545255899429321,1.982301950454712,1.906451940536499,2.6666665077209473,3.21962833404541,1.4206347465515137
2.0306415955225625,0,2.0562094688415526,2.0531985759735107,1.986080825328827,1.7224926948547363,2.5611069202423096,3.0067803859710693,1.3831422328948975,2.122989058494568,1.9545255899429321,1.982301950454712,1.906451940536499,2.6666665077209473,3.21962833404541,1.4206347465515137
2.0173347923490734,2.083891177177429,2.0562094688415526,2.0531985759735107,1.986080825328827,1.7224926948547363,2.5611069202423096,3.0067803859710693,1.3831422328948975,2.083891177177429,2.2264933586120605,2.093808174133301,1.6768760681152344,2.5033825635910034,2.761395215988159,1.5093213319778442
2.046651495827569,0,2.0562094688415526,2.0531985759735107,1.986080825328827,1.7224926948547363,2.5611069202423096,3.0067803859710693,1.3831422328948975,2.083891177177429,2.2264933586120605,2.093808174133301,1.6768760681152344,2.5033825635910034,2.761395215988159,1.5093213319778442
2.0040226777394614,2.057112693786621,2.0562094688415526,2.0531985759735107,1.986080825328827,1.7224926948547363,2.5611069202423096,3.0067803859710693,1.3831422328948975,2.057112693786621,2.0906641483306885,2.0110525488853455,1.7204058170318604,2.534193754196167,2.9259114265441895,1.4061059951782227
1.9558458063337538,0,2.0562094688415526,2.0531985759735107,1.986080825328827,1.7224926948547363,2.5611069202423096,3.0067803859710693,1.3831422328948975,2.057112693786621,2.0906641483306885,2.0110525488853455,1.7204058170318604,2.534193754196167,2.9259114265441895,1.4061059951782227
1.979440450668335,2.058083200454712,2.0562094688415526,2.0531985759735107,1.986080825328827,1.7224926948547363,2.5611069202423096,3.0067803859710693,1.3831422328948975,2.058083200454712,2.1566238403320312,2.0424850583076477,1.6716647148132324,2.5074344873428345,2.829841136932373,1.447258472442627
1.9602405495113797,0,2.0562094688415526,2.0531985759735107,1.986080825328827,1.7224926948547363,2.5611069202423096,3.0067803859710693,1.3831422328948975,2.058083200454712,2.1566238403320312,2.0424850583076477,1.6716647148132324,2.5074344873428345,2.829841136932373,1.447258472442627
1.9621858596801758,2.050023078918457,2.050023078918457,2.0007619857788086,1.9595774412155151,1.7675609588623047,2.5663344860076904,3.063444137573242,1.349123477935791,2.050023078918457,2.0007619857788086,1.9595774412155151,1.7675609588623047,2.5663344860076904,3.063444137573242,1.349123477935791
1.9483954906463623,0,2.050023078918457,2.0007619857788086,1.9595774412155151,1.7675609588623047,2.5663344860076904,3.063444137573242,1.349123477935791,2.050023078918457,2.0007619857788086,1.9595774412155151,1.7675609588623047,2.5663344860076904,3.063444137573242,1.349123477935791
2.0020804405212402,2.077367568016052,2.050023078918457,2.0007619857788086,1.9595774412155151,1.7675609588623047,2.5663344860076904,3.063444137573242,1.349123477935791,2.077367568016052,2.200392246246338,2.076978176832199,1.6801422834396362,2.505811929702759,2.784637928009033,1.4946794509887695
1.9500083658430312,0,2.050023078918457,2.0007619857788086,1.9595774412155151,1.7675609588623047,2.5663344860076904,3.063444137573242,1.349123477935791,2.077367568016052,2.200392246246338,2.076978176832199,1.6801422834396362,2.505811929702759,2.784637928009033,1.4946794509887695
1.9706003930833604,2.0442142486572266,2.0442142486572266,2.0388669967651367,1.9766761362552643,1.7299519777297974,2.543156862258911,2.987295150756836,1.3659385442733765,2.0442142486572266,2.0388669967651367,1.9766761362552643,1.7299519777297974,2.543156862258911,2.987295150756836,1.3659385442733765
1.9806701872083876,0,2.0442142486572266,2.0388669967651367,1.9766761362552643,1.7299519777297974,2.543156862258911,2.987295150756836,1.3659385442733765,2.0442142486572266,2.0388669967651367,1.9766761362552643,1.7299519777297974,2.543156862258911,2.987295150756836,1.3659385442733765
1.9527238077587552,2.0410677433013915,2.0410677433013915,2.059162139892578,1.9819673895835876,1.7094178199768066,2.5296612977981567,2.959195137023926,1.3774361610412598,2.0410677433013915,2.059162139892578,1.9819673895835876,1.7094178199768066,2.5296612977981567,2.959195137023926,1.3774361610412598
1.9458631409539118,0,2.0410677433013915,2.059162139892578,1.9819673895835876,1.7094178199768066,2.5296612977981567,2.959195137023926,1.3774361610412598,2.0410677433013915,2.059162139892578,1.9819673895835876,1.7094178199768066,2.5296612977981567,2.959195137023926,1.3774361610412598
1.999162753423055,2.0496418952941893,2.0410677433013915,2.059162139892578,1.9819673895835876,1.7094178199768066,2.5296612977981567,2.959195137023926,1.3774361610412598,2.0496418952941893,2.121242046356201,2.019668459892273,1.6808972358703613,2.512419104576111,2.8695456981658936,1.421231985092163
1.9380632638931274,0,2.0410677433013915,2.059162139892578,1.9819673895835876,1.7094178199768066,2.5296612977981567,2.959195137023926,1.3774361610412598,2.0496418952941893,2.121242046356201,2.019668459892273,1.6808972358703613,2.512419104576111,2.8695456981658936,1.421231985092163
1.9515571461783514,2.0495371580123902,2.0410677433013915,2.059162139892578,1.9819673895835876,1.7094178199768066,2.5296612977981567,2.959195137023926,1.3774361610412598,2.0495371580123902,2.0945112705230713,2.0044704377651215,1.7063382863998413,2.517144799232483,2.911768674850464,1.4125466346740723
1.93706210454305,0,2.0410677433013915,2.059162139892578,1.9819673895835876,1.7094178199768066,2.5296612977981567,2.959195137023926,1.3774361610412598,2.0495371580123902,2.0945112705230713,2.0044704377651215,1.7063382863998413,2.517144799232483,2.911768674850464,1.4125466346740723
1.9510499371422663,2.0550845146179197,2.0410677433013915,2.059162139892578,1.9819673895835876,1.7094178199768066,2.5296612977981567,2.959195137023926,1.3774361610412598,2.0550845146179197,2.1048855781555176,2.019716799259186,1.715395450592041,2.5282286405563354,2.902756690979004,1.3986842632293701
2.0193321175045438,0,2.0410677433013915,2.059162139892578,1.9819673895835876,1.7094178199768066,2.5296612977981567,2.959195137023926,1.3774361610412598,2.0550845146179197,2.1048855781555176,2.019716799259186,1.715395450592041,2.5282286405563354,2.902756690979004,1.3986842632293701
2.0277002917395697,2.0410678386688232,2.0410677433013915,2.059162139892578,1.9819673895835876,1.7094178199768066,2.5296612977981567,2.959195137023926,1.3774361610412598,2.0410678386688232,2.0361168384552,1.9733535647392273,1.7279274463653564,2.5419764518737793,2.9906997680664062,1.357342004776001
2.0002556376987033,0,2.0410677433013915,2.059162139892578,1.9819673895835876,1.7094178199768066,2.5296612977981567,2.959195137023926,1.3774361610412598,2.0410678386688232,2.0361168384552,1.9733535647392273,1.7279274463653564,2.5419764518737793,2.9906997680664062,1.357342004776001
1.958212759759691,2.041447401046753,2.0410677433013915,2.059162139892578,1.9819673895835876,1.7094178199768066,2.5296612977981567,2.959195137023926,1.3774361610412598,2.041447401046753,2.009159564971924,1.9569990634918213,1.7442851066589355,2.55107319355011,3.0367543697357178,1.3516459465026855
1.9620375235875447,0,2.0410677433013915,2.059162139892578,1.9819673895835876,1.7094178199768066,2.5296612977981567,2.959195137023926,1.3774361610412598,2.041447401046753,2.009159564971924,1.9569990634918213,1.7442851066589355,2.55107319355011,3.0367543697357178,1.3516459465026855
2.0110542244381375,2.101845932006836,2.0410677433013915,2.059162139892578,1.9819673895835876,1.7094178199768066,2.5296612977981567,2.959195137023926,1.3774361610412598,2.101845932006836,1.9868212938308716,1.9906659424304962,1.8608211278915405,2.629408836364746,3.130617618560791,1.4027695655822754
2.0106471909417047,0,2.0410677433013915,2.059162139892578,1.9819673895835876,1.7094178199768066,2.5296612977981567,2.959195137023926,1.3774361610412598,2.101845932006836,1.9868212938308716,1.9906659424304962,1.8608211278915405,2.629408836364746,3.130617618560791,1.4027695655822754
1.9699415763219197,2.0612438678741456,2.0410677433013915,2.059162139892578,1.9819673895835876,1.7094178199768066,2.5296612977981567,2.959195137023926,1.3774361610412598,2.0612438678741456,2.0450940132141113,1.990740329027176,1.7616270780563354,2.554917335510254,2.9986884593963623,1.389663577079773
1.9630538887447782,0,2.0410677433013915,2.059162139892578,1.9819673895835876,1.7094178199768066,2.5296612977981567,2.959195137023926,1.3774361610412598,2.0612438678741456,2.0450940132141113,1.990740329027176,1.7616270780563354,2.554917335510254,2.9986884593963623,1.389663577079773
1.9754128456115723,2.1849088191986086,2.0410677433013915,2.059162139892578,1.9819673895835876,1.7094178199768066,2.5296612977981567,2.959195137023926,1.3774361610412598,2.1849088191986086,2.3825783729553223,2.241761028766632,1.7650020122528076,2.5322048664093018,2.6275243759155273,1.7125539779663086
1.944734599855211,0,2.0410677433013915,2.059162139892578,1.9819673895835876,1.7094178199768066,2.5296612977981567,2.959195137023926,1.3774361610412598,2.1849088191986086,2.3825783729553223,2.241761028766632,1.7650020122528076,2.5322048664093018,2.6275243759155273,1.7125539779663086
1.9607523812188044,2.039442038536072,2.039442038536072,2.063176155090332,1.9821284115314484,1.703581690788269,2.5218485593795776,2.945117473602295,1.3867552280426025,2.039442038536072,2.063176155090332,1.9821284115314484,1.703581690788269,2.5218485593795776,2.945117473602295,1.3867552280426025
1.97408836417728,0,2.039442038536072,2.063176155090332,1.9821284115314484,1.703581690788269,2.5218485593795776,2.945117473602295,1.3867552280426025,2.039442038536072,2.063176155090332,1.9821284115314484,1.703581690788269,2.5218485593795776,2.945117473602295,1.3867552280426025
1.9782058397928874,2.042772960662842,2.039442038536072,2.063176155090332,1.9821284115314484,1.703581690788269,2.5218485593795776,2.945117473602295,1.3867552280426025,2.042772960662842,2.0878825187683105,1.9975934326648712,1.6975492238998413,2.5161722898483276,2.915285110473633,1.3960884809494019
1.951775762769911,0,2.039442038536072,2.063176155090332,1.9821284115314484,1.703581690788269,2.5218485593795776,2.945117473602295,1.3867552280426025,2.042772960662842,2.0878825187683105,1.9975934326648712,1.6975492238998413,2.5161722898483276,2.915285110473633,1.3960884809494019
1.9560216002994113,2.040038752555847,2.039442038536072,2.063176155090332,1.9821284115314484,1.703581690788269,2.5218485593795776,2.945117473602295,1.3867552280426025,2.040038752555847,2.0388541221618652,1.96696338057518,1.7292085886001587,2.53140389919281,3.001871109008789,1.3693232536315918
1.9469980663723416,0,2.039442038536072,2.063176155090332,1.9821284115314484,1.703581690788269,2.5218485593795776,2.945117473602295,1.3867552280426025,2.040038752555847,2.0388541221618652,1.96696338057518,1.7292085886001587,2.53140389919281,3.001871109008789,1.3693232536315918
2.0044487714767456,2.035707211494446,2.035707211494446,2.054656505584717,1.9732994139194489,1.7053877115249634,2.5177414417266846,2.9569859504699707,1.3830089569091797,2.035707211494446,2.054656505584717,1.9732994139194489,1.7053877115249634,2.5177414417266846,2.9569859504699707,1.3830089569091797
1.9486566517088149,0,2.035707211494446,2.054656505584717,1.9732994139194489,1.7053877115249634,2.5177414417266846,2.9569859504699707,1.3830089569091797,2.035707211494446,2.054656505584717,1.9732994139194489,1.7053877115249634,2.5177414417266846,2.9569859504699707,1.3830089569091797
1.9551506042480469,2.0600149154663088,2.035707211494446,2.054656505584717,1.9732994139194489,1.7053877115249634,2.5177414417266846,2.9569859504699707,1.3830089569091797,2.0600149154663088,2.1125621795654297,2.0215404629707336,1.7259621620178223,2.51835834980011,2.901641368865967,1.4248335361480713
2.043214281400045,0,2.035707211494446,2.054656505584717,1.9732994139194489,1.7053877115249634,2.5177414417266846,2.9569859504699707,1.3830089569091797,2.0600149154663088,2.1125621795654297,2.0215404629707336,1.7259621620178223,2.51835834980011,2.901641368865967,1.4248335361480713
2.0191184414757624,2.086506652832031,2.035707211494446,2.054656505584717,1.9732994139194489,1.7053877115249634,2.5177414417266846,2.9569859504699707,1.3830089569091797,2.086506652832031,2.241361618041992,2.1072824001312256,1.6854712963104248,2.4884579181671143,2.7159807682037354,1.5287845134735107
2.0280616018507214,0,2.035707211494446,2.054656505584717,1.9732994139194489,1.7053877115249634,2.5177414417266846,2.9569859504699707,1.3830089569091797,2.086506652832031,2.241361618041992,2.1072824001312256,1.6854712963104248,2.4884579181671143,2.7159807682037354,1.5287845134735107
1.9580515490637884,2.063212537765503,2.035707211494446,2.054656505584717,1.9732994139194489,1.7053877115249634,2.5177414417266846,2.9569859504699707,1.3830089569091797,2.063212537765503,2.192011833190918,2.069272428750992,1.6743441820144653,2.495190143585205,2.771658420562744,1.4593263864517212
1.9988077481587727,0,2.035707211494446,2.054656505584717,1.9732994139194489,1.7053877115249634,2.5177414417266846,2.9569859504699707,1.3830089569091797,2.063212537765503,2.192011833190918,2.069272428750992,1.6743441820144653,2.495190143585205,2.771658420562744,1.4593263864517212
1.9781697856055365,2.03366379737854,2.03366379737854,2.0369341373443604,1.9685968160629272,1.7284891605377197,2.5280351638793945,2.9840404987335205,1.346825361251831,2.03366379737854,2.0369341373443604,1.9685968160629272,1.7284891605377197,2.5280351638793945,2.9840404987335205,1.346825361251831
1.9521093103620741,0,2.03366379737854,2.0369341373443604,1.9685968160629272,1.7284891605377197,2.5280351638793945,2.9840404987335205,1.346825361251831,2.03366379737854,2.0369341373443604,1.9685968160629272,1.7284891605377197,2.5280351638793945,2.9840404987335205,1.346825361251831
1.9613722562789917,2.060379695892334,2.03366379737854,2.0369341373443604,1.9685968160629272,1.7284891605377197,2.5280351638793945,2.9840404987335205,1.346825361251831,2.060379695892334,2.1656494140625,2.0450194478034973,1.681666612625122,2.488679051399231,2.8102457523345947,1.477224349975586
1.9512313604354858,0,2.03366379737854,2.0369341373443604,1.9685968160629272,1.7284891605377197,2.5280351638793945,2.9840404987335205,1.346825361251831,2.060379695892334,2.1656494140625,2.0450194478034973,1.681666612625122,2.488679051399231,2.8102457523345947,1.477224349975586
1.970230499903361,2.0876089572906493,2.03366379737854,2.0369341373443604,1.9685968160629272,1.7284891605377197,2.5280351638793945,2.9840404987335205,1.346825361251831,2.0876089572906493,2.20601487159729,2.0846368074417114,1.7095017433166504,2.5059324502944946,2.794849157333374,1.5106632709503174
1.9818387164009943,0,2.03366379737854,2.0369341373443604,1.9685968160629272,1.7284891605377197,2.5280351638793945,2.9840404987335205,1.346825361251831,2.0876089572906493,2.20601487159729,2.0846368074417114,1.7095017433166504,2.5059324502944946,2.794849157333374,1.5106632709503174
2.007320430543688,2.0837498188018797,2.03366379737854,2.0369341373443604,1.9685968160629272,1.7284891605377197,2.5280351638793945,2.9840404987335205,1.346825361251831,2.0837498188018797,2.1806859970092773,2.0710865259170532,1.723464012145996,2.5175156593322754,2.8355212211608887,1.4795677661895752
2.00818849934472,0,2.03366379737854,2.0369341373443604,1.9685968160629272,1.7284891605377197,2.5280351638793945,2.9840404987335205,1.346825361251831,2.0837498188018797,2.1806859970092773,2.0710865259170532,1.723464012145996,2.5175156593322754,2.8355212211608887,1.4795677661895752
2.0082243813408747,2.056487202644348,2.03366379737854,2.0369341373443604,1.9685968160629272,1.7284891605377197,2.5280351638793945,2.9840404987335205,1.346825361251831,2.056487202644348,2.1154768466949463,2.018363744020462,1.7211519479751587,2.515378475189209,2.909407615661621,1.4150502681732178
1.9661559793684218,0,2.03366379737854,2.0369341373443604,1.9685968160629272,1.7284891605377197,2.5280351638793945,2.9840404987335205,1.346825361251831,2.056487202644348,2.1154768466949463,2.018363744020462,1.7211519479751587,2.515378475189209,2.909407615661621,1.4150502681732178
1.97778140174018,2.047911047935486,2.03366379737854,2.0369341373443604,1.9685968160629272,1.7284891605377197,2.5280351638793945,2.9840404987335205,1.346825361251831,2.047911047935486,2.151489734649658,2.032902479171753,1.673471450805664,2.4841833114624023,2.8132076263427734,1.4462274312973022
1.9970406691233318,0,2.03366379737854,2.0369341373443604,1.9685968160629272,1.7284891605377197,2.5280351638793945,2.9840404987335205,1.346825361251831,2.047911047935486,2.151489734649658,2.032902479171753,1.673471450805664,2.4841833114624023,2.8132076263427734,1.4462274312973022
1.9883772532145183,2.0331286668777464,2.0331286668777464,2.0547938346862793,1.976513385772705,1.708409070968628,2.519242763519287,2.9504287242889404,1.3639549016952515,2.0331286668777464,2.0547938346862793,1.976513385772705,1.708409070968628,2.519242763519287,2.9504287242889404,1.3639549016952515
1.963541415002611,0,2.0331286668777464,2.0547938346862793,1.976513385772705,1.708409070968628,2.519242763519287,2.9504287242889404,1.3639549016952515,2.0331286668777464,2.0547938346862793,1.976513385772705,1.708409070968628,2.519242763519287,2.9504287242889404,1.3639549016952515
1.9573879374398127,2.056869697570801,2.0331286668777464,2.0547938346862793,1.976513385772705,1.708409070968628,2.519242763519287,2.9504287242889404,1.3639549016952515,2.056869697570801,2.161217212677002,2.047196328639984,1.6793336868286133,2.496484875679016,2.805952548980713,1.4508278369903564
1.9225369956758287,0,2.0331286668777464,2.0547938346862793,1.976513385772705,1.708409070968628,2.519242763519287,2.9504287242889404,1.3639549016952515,2.056869697570801,2.161217212677002,2.047196328639984,1.6793336868286133,2.496484875679016,2.805952548980713,1.4508278369903564
1.9318474531173706,2.039856505393982,2.0331286668777464,2.0547938346862793,1.976513385772705,1.708409070968628,2.519242763519287,2.9504287242889404,1.3639549016952515,2.039856505393982,1.974778413772583,1.9355018436908722,1.7762857675552368,2.5578408241271973,3.0995168685913086,1.3325366973876953
1.9643731117248535,0,2.0331286668777464,2.0547938346862793,1.976513385772705,1.708409070968628,2.519242763519287,2.9504287242889404,1.3639549016952515,2.039856505393982,1.974778413772583,1.9355018436908722,1.7762857675552368,2.5578408241271973,3.0995168685913086,1.3325366973876953
2.008290489514669,2.0566980600357057,2.0331286668777464,2.0547938346862793,1.976513385772705,1.708409070968628,2.519242763519287,2.9504287242889404,1.3639549016952515,2.0566980600357057,2.169231414794922,2.051433563232422,1.6772427558898926,2.4908934831619263,2.7917582988739014,1.4552291631698608
2.1057940986421375,0,2.0331286668777464,2.0547938346862793,1.976513385772705,1.708409070968628,2.519242763519287,2.9504287242889404,1.3639549016952515,2.0566980600357057,2.169231414794922,2.051433563232422,1.6772427558898926,2.4908934831619263,2.7917582988739014,1.4552291631698608
2.0490616295072765,2.0470283031463623,2.0331286668777464,2.0547938346862793,1.976513385772705,1.708409070968628,2.519242763519287,2.9504287242889404,1.3639549016952515,2.0470283031463623,2.004892349243164,1.9591049551963806,1.7689688205718994,2.551356792449951,3.0450472831726074,1.3585667610168457
2.0329628917906017,0,2.0331286668777464,2.0547938346862793,1.976513385772705,1.708409070968628,2.519242763519287,2.9504287242889404,1.3639549016952515,2.0470283031463623,2.004892349243164,1.9591049551963806,1.7689688205718994,2.551356792449951,3.0450472831726074,1.3585667610168457
2.012437754207187,2.056466293334961,2.0331286668777464,2.0547938346862793,1.976513385772705,1.708409070968628,2.519242763519287,2.9504287242889404,1.3639549016952515,2.056466293334961,1.9422059059143066,1.9267446398735046,1.8254045248031616,2.5911536812782288,3.185145139694214,1.332413673400879
1.9630980226728652,0,2.0331286668777464,2.0547938346862793,1.976513385772705,1.708409070968628,2.519242763519287,2.9504287242889404,1.3639549016952515,2.056466293334961,1.9422059059143066,1.9267446398735046,1.8254045248031616,2.5911536812782288,3.185145139694214,1.332413673400879
1.948484116130405,2.051599144935608,2.0331286668777464,2.0547938346862793,1.976513385772705,1.708409070968628,2.519242763519287,2.9504287242889404,1.3639549016952515,2.051599144935608,2.1736721992492676,2.048749476671219,1.6720737218856812,2.478597044944763,2.781614303588867,1.4550557136535645
1.938673072391086,0,2.0331286668777464,2.0547938346862793,1.976513385772705,1.708409070968628,2.519242763519287,2.9504287242889404,1.3639549016952515,2.051599144935608,2.1736721992492676,2.048749476671219,1.6720737218856812,2.478597044944763,2.781614303588867,1.4550557136535645
2.0026523537105985,2.046595811843872,2.0331286668777464,2.0547938346862793,1.976513385772705,1.708409070968628,2.519242763519287,2.9504287242889404,1.3639549016952515,2.046595811843872,2.0433664321899414,1.9810506701469421,1.744095802307129,2.5357483625411987,2.9781227111816406,1.3740200996398926
1.9285180701149836,0,2.0331286668777464,2.0547938346862793,1.976513385772705,1.708409070968628,2.519242763519287,2.9504287242889404,1.3639549016952515,2.046595811843872,2.0433664321899414,1.9810506701469421,1.744095802307129,2.5357483625411987,2.9781227111816406,1.3740200996398926
2.020486182636685,2.110336351394653,2.0331286668777464,2.0547938346862793,1.976513385772705,1.708409070968628,2.519242763519287,2.9504287242889404,1.3639549016952515,2.110336351394653,1.9501621723175049,1.97465580701828,1.9023184776306152,2.651226282119751,3.206472158432007,1.3967485427856445
1.9647891918818157,0,2.0331286668777464,2.0547938346862793,1.976513385772705,1.708409070968628,2.519242763519287,2.9504287242889404,1.3639549016952515,2.110336351394653,1.9501621723175049,1.97465580701828,1.9023184776306152,2.651226282119751,3.206472158432007,1.3967485427856445
1.9417098628150091,2.059073495864868,2.0331286668777464,2.0547938346862793,1.976513385772705,1.708409070968628,2.519242763519287,2.9504287242889404,1.3639549016952515,2.059073495864868,2.161999225616455,2.04597544670105,1.688086986541748,2.4902799129486084,2.808743476867676,1.464721441268921
1.9677454630533855,0,2.0331286668777464,2.0547938346862793,1.976513385772705,1.708409070968628,2.519242763519287,2.9504287242889404,1.3639549016952515,2.059073495864868,2.161999225616455,2.04597544670105,1.688086986541748,2.4902799129486084,2.808743476867676,1.464721441268921
1.92385552989112,2.060595750808716,2.0331286668777464,2.0547938346862793,1.976513385772705,1.708409070968628,2.519242763519287,2.9504287242889404,1.3639549016952515,2.060595750808716,2.1595168113708496,2.046111285686493,1.6885960102081299,2.4933829307556152,2.809950351715088,1.4681000709533691
1.940228607919481,0,2.0331286668777464,2.0547938346862793,1.976513385772705,1.708409070968628,2.519242763519287,2.9504287242889404,1.3639549016952515,2.060595750808716,2.1595168113708496,2.046111285686493,1.6885960102081299,2.4933829307556152,2.809950351715088,1.4681000709533691
1.935946398311191,2.040594291687012,2.0331286668777464,2.0547938346862793,1.976513385772705,1.708409070968628,2.519242763519287,2.9504287242889404,1.3639549016952515,2.040594291687012,1.961241602897644,1.9271206855773926,1.7931418418884277,2.560608744621277,3.128359794616699,1.327370524406433
1.9993446800443861,0,2.0331286668777464,2.0547938346862793,1.976513385772705,1.708409070968628,2.519242763519287,2.9504287242889404,1.3639549016952515,2.040594291687012,1.961241602897644,1.9271206855773926,1.7931418418884277,2.560608744621277,3.128359794616699,1.327370524406433
1.9671121305889554,2.090111327171326,2.0331286668777464,2.0547938346862793,1.976513385772705,1.708409070968628,2.519242763519287,2.9504287242889404,1.3639549016952515,2.090111327171326,2.2297277450561523,2.100474536418915,1.7076609134674072,2.4959906339645386,2.75719952583313,1.5211867094039917
2.0552353858947754,0,2.0331286668777464,2.0547938346862793,1.976513385772705,1.708409070968628,2.519242763519287,2.9504287242889404,1.3639549016952515,2.090111327171326,2.2297277450561523,2.100474536418915,1.7076609134674072,2.4959906339645386,2.75719952583313,1.5211867094039917
2.014898167716132,2.175861644744873,2.0331286668777464,2.0547938346862793,1.976513385772705,1.708409070968628,2.519242763519287,2.9504287242889404,1.3639549016952515,2.175861644744873,2.3327784538269043,2.202465534210205,1.8082232475280762,2.5411689281463623,2.746255874633789,1.6559686660766602
2.080661747190687,0,2.0331286668777464,2.0547938346862793,1.976513385772705,1.708409070968628,2.519242763519287,2.9504287242889404,1.3639549016952515,2.175861644744873,2.3327784538269043,2.202465534210205,1.8082232475280762,2.5411689281463623,2.746255874633789,1.6559686660766602
2.089630232916938,2.032614731788635,2.032614731788635,2.0020132064819336,1.947343498468399,1.7600017786026,2.5361526012420654,3.046959400177002,1.3287534713745117,2.032614731788635,2.0020132064819336,1.947343498468399,1.7600017786026,2.5361526012420654,3.046959400177002,1.3287534713745117
1.9399508635203044,0,2.032614731788635,2.0020132064819336,1.947343498468399,1.7600017786026,2.5361526012420654,3.046959400177002,1.3287534713745117,2.032614731788635,2.0020132064819336,1.947343498468399,1.7600017786026,2.5361526012420654,3.046959400177002,1.3287534713745117
1.9375998046663072,2.040324258804321,2.032614731788635,2.0020132064819336,1.947343498468399,1.7600017786026,2.5361526012420654,3.046959400177002,1.3287534713745117,2.040324258804321,1.962345838546753,1.929117500782013,1.7949246168136597,2.5601224303245544,3.1233911514282227,1.324105978012085
2.0104998350143433,0,2.032614731788635,2.0020132064819336,1.947343498468399,1.7600017786026,2.5361526012420654,3.046959400177002,1.3287534713745117,2.040324258804321,1.962345838546753,1.929117500782013,1.7949246168136597,2.5601224303245544,3.1233911514282227,1.324105978012085
2.0453679958979287,2.029473567008972,2.029473567008972,2.048227071762085,1.9668462574481964,1.7186824083328247,2.5068951845169067,2.9615418910980225,1.3666679859161377,2.029473567008972,2.048227071762085,1.9668462574481964,1.7186824083328247,2.5068951845169067,2.9615418910980225,1.3666679859161377
2.0787315368652344,0,2.029473567008972,2.048227071762085,1.9668462574481964,1.7186824083328247,2.5068951845169067,2.9615418910980225,1.3666679859161377,2.029473567008972,2.048227071762085,1.9668462574481964,1.7186824083328247,2.5068951845169067,2.9615418910980225,1.3666679859161377
2.0630101362864175,2.031848168373108,2.029473567008972,2.048227071762085,1.9668462574481964,1.7186824083328247,2.5068951845169067,2.9615418910980225,1.3666679859161377,2.031848168373108,2.0942912101745605,1.9928538501262665,1.6803702116012573,2.487781286239624,2.8730998039245605,1.4090168476104736
1.9719769954681396,0,2.029473567008972,2.048227071762085,1.9668462574481964,1.7186824083328247,2.5068951845169067,2.9615418910980225,1.3666679859161377,2.031848168373108,2.0942912101745605,1.9928538501262665,1.6803702116012573,2.487781286239624,2.8730998039245605,1.4090168476104736
2.045386936929491,2.0367581605911256,2.029473567008972,2.048227071762085,1.9668462574481964,1.7186824083328247,2.5068951845169067,2.9615418910980225,1.3666679859161377,2.0367581605911256,2.0856428146362305,1.9927098155021667,1.6875998973846436,2.4916634559631348,2.871373176574707,1.4272211790084839
1.953389671113756,0,2.029473567008972,2.048227071762085,1.9668462574481964,1.7186824083328247,2.5068951845169067,2.9615418910980225,1.3666679859161377,2.0367581605911256,2.0856428146362305,1.9927098155021667,1.6875998973846436,2.4916634559631348,2.871373176574707,1.4272211790084839
1.9115544160207112,2.0306570053100588,2.029473567008972,2.048227071762085,1.9668462574481964,1.7186824083328247,2.5068951845169067,2.9615418910980225,1.3666679859161377,2.0306570053100588,2.063210964202881,1.9771344661712646,1.7095494270324707,2.503235340118408,2.9339041709899902,1.374053955078125
1.9283994833628337,0,2.029473567008972,2.048227071762085,1.9668462574481964,1.7186824083328247,2.5068951845169067,2.9615418910980225,1.3666679859161377,2.0306570053100588,2.063210964202881,1.9771344661712646,1.7095494270324707,2.503235340118408,2.9339041709899902,1.374053955078125
1.9591521554523044,2.0464741706848146,2.029473567008972,2.048227071762085,1.9668462574481964,1.7186824083328247,2.5068951845169067,2.9615418910980225,1.3666679859161377,2.0464741706848146,2.161018133163452,2.0403077006340027,1.6762151718139648,2.477262854576111,2.79154634475708,1.4406118392944336
2.020109362072415,0,2.029473567008972,2.048227071762085,1.9668462574481964,1.7186824083328247,2.5068951845169067,2.9615418910980225,1.3666679859161377,2.0464741706848146,2.161018133163452,2.0403077006340027,1.6762151718139648,2.477262854576111,2.79154634475708,1.4406118392944336
1.9294094774458144,2.0636919498443604,2.029473567008972,2.048227071762085,1.9668462574481964,1.7186824083328247,2.5068951845169067,2.9615418910980225,1.3666679859161377,2.0636919498443604,2.0123589038848877,1.9708764553070068,1.7979397773742676,2.558236837387085,3.0556254386901855,1.3916873931884766
1.9619245396720038,0,2.029473567008972,2.048227071762085,1.9668462574481964,1.7186824083328247,2.5068951845169067,2.9615418910980225,1.3666679859161377,2.0636919498443604,2.0123589038848877,1.9708764553070068,1.7979397773742676,2.558236837387085,3.0556254386901855,1.3916873931884766
1.914075877931383,2.0565049409866334,2.029473567008972,2.048227071762085,1.9668462574481964,1.7186824083328247,2.5068951845169067,2.9615418910980225,1.3666679859161377,2.0565049409866334,2.160217761993408,2.046014040708542,1.68875253200531,2.482459783554077,2.7900514602661133,1.468634843826294
2.0005417002571955,0,2.029473567008972,2.048227071762085,1.9668462574481964,1.7186824083328247,2.5068951845169067,2.9615418910980225,1.3666679859161377,2.0565049409866334,2.160217761993408,2.046014040708542,1.68875253200531,2.482459783554077,2.7900514602661133,1.468634843826294
1.9137589666578505,2.0998371601104737,2.029473567008972,2.048227071762085,1.9668462574481964,1.7186824083328247,2.5068951845169067,2.9615418910980225,1.3666679859161377,2.0998371601104737,2.247014045715332,2.1189939379692078,1.7125523090362549,2.494385600090027,2.7193758487701416,1.5508482456207275
2.0446281830469766,0,2.029473567008972,2.048227071762085,1.9668462574481964,1.7186824083328247,2.5068951845169067,2.9615418910980225,1.3666679859161377,2.0998371601104737,2.247014045715332,2.1189939379692078,1.7125523090362549,2.494385600090027,2.7193758487701416,1.5508482456207275
1.9472844070858426,2.0253549814224243,2.0253549814224243,2.043750762939453,1.964413434267044,1.7247868776321411,2.5049359798431396,2.9645066261291504,1.348365306854248,2.0253549814224243,2.043750762939453,1.964413434267044,1.7247868776321411,2.5049359798431396,2.9645066261291504,1.348365306854248
1.9113536410861545,0,2.0253549814224243,2.043750762939453,1.964413434267044,1.7247868776321411,2.5049359798431396,2.9645066261291504,1.348365306854248,2.0253549814224243,2.043750762939453,1.964413434267044,1.7247868776321411,2.5049359798431396,2.9645066261291504,1.348365306854248
1.9448790152867634,2.119137740135193,2.0253549814224243,2.043750762939453,1.964413434267044,1.7247868776321411,2.5049359798431396,2.9645066261291504,1.348365306854248,2.119137740135193,2.2651195526123047,2.1397626101970673,1.7335513830184937,2.504503011703491,2.7137460708618164,1.5880117416381836
1.9951952166027493,0,2.0253549814224243,2.043750762939453,1.964413434267044,1.7247868776321411,2.5049359798431396,2.9645066261291504,1.348365306854248,2.119137740135193,2.2651195526123047,2.1397626101970673,1.7335513830184937,2.504503011703491,2.7137460708618164,1.5880117416381836
1.9666128953297932,2.063205599784851,2.0253549814224243,2.043750762939453,1.964413434267044,1.7247868776321411,2.5049359798431396,2.9645066261291504,1.348365306854248,2.063205599784851,1.9250186681747437,1.9200347661972046,1.858046293258667,2.5984655618667603,3.2248756885528564,1.3360319137573242
1.926878187391493,0,2.0253549814224243,2.043750762939453,1.964413434267044,1.7247868776321411,2.5049359798431396,2.9645066261291504,1.348365306854248,2.063205599784851,1.9250186681747437,1.9200347661972046,1.858046293258667,2.5984655618667603,3.2248756885528564,1.3360319137573242
1.9545459614859686,2.0356014490127565,2.0253549814224243,2.043750762939453,1.964413434267044,1.7247868776321411,2.5049359798431396,2.9645066261291504,1.348365306854248,2.0356014490127565,2.004160165786743,1.9516948759555817,1.7664705514907837,2.53283154964447,3.033674478530884,1.3417134284973145
1.9238076077567206,0,2.0253549814224243,2.043750762939453,1.964413434267044,1.7247868776321411,2.5049359798431396,2.9645066261291504,1.348365306854248,2.0356014490127565,2.004160165786743,1.9516948759555817,1.7664705514907837,2.53283154964447,3.033674478530884,1.3417134284973145
1.9696029159757826,2.1364638805389404,2.0253549814224243,2.043750762939453,1.964413434267044,1.7247868776321411,2.5049359798431396,2.9645066261291504,1.348365306854248,2.1364638805389404,1.9808626174926758,2.0056588649749756,1.9373610019683838,2.6639565229415894,3.2043638229370117,1.4361827373504639
1.9986864858203464,0,2.0253549814224243,2.043750762939453,1.964413434267044,1.7247868776321411,2.5049359798431396,2.9645066261291504,1.348365306854248,2.1364638805389404,1.9808626174926758,2.0056588649749756,1.9373610019683838,2.6639565229415894,3.2043638229370117,1.4361827373504639
1.9140491882960002,2.0298645734786986,2.0253549814224243,2.043750762939453,1.964413434267044,1.7247868776321411,2.5049359798431396,2.9645066261291504,1.348365306854248,2.0298645734786986,2.0798182487487793,1.989043414592743,1.6813666820526123,2.483332872390747,2.8514952659606934,1.421472191810608
1.9383398161994085,0,2.0253549814224243,2.043750762939453,1.964413434267044,1.7247868776321411,2.5049359798431396,2.9645066261291504,1.348365306854248,2.0298645734786986,2.0798182487487793,1.989043414592743,1.6813666820526123,2.483332872390747,2.8514952659606934,1.421472191810608
1.915614989068773,2.023718309402466,2.023718309402466,2.035963535308838,1.9612734019756317,1.710206151008606,2.4991090297698975,2.93525767326355,1.3742038011550903,2.023718309402466,2.035963535308838,1.9612734019756317,1.710206151008606,2.4991090297698975,2.93525767326355,1.3742038011550903
1.9421780506769817,0,2.023718309402466,2.035963535308838,1.9612734019756317,1.710206151008606,2.4991090297698975,2.93525767326355,1.3742038011550903,2.023718309402466,2.035963535308838,1.9612734019756317,1.710206151008606,2.4991090297698975,2.93525767326355,1.3742038011550903
1.942131068971422,2.0267127990722655,2.023718309402466,2.035963535308838,1.9612734019756317,1.710206151008606,2.4991090297698975,2.93525767326355,1.3742038011550903,2.0267127990722655,2.067808151245117,1.9814220368862152,1.695663332939148,2.4902093410491943,2.88601016998291,1.3896738290786743
1.9817914300494723,0,2.023718309402466,2.035963535308838,1.9612734019756317,1.710206151008606,2.4991090297698975,2.93525767326355,1.3742038011550903,2.0267127990722655,2.067808151245117,1.9814220368862152,1.695663332939148,2.4902093410491943,2.88601016998291,1.3896738290786743
1.9646391603681777,2.061720681190491,2.023718309402466,2.035963535308838,1.9612734019756317,1.710206151008606,2.4991090297698975,2.93525767326355,1.3742038011550903,2.061720681190491,2.1277012825012207,2.0333529114723206,1.728323221206665,2.5031758546829224,2.856665849685669,1.4462271928787231
1.9656784137090046,0,2.023718309402466,2.035963535308838,1.9612734019756317,1.710206151008606,2.4991090297698975,2.93525767326355,1.3742038011550903,2.061720681190491,2.1277012825012207,2.0333529114723206,1.728323221206665,2.5031758546829224,2.856665849685669,1.4462271928787231
1.9661052094565497,2.074817752838135,2.023718309402466,2.035963535308838,1.9612734019756317,1.710206151008606,2.4991090297698975,2.93525767326355,1.3742038011550903,2.074817752838135,1.9506759643554688,1.9433278441429138,1.8565235137939453,2.5983296632766724,3.1812233924865723,1.370229959487915
2.0070948468314276,0,2.023718309402466,2.035963535308838,1.9612734019756317,1.710206151008606,2.4991090297698975,2.93525767326355,1.3742038011550903,2.074817752838135,1.9506759643554688,1.9433278441429138,1.8565235137939453,2.5983296632766724,3.1812233924865723,1.370229959487915
1.994314471880595,2.1069644927978515,2.023718309402466,2.035963535308838,1.9612734019756317,1.710206151008606,2.4991090297698975,2.93525767326355,1.3742038011550903,2.1069644927978515,2.2177510261535645,2.1080164909362793,1.730088710784912,2.502103090286255,2.7377309799194336,1.5827765464782715
1.9412600066926744,0,2.023718309402466,2.035963535308838,1.9612734019756317,1.710206151008606,2.4991090297698975,2.93525767326355,1.3742038011550903,2.1069644927978515,2.2177510261535645,2.1080164909362793,1.730088710784912,2.502103090286255,2.7377309799194336,1.5827765464782715
1.9463911321428087,2.0245742797851562,2.023718309402466,2.035963535308838,1.9612734019756317,1.710206151008606,2.4991090297698975,2.93525767326355,1.3742038011550903,2.0245742797851562,2.039433002471924,1.962103545665741,1.709155797958374,2.4981322288513184,2.9358720779418945,1.3780181407928467
1.9843709468841553,0,2.023718309402466,2.035963535308838,1.9612734019756317,1.710206151008606,2.4991090297698975,2.93525767326355,1.3742038011550903,2.0245742797851562,2.039433002471924,1.962103545665741,1.709155797958374,2.4981322288513184,2.9358720779418945,1.3780181407928467
1.9939892954296536,2.0405931949615477,2.023718309402466,2.035963535308838,1.9612734019756317,1.710206151008606,2.4991090297698975,2.93525767326355,1.3742038011550903,2.0405931949615477,2.0397591590881348,1.9682543873786926,1.7502222061157227,2.513689398765564,2.9841017723083496,1.385605812072754
1.9095064534081354,0,2.023718309402466,2.035963535308838,1.9612734019756317,1.710206151008606,2.4991090297698975,2.93525767326355,1.3742038011550903,2.0405931949615477,2.0397591590881348,1.9682543873786926,1.7502222061157227,2.513689398765564,2.9841017723083496,1.385605812072754
1.9304893149269953,2.029959511756897,2.023718309402466,2.035963535308838,1.9612734019756317,1.710206151008606,2.4991090297698975,2.93525767326355,1.3742038011550903,2.029959511756897,2.0780649185180664,1.987652599811554,1.6894733905792236,2.488100051879883,2.8711929321289062,1.4060591459274292
1.8970741430918376,0,2.023718309402466,2.035963535308838,1.9612734019756317,1.710206151008606,2.4991090297698975,2.93525767326355,1.3742038011550903,2.029959511756897,2.0780649185180664,1.987652599811554,1.6894733905792236,2.488100051879883,2.8711929321289062,1.4060591459274292
1.9012276066674128,2.0785044193267823,2.023718309402466,2.035963535308838,1.9612734019756317,1.710206151008606,2.4991090297698975,2.93525767326355,1.3742038011550903,2.0785044193267823,2.1777210235595703,2.0711564421653748,1.7272775173187256,2.496348738670349,2.7907912731170654,1.494826078414917
1.988258547253079,0,2.023718309402466,2.035963535308838,1.9612734019756317,1.710206151008606,2.4991090297698975,2.93525767326355,1.3742038011550903,2.0785044193267823,2.1777210235595703,2.0711564421653748,1.7272775173187256,2.496348738670349,2.7907912731170654,1.494826078414917
1.9948861996332805,2.0215708017349243,2.0215708017349243,2.050175666809082,1.9680261611938477,1.7205462455749512,2.497410535812378,2.9436140060424805,1.3423110246658325,2.0215708017349243,2.050175666809082,1.9680261611938477,1.7205462455749512,2.497410535812378,2.9436140060424805,1.3423110246658325
1.9861099852455988,0,2.0215708017349243,2.050175666809082,1.9680261611938477,1.7205462455749512,2.497410535812378,2.9436140060424805,1.3423110246658325,2.0215708017349243,2.050175666809082,1.9680261611938477,1.7205462455749512,2.497410535812378,2.9436140060424805,1.3423110246658325
2.033264650238885,2.1505633354187013,2.0215708017349243,2.050175666809082,1.9680261611938477,1.7205462455749512,2.497410535812378,2.9436140060424805,1.3423110246658325,2.1505633354187013,2.3032779693603516,2.181325674057007,1.7769789695739746,2.5171756744384766,2.6925835609436035,1.6382083892822266
2.0790805286831326,0,2.0215708017349243,2.050175666809082,1.9680261611938477,1.7205462455749512,2.497410535812378,2.9436140060424805,1.3423110246658325,2.1505633354187013,2.3032779693603516,2.181325674057007,1.7769789695739746,2.5171756744384766,2.6925835609436035,1.6382083892822266
2.0085994137658014,2.072769784927368,2.0215708017349243,2.050175666809082,1.9680261611938477,1.7205462455749512,2.497410535812378,2.9436140060424805,1.3423110246658325,2.072769784927368,1.9773186445236206,1.959343820810318,1.8459843397140503,2.582143187522888,3.127532720565796,1.3762595653533936
2.0404600964652166,0,2.0215708017349243,2.050175666809082,1.9680261611938477,1.7205462455749512,2.497410535812378,2.9436140060424805,1.3423110246658325,2.072769784927368,1.9773186445236206,1.959343820810318,1.8459843397140503,2.582143187522888,3.127532720565796,1.3762595653533936
1.9741702344682481,2.0764039754867554,2.0215708017349243,2.050175666809082,1.9680261611938477,1.7205462455749512,2.497410535812378,2.9436140060424805,1.3423110246658325,2.0764039754867554,1.9994491338729858,1.9729089736938477,1.8383400440216064,2.57511830329895,3.095839023590088,1.3939940929412842
1.9639664358562894,0,2.0215708017349243,2.050175666809082,1.9680261611938477,1.7205462455749512,2.497410535812378,2.9436140060424805,1.3423110246658325,2.0764039754867554,1.9994491338729858,1.9729089736938477,1.8383400440216064,2.57511830329895,3.095839023590088,1.3939940929412842
1.9373588032192655,2.049503207206726,2.0215708017349243,2.050175666809082,1.9680261611938477,1.7205462455749512,2.497410535812378,2.9436140060424805,1.3423110246658325,2.049503207206726,2.1092233657836914,2.0172125697135925,1.716921091079712,2.4952478408813477,2.85701322555542,1.4308758974075317
1.9193305174509685,0,2.0215708017349243,2.050175666809082,1.9680261611938477,1.7205462455749512,2.497410535812378,2.9436140060424805,1.3423110246658325,2.049503207206726,2.1092233657836914,2.0172125697135925,1.716921091079712,2.4952478408813477,2.85701322555542,1.4308758974075317
1.9275042745802138,2.0416516065597534,2.0215708017349243,2.050175666809082,1.9680261611938477,1.7205462455749512,2.497410535812378,2.9436140060424805,1.3423110246658325,2.0416516065597534,2.11053466796875,2.015759378671646,1.6993862390518188,2.483593702316284,2.8246054649353027,1.4311497211456299
1.9209173652860854,0,2.0215708017349243,2.050175666809082,1.9680261611938477,1.7205462455749512,2.497410535812378,2.9436140060424805,1.3423110246658325,2.0416516065597534,2.11053466796875,2.015759378671646,1.6993862390518188,2.483593702316284,2.8246054649353027,1.4311497211456299
1.950511442290412,2.026222085952759,2.0215708017349243,2.050175666809082,1.9680261611938477,1.7205462455749512,2.497410535812378,2.9436140060424805,1.3423110246658325,2.026222085952759,2.0606775283813477,1.9805846214294434,1.7040650844573975,2.490015149116516,2.8831119537353516,1.3863375186920166
1.922675198978848,0,2.0215708017349243,2.050175666809082,1.9680261611938477,1.7205462455749512,2.497410535812378,2.9436140060424805,1.3423110246658325,2.026222085952759,2.0606775283813477,1.9805846214294434,1.7040650844573975,2.490015149116516,2.8831119537353516,1.3863375186920166
1.9191751612557306,2.072387671470642,2.0215708017349243,2.050175666809082,1.9680261611938477,1.7205462455749512,2.497410535812378,2.9436140060424805,1.3423110246658325,2.072387671470642,2.192340135574341,2.0802295207977295,1.6914739608764648,2.4775197505950928,2.710275650024414,1.5230847597122192
1.9438427819146051,0,2.0215708017349243,2.050175666809082,1.9680261611938477,1.7205462455749512,2.497410535812378,2.9436140060424805,1.3423110246658325,2.072387671470642,2.192340135574341,2.0802295207977295,1.6914739608764648,2.4775197505950928,2.710275650024414,1.5230847597122192
1.8917765484915838,2.0213638305664063,2.0213638305664063,2.0443010330200195,1.966823160648346,1.7070372104644775,2.4916218519210815,2.911590337753296,1.372237205505371,2.0213638305664063,2.0443010330200195,1.966823160648346,1.7070372104644775,2.4916218519210815,2.911590337753296,1.372237205505371
1.9117750459247165,0,2.0213638305664063,2.0443010330200195,1.966823160648346,1.7070372104644775,2.4916218519210815,2.911590337753296,1.372237205505371,2.0213638305664063,2.0443010330200195,1.966823160648346,1.7070372104644775,2.4916218519210815,2.911590337753296,1.372237205505371
1.9904284079869587,2.060796284675598,2.0213638305664063,2.0443010330200195,1.966823160648346,1.7070372104644775,2.4916218519210815,2.911590337753296,1.372237205505371,2.060796284675598,2.156317710876465,2.052946597337723,1.6953030824661255,2.477926254272461,2.752004623413086,1.4965081214904785
1.9496289491653442,0,2.0213638305664063,2.0443010330200195,1.966823160648346,1.7070372104644775,2.4916218519210815,2.911590337753296,1.372237205505371,2.060796284675598,2.156317710876465,2.052946597337723,1.6953030824661255,2.477926254272461,2.752004623413086,1.4965081214904785
2.0266033940845065,2.0311895608901978,2.0213638305664063,2.0443010330200195,1.966823160648346,1.7070372104644775,2.4916218519210815,2.911590337753296,1.372237205505371,2.0311895608901978,2.016453266143799,1.9623635411262512,1.7335119247436523,2.5080981254577637,2.9331605434417725,1.3897863626480103
1.9184399445851643,0,2.0213638305664063,2.0443010330200195,1.966823160648346,1.7070372104644775,2.4916218519210815,2.911590337753296,1.372237205505371,2.0311895608901978,2.016453266143799,1.9623635411262512,1.7335119247436523,2.5080981254577637,2.9331605434417725,1.3897863626480103
1.916174544228448,2.017616558074951,2.017616558074951,1.9983958005905151,1.9432142674922943,1.7348791360855103,2.50519061088562,2.9691948890686035,1.3444266319274902,2.017616558074951,1.9983958005905151,1.9432142674922943,1.7348791360855103,2.50519061088562,2.9691948890686035,1.3444266319274902
1.9111047850714789,0,2.017616558074951,1.9983958005905151,1.9432142674922943,1.7348791360855103,2.50519061088562,2.9691948890686035,1.3444266319274902,2.017616558074951,1.9983958005905151,1.9432142674922943,1.7348791360855103,2.50519061088562,2.9691948890686035,1.3444266319274902
2.0091622008217707,2.022075319290161,2.017616558074951,1.9983958005905151,1.9432142674922943,1.7348791360855103,2.50519061088562,2.9691948890686035,1.3444266319274902,2.022075319290161,2.060580253601074,1.9769944250583649,1.6833959817886353,2.481050968170166,2.8586807250976562,1.4042984247207642
1.9698901573816936,0,2.017616558074951,1.9983958005905151,1.9432142674922943,1.7348791360855103,2.50519061088562,2.9691948890686035,1.3444266319274902,2.022075319290161,2.060580253601074,1.9769944250583649,1.6833959817886353,2.481050968170166,2.8586807250976562,1.4042984247207642
1.9862066242429945,2.080323338508606,2.017616558074951,1.9983958005905151,1.9432142674922943,1.7348791360855103,2.50519061088562,2.9691948890686035,1.3444266319274902,2.080323338508606,2.1526103019714355,2.0611601769924164,1.7471379041671753,2.503831386566162,2.815380573272705,1.4942057132720947
2.0496739546457925,0,2.017616558074951,1.9983958005905151,1.9432142674922943,1.7348791360855103,2.50519061088562,2.9691948890686035,1.3444266319274902,2.080323338508606,2.1526103019714355,2.0611601769924164,1.7471379041671753,2.503831386566162,2.815380573272705,1.4942057132720947
1.9976700676812067,2.0753900527954103,2.017616558074951,1.9983958005905151,1.9432142674922943,1.7348791360855103,2.50519061088562,2.9691948890686035,1.3444266319274902,2.0753900527954103,1.9825475215911865,1.9648151099681854,1.8538907766342163,2.5819649696350098,3.123655319213867,1.3765820264816284
2.063987467024061,0,2.017616558074951,1.9983958005905151,1.9432142674922943,1.7348791360855103,2.50519061088562,2.9691948890686035,1.3444266319274902,2.0753900527954103,1.9825475215911865,1.9648151099681854,1.8538907766342163,2.5819649696350098,3.123655319213867,1.3765820264816284
2.047002659903632,2.139980411529541,2.017616558074951,1.9983958005905151,1.9432142674922943,1.7348791360855103,2.50519061088562,2.9691948890686035,1.3444266319274902,2.139980411529541,1.989109754562378,2.001827359199524,1.9415006637573242,2.6510932445526123,3.214597225189209,1.4671051502227783
1.9735888640085857,0,2.017616558074951,1.9983958005905151,1.9432142674922943,1.7348791360855103,2.50519061088562,2.9691948890686035,1.3444266319274902,2.139980411529541,1.989109754562378,2.001827359199524,1.9415006637573242,2.6510932445526123,3.214597225189209,1.4671051502227783
1.9485228856404622,2.0264846801757814,2.017616558074951,1.9983958005905151,1.9432142674922943,1.7348791360855103,2.50519061088562,2.9691948890686035,1.3444266319274902,2.0264846801757814,1.9939355850219727,1.9410499930381775,1.7403700351715088,2.5079946517944336,2.9800305366516113,1.3821284770965576
1.9478289551205106,0,2.017616558074951,1.9983958005905151,1.9432142674922943,1.7348791360855103,2.50519061088562,2.9691948890686035,1.3444266319274902,2.0264846801757814,1.9939355850219727,1.9410499930381775,1.7403700351715088,2.5079946517944336,2.9800305366516113,1.3821284770965576
1.9449931383132935,2.038564944267273,2.017616558074951,1.9983958005905151,1.9432142674922943,1.7348791360855103,2.50519061088562,2.9691948890686035,1.3444266319274902,2.038564944267273,2.11205792427063,2.0209720730781555,1.6740014553070068,2.466414213180542,2.7470574378967285,1.473936915397644
1.9690737591849432,0,2.017616558074951,1.9983958005905151,1.9432142674922943,1.7348791360855103,2.50519061088562,2.9691948890686035,1.3444266319274902,2.038564944267273,2.11205792427063,2.0209720730781555,1.6740014553070068,2.466414213180542,2.7470574378967285,1.473936915397644
1.951431738005744,2.0574119806289675,2.017616558074951,1.9983958005905151,1.9432142674922943,1.7348791360855103,2.50519061088562,2.9691948890686035,1.3444266319274902,2.0574119806289675,1.981067419052124,1.9460144639015198,1.827653169631958,2.549954652786255,3.1056394577026367,1.3784300088882446
1.934555901421441,0,2.017616558074951,1.9983958005905151,1.9432142674922943,1.7348791360855103,2.50519061088562,2.9691948890686035,1.3444266319274902,2.0574119806289675,1.981067419052124,1.9460144639015198,1.827653169631958,2.549954652786255,3.1056394577026367,1.3784300088882446
1.9495784574084811,2.094180703163147,2.017616558074951,1.9983958005905151,1.9432142674922943,1.7348791360855103,2.50519061088562,2.9691948890686035,1.3444266319274902,2.094180703163147,2.22294545173645,2.114634692668915,1.7064459323883057,2.4812960624694824,2.6563901901245117,1.5789200067520142
1.9573223723305597,0,2.017616558074951,1.9983958005905151,1.9432142674922943,1.7348791360855103,2.50519061088562,2.9691948890686035,1.3444266319274902,2.094180703163147,2.22294545173645,2.114634692668915,1.7064459323883057,2.4812960624694824,2.6563901901245117,1.5789200067520142
1.9650366306304932,2.0190951824188232,2.017616558074951,1.9983958005905151,1.9432142674922943,1.7348791360855103,2.50519061088562,2.9691948890686035,1.3444266319274902,2.0190951824188232,2.0307531356811523,1.962393879890442,1.69697904586792,2.4846785068511963,2.8782668113708496,1.3983867168426514
1.9252190854814317,0,2.017616558074951,1.9983958005905151,1.9432142674922943,1.7348791360855103,2.50519061088562,2.9691948890686035,1.3444266319274902,2.0190951824188232,2.0307531356811523,1.962393879890442,1.69697904586792,2.4846785068511963,2.8782668113708496,1.3983867168426514
1.9334462881088257,2.0854403018951415,2.017616558074951,1.9983958005905151,1.9432142674922943,1.7348791360855103,2.50519061088562,2.9691948890686035,1.3444266319274902,2.0854403018951415,1.9811209440231323,1.9696767330169678,1.8706753253936768,2.5891722440719604,3.132554769515991,1.397060751914978
2.0115488635169134,0,2.017616558074951,1.9983958005905151,1.9432142674922943,1.7348791360855103,2.50519061088562,2.9691948890686035,1.3444266319274902,2.0854403018951415,1.9811209440231323,1.9696767330169678,1.8706753253936768,2.5891722440719604,3.132554769515991,1.397060751914978
1.9164831505881414,2.0387190341949464,2.017616558074951,1.9983958005905151,1.9432142674922943,1.7348791360855103,2.50519061088562,2.9691948890686035,1.3444266319274902,2.0387190341949464,2.0660083293914795,1.9907678365707397,1.7147190570831299,2.491231322288513,2.8661270141601562,1.4304051399230957
1.9560331503550212,0,2.017616558074951,1.9983958005905151,1.9432142674922943,1.7348791360855103,2.50519061088562,2.9691948890686035,1.3444266319274902,2.0387190341949464,2.0660083293914795,1.9907678365707397,1.7147190570831299,2.491231322288513,2.8661270141601562,1.4304051399230957
1.9303358793258667,2.044912815093994,2.017616558074951,1.9983958005905151,1.9432142674922943,1.7348791360855103,2.50519061088562,2.9691948890686035,1.3444266319274902,2.044912815093994,2.072035789489746,1.9947835206985474,1.7439961433410645,2.5017054080963135,2.912344455718994,1.4051213264465332
1.9126857651604547,0,2.017616558074951,1.9983958005905151,1.9432142674922943,1.7348791360855103,2.50519061088562,2.9691948890686035,1.3444266319274902,2.044912815093994,2.072035789489746,1.9947835206985474,1.7439961433410645,2.5017054080963135,2.912344455718994,1.4051213264465332
1.8934298356374104,2.0272255182266234,2.017616558074951,1.9983958005905151,1.9432142674922943,1.7348791360855103,2.50519061088562,2.9691948890686035,1.3444266319274902,2.0272255182266234,2.0693328380584717,1.9879540503025055,1.6884087324142456,2.481555461883545,2.838369131088257,1.4152750968933105
1.9477948082817926,0,2.017616558074951,1.9983958005905151,1.9432142674922943,1.7348791360855103,2.50519061088562,2.9691948890686035,1.3444266319274902,2.0272255182266234,2.0693328380584717,1.9879540503025055,1.6884087324142456,2.481555461883545,2.838369131088257,1.4152750968933105
1.9576488998201158,2.0424341917037965,2.017616558074951,1.9983958005905151,1.9432142674922943,1.7348791360855103,2.50519061088562,2.9691948890686035,1.3444266319274902,2.0424341917037965,2.1275856494903564,2.0301792919635773,1.6852132081985474,2.469778299331665,2.7592239379882812,1.459815502166748
1.9409696261088054,0,2.017616558074951,1.9983958005905151,1.9432142674922943,1.7348791360855103,2.50519061088562,2.9691948890686035,1.3444266319274902,2.0424341917037965,2.1275856494903564,2.0301792919635773,1.6852132081985474,2.469778299331665,2.7592239379882812,1.459815502166748
1.9204861455493503,2.0154467821121216,2.0154467821121216,2.018824338912964,1.9524837136268616,1.7145373821258545,2.49050772190094,2.923266649246216,1.3628567457199097,2.0154467821121216,2.018824338912964,1.9524837136268616,1.7145373821258545,2.49050772190094,2.923266649246216,1.3628567457199097
1.878706243303087,0,2.0154467821121216,2.018824338912964,1.9524837136268616,1.7145373821258545,2.49050772190094,2.923266649246216,1.3628567457199097,2.0154467821121216,2.018824338912964,1.9524837136268616,1.7145373821258545,2.49050772190094,2.923266649246216,1.3628567457199097
1.9190414216783311,2.017494821548462,2.0154467821121216,2.018824338912964,1.9524837136268616,1.7145373821258545,2.49050772190094,2.923266649246216,1.3628567457199097,2.017494821548462,2.0347177982330322,1.9634559750556946,1.6871216297149658,2.479893684387207,2.862520694732666,1.4058473110198975
1.925642146004571,0,2.0154467821121216,2.018824338912964,1.9524837136268616,1.7145373821258545,2.49050772190094,2.923266649246216,1.3628567457199097,2.017494821548462,2.0347177982330322,1.9634559750556946,1.6871216297149658,2.479893684387207,2.862520694732666,1.4058473110198975
1.905171314875285,2.021110725402832,2.0154467821121216,2.018824338912964,1.9524837136268616,1.7145373821258545,2.49050772190094,2.923266649246216,1.3628567457199097,2.021110725402832,2.048501968383789,1.9745671153068542,1.6912837028503418,2.4796676635742188,2.8493545055389404,1.4064326286315918
1.895407994588216,0,2.0154467821121216,2.018824338912964,1.9524837136268616,1.7145373821258545,2.49050772190094,2.923266649246216,1.3628567457199097,2.021110725402832,2.048501968383789,1.9745671153068542,1.6912837028503418,2.4796676635742188,2.8493545055389404,1.4064326286315918
1.9310297701093886,2.0136554479599,2.0136554479599,2.0046727657318115,1.945311278104782,1.7193683385849,2.493399977684021,2.9342687129974365,1.357436180114746,2.0136554479599,2.0046727657318115,1.945311278104782,1.7193683385849,2.493399977684021,2.9342687129974365,1.357436180114746
1.9844592942131891,0,2.0136554479599,2.0046727657318115,1.945311278104782,1.7193683385849,2.493399977684021,2.9342687129974365,1.357436180114746,2.0136554479599,2.0046727657318115,1.945311278104782,1.7193683385849,2.493399977684021,2.9342687129974365,1.357436180114746
1.9857147932052612,2.0253988981246946,2.0136554479599,2.0046727657318115,1.945311278104782,1.7193683385849,2.493399977684021,2.9342687129974365,1.357436180114746,2.0253988981246946,2.0544307231903076,1.9809988737106323,1.698503017425537,2.4814802408218384,2.8463294506073,1.4111002683639526
1.941937420103285,0,2.0136554479599,2.0046727657318115,1.945311278104782,1.7193683385849,2.493399977684021,2.9342687129974365,1.357436180114746,2.0253988981246946,2.0544307231903076,1.9809988737106323,1.698503017425537,2.4814802408218384,2.8463294506073,1.4111002683639526
1.9598893986807928,2.034622240066528,2.0136554479599,2.0046727657318115,1.945311278104782,1.7193683385849,2.493399977684021,2.9342687129974365,1.357436180114746,2.034622240066528,2.0266239643096924,1.9650975465774536,1.7249555587768555,2.498380661010742,2.91457462310791,1.4247703552246094
1.9193690750333998,0,2.0136554479599,2.0046727657318115,1.945311278104782,1.7193683385849,2.493399977684021,2.9342687129974365,1.357436180114746,2.034622240066528,2.0266239643096924,1.9650975465774536,1.7249555587768555,2.498380661010742,2.91457462310791,1.4247703552246094
1.9436389075385199,2.022591495513916,2.0136554479599,2.0046727657318115,1.945311278104782,1.7193683385849,2.493399977684021,2.9342687129974365,1.357436180114746,2.022591495513916,2.030402421951294,1.9621464014053345,1.7010812759399414,2.4870481491088867,2.887396812438965,1.4073774814605713
1.8834433688057794,0,2.0136554479599,2.0046727657318115,1.945311278104782,1.7193683385849,2.493399977684021,2.9342687129974365,1.357436180114746,2.022591495513916,2.030402421951294,1.9621464014053345,1.7010812759399414,2.4870481491088867,2.887396812438965,1.4073774814605713
1.8928814199235704,2.0207115650177,2.0136554479599,2.0046727657318115,1.945311278104782,1.7193683385849,2.493399977684021,2.9342687129974365,1.357436180114746,2.0207115650177,2.0164754390716553,1.9532585740089417,1.7261841297149658,2.4948976039886475,2.9358959197998047,1.371103048324585
1.9128804074393377,0,2.0136554479599,2.0046727657318115,1.945311278104782,1.7193683385849,2.493399977684021,2.9342687129974365,1.357436180114746,2.0207115650177,2.0164754390716553,1.9532585740089417,1.7261841297149658,2.4948976039886475,2.9358959197998047,1.371103048324585
1.899157166481018,2.015645241737366,2.0136554479599,2.0046727657318115,1.945311278104782,1.7193683385849,2.493399977684021,2.9342687129974365,1.357436180114746,2.015645241737366,2.009913444519043,1.9488323628902435,1.697513461112976,2.486290693283081,2.89459228515625,1.3982179164886475
1.8888639741473727,0,2.0136554479599,2.0046727657318115,1.945311278104782,1.7193683385849,2.493399977684021,2.9342687129974365,1.357436180114746,2.015645241737366,2.009913444519043,1.9488323628902435,1.697513461112976,2.486290693283081,2.89459228515625,1.3982179164886475
1.9093015591303508,2.0284469604492186,2.0136554479599,2.0046727657318115,1.945311278104782,1.7193683385849,2.493399977684021,2.9342687129974365,1.357436180114746,2.0284469604492186,2.0535061359405518,1.9840618968009949,1.7047772407531738,2.4836984872817993,2.8429388999938965,1.4165544509887695
1.9408708943261042,0,2.0136554479599,2.0046727657318115,1.945311278104782,1.7193683385849,2.493399977684021,2.9342687129974365,1.357436180114746,2.0284469604492186,2.0535061359405518,1.9840618968009949,1.7047772407531738,2.4836984872817993,2.8429388999938965,1.4165544509887695
1.940295418103536,2.0420714139938356,2.0136554479599,2.0046727657318115,1.945311278104782,1.7193683385849,2.493399977684021,2.9342687129974365,1.357436180114746,2.0420714139938356,2.0344948768615723,1.9715894758701324,1.7504361867904663,2.5071831941604614,2.947434425354004,1.4110596179962158
1.909732182820638,0,2.0136554479599,2.0046727657318115,1.945311278104782,1.7193683385849,2.493399977684021,2.9342687129974365,1.357436180114746,2.0420714139938356,2.0344948768615723,1.9715894758701324,1.7504361867904663,2.5071831941604614,2.947434425354004,1.4110596179962158
1.9463520050048828,2.039271426200867,2.0136554479599,2.0046727657318115,1.945311278104782,1.7193683385849,2.493399977684021,2.9342687129974365,1.357436180114746,2.039271426200867,2.0432825088500977,1.976552277803421,1.7344685792922974,2.500590205192566,2.9160048961639404,1.4174256324768066
1.9233943621317546,0,2.0136554479599,2.0046727657318115,1.945311278104782,1.7193683385849,2.493399977684021,2.9342687129974365,1.357436180114746,2.039271426200867,2.0432825088500977,1.976552277803421,1.7344685792922974,2.500590205192566,2.9160048961639404,1.4174256324768066
1.9034020370907254,2.0275022983551025,2.0136554479599,2.0046727657318115,1.945311278104782,1.7193683385849,2.493399977684021,2.9342687129974365,1.357436180114746,2.0275022983551025,2.0869948863983154,2.0012125968933105,1.6724300384521484,2.4674785137176514,2.77652645111084,1.443129539489746
1.909352461496989,0,2.0136554479599,2.0046727657318115,1.945311278104782,1.7193683385849,2.493399977684021,2.9342687129974365,1.357436180114746,2.0275022983551025,2.0869948863983154,2.0012125968933105,1.6724300384521484,2.4674785137176514,2.77652645111084,1.443129539489746
1.8830227851867676,2.015762186050415,2.0136554479599,2.0046727657318115,1.945311278104782,1.7193683385849,2.493399977684021,2.9342687129974365,1.357436180114746,2.015762186050415,2.0190258026123047,1.9569119215011597,1.7067797183990479,2.487280488014221,2.891744613647461,1.3784444332122803
1.8945286273956299,0,2.0136554479599,2.0046727657318115,1.945311278104782,1.7193683385849,2.493399977684021,2.9342687129974365,1.357436180114746,2.015762186050415,2.0190258026123047,1.9569119215011597,1.7067797183990479,2.487280488014221,2.891744613647461,1.3784444332122803
1.890282392501831,2.045494031906128,2.0136554479599,2.0046727657318115,1.945311278104782,1.7193683385849,2.493399977684021,2.9342687129974365,1.357436180114746,2.045494031906128,2.0920915603637695,2.0141258239746094,1.7144408226013184,2.485053539276123,2.812227725982666,1.4508306980133057
1.9300820695029364,0,2.0136554479599,2.0046727657318115,1.945311278104782,1.7193683385849,2.493399977684021,2.9342687129974365,1.357436180114746,2.045494031906128,2.0920915603637695,2.0141258239746094,1.7144408226013184,2.485053539276123,2.812227725982666,1.4508306980133057
1.927009556028578,2.036936092376709,2.0136554479599,2.0046727657318115,1.945311278104782,1.7193683385849,2.493399977684021,2.9342687129974365,1.357436180114746,2.036936092376709,2.052572011947632,1.9876722693443298,1.7230517864227295,2.4920012950897217,2.861509323120117,1.4250540733337402
1.9581264389885797,0,2.0136554479599,2.0046727657318115,1.945311278104782,1.7193683385849,2.493399977684021,2.9342687129974365,1.357436180114746,2.036936092376709,2.052572011947632,1.9876722693443298,1.7230517864227295,2.4920012950897217,2.861509323120117,1.4250540733337402
1.9070499605602689,2.032429909706116,2.0136554479599,2.0046727657318115,1.945311278104782,1.7193683385849,2.493399977684021,2.9342687129974365,1.357436180114746,2.032429909706116,2.0817134380340576,1.9990009665489197,1.6964037418365479,2.475102186203003,2.8140311241149902,1.4338279962539673
1.9308977391984727,0,2.0136554479599,2.0046727657318115,1.945311278104782,1.7193683385849,2.493399977684021,2.9342687129974365,1.357436180114746,2.032429909706116,2.0817134380340576,1.9990009665489197,1.6964037418365479,2.475102186203003,2.8140311241149902,1.4338279962539673
1.9052620596355863,2.029209923744202,2.0136554479599,2.0046727657318115,1.945311278104782,1.7193683385849,2.493399977684021,2.9342687129974365,1.357436180114746,2.029209923744202,2.0353498458862305,1.9663370847702026,1.7232575416564941,2.4929959774017334,2.9146008491516113,1.401450276374817
1.9387040005789862,0,2.0136554479599,2.0046727657318115,1.945311278104782,1.7193683385849,2.493399977684021,2.9342687129974365,1.357436180114746,2.029209923744202,2.0353498458862305,1.9663370847702026,1.7232575416564941,2.4929959774017334,2.9146008491516113,1.401450276374817
1.873542891608344,2.076516318321228,2.0136554479599,2.0046727657318115,1.945311278104782,1.7193683385849,2.493399977684021,2.9342687129974365,1.357436180114746,2.076516318321228,2.0118730068206787,1.9730736315250397,1.8355237245559692,2.5567281246185303,3.0804314613342285,1.4217286109924316
1.9222966697480943,0,2.0136554479599,2.0046727657318115,1.945311278104782,1.7193683385849,2.493399977684021,2.9342687129974365,1.357436180114746,2.076516318321228,2.0118730068206787,1.9730736315250397,1.8355237245559692,2.5567281246185303,3.0804314613342285,1.4217286109924316
1.930646538734436,2.0600674390792846,2.0136554479599,2.0046727657318115,1.945311278104782,1.7193683385849,2.493399977684021,2.9342687129974365,1.357436180114746,2.0600674390792846,2.0677876472473145,2.000481426715851,1.7587268352508545,2.5113515853881836,2.9150795936584473,1.4511195421218872
1.905892464849684,0,2.0136554479599,2.0046727657318115,1.945311278104782,1.7193683385849,2.493399977684021,2.9342687129974365,1.357436180114746,2.0600674390792846,2.0677876472473145,2.000481426715851,1.7587268352508545,2.5113515853881836,2.9150795936584473,1.4511195421218872
1.896268712149726,2.022912359237671,2.0136554479599,2.0046727657318115,1.945311278104782,1.7193683385849,2.493399977684021,2.9342687129974365,1.357436180114746,2.022912359237671,2.0603232383728027,1.9810307025909424,1.6838843822479248,2.477208971977234,2.8348259925842285,1.4159362316131592
1.8951612710952759,0,2.0136554479599,2.0046727657318115,1.945311278104782,1.7193683385849,2.493399977684021,2.9342687129974365,1.357436180114746,2.022912359237671,2.0603232383728027,1.9810307025909424,1.6838843822479248,2.477208971977234,2.8348259925842285,1.4159362316131592
1.887803355852763,2.041088891029358,2.0136554479599,2.0046727657318115,1.945311278104782,1.7193683385849,2.493399977684021,2.9342687129974365,1.357436180114746,2.041088891029358,2.118931531906128,2.0275469422340393,1.6817121505737305,2.4639800786972046,2.7373476028442383,1.476840615272522
1.9071252743403118,0,2.0136554479599,2.0046727657318115,1.945311278104782,1.7193683385849,2.493399977684021,2.9342687129974365,1.357436180114746,2.041088891029358,2.118931531906128,2.0275469422340393,1.6817121505737305,2.4639800786972046,2.7373476028442383,1.476840615272522
1.9151453574498494,2.013602066040039,2.013602066040039,2.0146377086639404,1.9518552422523499,1.69795560836792,2.483957529067993,2.8877251148223877,1.3875019550323486,2.013602066040039,2.0146377086639404,1.9518552422523499,1.69795560836792,2.483957529067993,2.8877251148223877,1.3875019550323486
1.9170519378450182,0,2.013602066040039,2.0146377086639404,1.9518552422523499,1.69795560836792,2.483957529067993,2.8877251148223877,1.3875019550323486,2.013602066040039,2.0146377086639404,1.9518552422523499,1.69795560836792,2.483957529067993,2.8877251148223877,1.3875019550323486
1.9173217217127483,2.01666145324707,2.013602066040039,2.0146377086639404,1.9518552422523499,1.69795560836792,2.483957529067993,2.8877251148223877,1.3875019550323486,2.01666145324707,1.9305038452148438,1.9086566865444183,1.7750513553619385,2.526323616504669,3.054079532623291,1.325104832649231
1.8690107266108196,0,2.013602066040039,2.0146377086639404,1.9518552422523499,1.69795560836792,2.483957529067993,2.8877251148223877,1.3875019550323486,2.01666145324707,1.9305038452148438,1.9086566865444183,1.7750513553619385,2.526323616504669,3.054079532623291,1.325104832649231
1.9063215785556369,2.0251560688018797,2.013602066040039,2.0146377086639404,1.9518552422523499,1.69795560836792,2.483957529067993,2.8877251148223877,1.3875019550323486,2.0251560688018797,2.015185832977295,1.9532761871814728,1.7212523221969604,2.4944287538528442,2.9273767471313477,1.4004846811294556
1.8887590832180448,0,2.013602066040039,2.0146377086639404,1.9518552422523499,1.69795560836792,2.483957529067993,2.8877251148223877,1.3875019550323486,2.0251560688018797,2.015185832977295,1.9532761871814728,1.7212523221969604,2.4944287538528442,2.9273767471313477,1.4004846811294556
1.9023586908976238,2.036267948150635,2.013602066040039,2.0146377086639404,1.9518552422523499,1.69795560836792,2.483957529067993,2.8877251148223877,1.3875019550323486,2.036267948150635,2.026801824569702,1.9642408788204193,1.7552155256271362,2.5072760581970215,2.9664077758789062,1.3847702741622925
1.9084795316060383,0,2.013602066040039,2.0146377086639404,1.9518552422523499,1.69795560836792,2.483957529067993,2.8877251148223877,1.3875019550323486,2.036267948150635,2.026801824569702,1.9642408788204193,1.7552155256271362,2.5072760581970215,2.9664077758789062,1.3847702741622925
1.9516930315229628,2.0281110763549806,2.013602066040039,2.0146377086639404,1.9518552422523499,1.69795560836792,2.483957529067993,2.8877251148223877,1.3875019550323486,2.0281110763549806,2.0673160552978516,1.9910938143730164,1.6901826858520508,2.4720667600631714,2.8045730590820312,1.4389231204986572
1.9582149187723796,0,2.013602066040039,2.0146377086639404,1.9518552422523499,1.69795560836792,2.483957529067993,2.8877251148223877,1.3875019550323486,2.0281110763549806,2.0673160552978516,1.9910938143730164,1.6901826858520508,2.4720667600631714,2.8045730590820312,1.4389231204986572
1.9343366887834337,2.0889116287231446,2.013602066040039,2.0146377086639404,1.9518552422523499,1.69795560836792,2.483957529067993,2.8877251148223877,1.3875019550323486,2.0889116287231446,2.184884786605835,2.0921987295150757,1.7322659492492676,2.486504554748535,2.706249713897705,1.5543982982635498
1.9097734424802992,0,2.013602066040039,2.0146377086639404,1.9518552422523499,1.69795560836792,2.483957529067993,2.8877251148223877,1.3875019550323486,2.0889116287231446,2.184884786605835,2.0921987295150757,1.7322659492492676,2.486504554748535,2.706249713897705,1.5543982982635498
1.9569996330473158,2.013952112197876,2.013602066040039,2.0146377086639404,1.9518552422523499,1.69795560836792,2.483957529067993,2.8877251148223877,1.3875019550323486,2.013952112197876,2.0244765281677246,1.9574743211269379,1.692829966545105,2.4790629148483276,2.870011568069458,1.394328236579895
1.920245885848999,0,2.013602066040039,2.0146377086639404,1.9518552422523499,1.69795560836792,2.483957529067993,2.8877251148223877,1.3875019550323486,2.013952112197876,2.0244765281677246,1.9574743211269379,1.692829966545105,2.4790629148483276,2.870011568069458,1.394328236579895
1.9811165465248957,2.0547711133956907,2.013602066040039,2.0146377086639404,1.9518552422523499,1.69795560836792,2.483957529067993,2.8877251148223877,1.3875019550323486,2.0547711133956907,2.025989055633545,1.971132904291153,1.7738975286483765,2.519129514694214,2.9796030521392822,1.4357099533081055
1.9163248936335247,0,2.013602066040039,2.0146377086639404,1.9518552422523499,1.69795560836792,2.483957529067993,2.8877251148223877,1.3875019550323486,2.0547711133956907,2.025989055633545,1.971132904291153,1.7738975286483765,2.519129514694214,2.9796030521392822,1.4357099533081055
1.9611103269788954,2.046338200569153,2.013602066040039,2.0146377086639404,1.9518552422523499,1.69795560836792,2.483957529067993,2.8877251148223877,1.3875019550323486,2.046338200569153,2.045215368270874,1.980665773153305,1.7503196001052856,2.5070958137512207,2.932278871536255,1.421964406967163
1.9118187692430284,0,2.013602066040039,2.0146377086639404,1.9518552422523499,1.69795560836792,2.483957529067993,2.8877251148223877,1.3875019550323486,2.046338200569153,2.045215368270874,1.980665773153305,1.7503196001052856,2.5070958137512207,2.932278871536255,1.421964406967163
1.9179825517866347,2.0216994285583496,2.013602066040039,2.0146377086639404,1.9518552422523499,1.69795560836792,2.483957529067993,2.8877251148223877,1.3875019550323486,2.0216994285583496,2.0579066276550293,1.9826500415802002,1.6799046993255615,2.468782067298889,2.8026819229125977,1.433121681213379
1.8787871731652155,0,2.013602066040039,2.0146377086639404,1.9518552422523499,1.69795560836792,2.483957529067993,2.8877251148223877,1.3875019550323486,2.0216994285583496,2.0579066276550293,1.9826500415802002,1.6799046993255615,2.468782067298889,2.8026819229125977,1.433121681213379
1.885242157512241,2.0275870323181153,2.013602066040039,2.0146377086639404,1.9518552422523499,1.69795560836792,2.483957529067993,2.8877251148223877,1.3875019550323486,2.0275870323181153,2.0835981369018555,2.0010098218917847,1.6728065013885498,2.461959719657898,2.759882926940918,1.457611083984375
1.8753493626912434,0,2.013602066040039,2.0146377086639404,1.9518552422523499,1.69795560836792,2.483957529067993,2.8877251148223877,1.3875019550323486,2.0275870323181153,2.0835981369018555,2.0010098218917847,1.6728065013885498,2.461959719657898,2.759882926940918,1.457611083984375
1.888802131017049,2.03762834072113,2.013602066040039,2.0146377086639404,1.9518552422523499,1.69795560836792,2.483957529067993,2.8877251148223877,1.3875019550323486,2.03762834072113,2.1021018028259277,2.017716497182846,1.681273341178894,2.4630517959594727,2.7407145500183105,1.4786629676818848
1.91246317492591,0,2.013602066040039,2.0146377086639404,1.9518552422523499,1.69795560836792,2.483957529067993,2.8877251148223877,1.3875019550323486,2.03762834072113,2.1021018028259277,2.017716497182846,1.681273341178894,2.4630517959594727,2.7407145500183105,1.4786629676818848
1.887652768029107,2.0213810443878173,2.013602066040039,2.0146377086639404,1.9518552422523499,1.69795560836792,2.483957529067993,2.8877251148223877,1.3875019550323486,2.0213810443878173,1.974510908126831,1.9304448366165161,1.7478885650634766,2.5070022344589233,2.989135503768921,1.3705012798309326
1.9297796222898695,0,2.013602066040039,2.0146377086639404,1.9518552422523499,1.69795560836792,2.483957529067993,2.8877251148223877,1.3875019550323486,2.0213810443878173,1.974510908126831,1.9304448366165161,1.7478885650634766,2.5070022344589233,2.989135503768921,1.3705012798309326
1.9355972872840033,2.054876923561096,2.013602066040039,2.0146377086639404,1.9518552422523499,1.69795560836792,2.483957529067993,2.8877251148223877,1.3875019550323486,2.054876923561096,2.0508458614349365,1.9886484742164612,1.7585465908050537,2.5122896432876587,2.9302237033843994,1.4404128789901733
1.928412397702535,0,2.013602066040039,2.0146377086639404,1.9518552422523499,1.69795560836792,2.483957529067993,2.8877251148223877,1.3875019550323486,2.054876923561096,2.0508458614349365,1.9886484742164612,1.7585465908050537,2.5122896432876587,2.9302237033843994,1.4404128789901733
1.915788173675537,2.0282697916030883,2.013602066040039,2.0146377086639404,1.9518552422523499,1.69795560836792,2.483957529067993,2.8877251148223877,1.3875019550323486,2.0282697916030883,2.0475759506225586,1.9767883121967316,1.7018893957138062,2.4863810539245605,2.862650156021118,1.419121503829956
1.8803294499715169,0,2.013602066040039,2.0146377086639404,1.9518552422523499,1.69795560836792,2.483957529067993,2.8877251148223877,1.3875019550323486,2.0282697916030883,2.0475759506225586,1.9767883121967316,1.7018893957138062,2.4863810539245605,2.862650156021118,1.419121503829956
1.8755174345440335,2.024253177642822,2.013602066040039,2.0146377086639404,1.9518552422523499,1.69795560836792,2.483957529067993,2.8877251148223877,1.3875019550323486,2.024253177642822,1.9931161403656006,1.9423538446426392,1.7427189350128174,2.5033189058303833,2.9661736488342285,1.3787930011749268
1.8774316178427801,0,2.013602066040039,2.0146377086639404,1.9518552422523499,1.69795560836792,2.483957529067993,2.8877251148223877,1.3875019550323486,2.024253177642822,1.9931161403656006,1.9423538446426392,1.7427189350128174,2.5033189058303833,2.9661736488342285,1.3787930011749268
1.8820890585581462,2.0249895095825194,2.013602066040039,2.0146377086639404,1.9518552422523499,1.69795560836792,2.483957529067993,2.8877251148223877,1.3875019550323486,2.0249895095825194,2.003028392791748,1.9485939145088196,1.7331674098968506,2.49944806098938,2.943744659423828,1.3898556232452393
1.8829490741093953,0,2.013602066040039,2.0146377086639404,1.9518552422523499,1.69795560836792,2.483957529067993,2.8877251148223877,1.3875019550323486,2.0249895095825194,2.003028392791748,1.9485939145088196,1.7331674098968506,2.49944806098938,2.943744659423828,1.3898556232452393
1.8869518174065485,2.011404609680176,2.011404609680176,1.9794777631759644,1.9320270717144012,1.721105694770813,2.493438482284546,2.9388298988342285,1.3695626258850098,2.011404609680176,1.9794777631759644,1.9320270717144012,1.721105694770813,2.493438482284546,2.9388298988342285,1.3695626258850098
1.8585051033231947,0,2.011404609680176,1.9794777631759644,1.9320270717144012,1.721105694770813,2.493438482284546,2.9388298988342285,1.3695626258850098,2.011404609680176,1.9794777631759644,1.9320270717144012,1.721105694770813,2.493438482284546,2.9388298988342285,1.3695626258850098
1.902927080790202,2.0114922523498535,2.011404609680176,1.9794777631759644,1.9320270717144012,1.721105694770813,2.493438482284546,2.9388298988342285,1.3695626258850098,2.0114922523498535,1.967416524887085,1.9258157014846802,1.7322897911071777,2.4985105991363525,2.960881233215332,1.3607337474822998
1.8905131022135417,0,2.011404609680176,1.9794777631759644,1.9320270717144012,1.721105694770813,2.493438482284546,2.9388298988342285,1.3695626258850098,2.0114922523498535,1.967416524887085,1.9258157014846802,1.7322897911071777,2.4985105991363525,2.960881233215332,1.3607337474822998
1.9075570503870647,2.012940287590027,2.011404609680176,1.9794777631759644,1.9320270717144012,1.721105694770813,2.493438482284546,2.9388298988342285,1.3695626258850098,2.012940287590027,2.007288932800293,1.9487499594688416,1.7002465724945068,2.4842331409454346,2.8882908821105957,1.3886996507644653
1.8787547614839342,0,2.011404609680176,1.9794777631759644,1.9320270717144012,1.721105694770813,2.493438482284546,2.9388298988342285,1.3695626258850098,2.012940287590027,2.007288932800293,1.9487499594688416,1.7002465724945068,2.4842331409454346,2.8882908821105957,1.3886996507644653
1.8949733707639906,2.048079228401184,2.011404609680176,1.9794777631759644,1.9320270717144012,1.721105694770813,2.493438482284546,2.9388298988342285,1.3695626258850098,2.048079228401184,2.1227569580078125,2.0365330576896667,1.6879441738128662,2.4643726348876953,2.716071128845215,1.500949740409851
1.9130603339936998,0,2.011404609680176,1.9794777631759644,1.9320270717144012,1.721105694770813,2.493438482284546,2.9388298988342285,1.3695626258850098,2.048079228401184,2.1227569580078125,2.0365330576896667,1.6879441738128662,2.4643726348876953,2.716071128845215,1.500949740409851
1.8799722724490695,2.017866516113281,2.011404609680176,1.9794777631759644,1.9320270717144012,1.721105694770813,2.493438482284546,2.9388298988342285,1.3695626258850098,2.017866516113281,1.9959743022918701,1.9490524530410767,1.7233178615570068,2.4927268028259277,2.904510259628296,1.3845868110656738
1.8811464574601915,0,2.011404609680176,1.9794777631759644,1.9320270717144012,1.721105694770813,2.493438482284546,2.9388298988342285,1.3695626258850098,2.017866516113281,1.9959743022918701,1.9490524530410767,1.7233178615570068,2.4927268028259277,2.904510259628296,1.3845868110656738
1.9034597873687744,2.0266681909561157,2.011404609680176,1.9794777631759644,1.9320270717144012,1.721105694770813,2.493438482284546,2.9388298988342285,1.3695626258850098,2.0266681909561157,2.0462608337402344,1.9770830869674683,1.6914939880371094,2.4800314903259277,2.8357462882995605,1.4355231523513794
2.007048103544447,0,2.011404609680176,1.9794777631759644,1.9320270717144012,1.721105694770813,2.493438482284546,2.9388298988342285,1.3695626258850098,2.0266681909561157,2.0462608337402344,1.9770830869674683,1.6914939880371094,2.4800314903259277,2.8357462882995605,1.4355231523513794
1.9167635308371649,2.0767415046691893,2.011404609680176,1.9794777631759644,1.9320270717144012,1.721105694770813,2.493438482284546,2.9388298988342285,1.3695626258850098,2.0767415046691893,2.1096138954162598,2.0423023402690887,1.7454067468643188,2.50894558429718,2.8133163452148438,1.5107957124710083
1.892520957522922,0,2.011404609680176,1.9794777631759644,1.9320270717144012,1.721105694770813,2.493438482284546,2.9388298988342285,1.3695626258850098,2.0767415046691893,2.1096138954162598,2.0423023402690887,1.7454067468643188,2.50894558429718,2.8133163452148438,1.5107957124710083
1.9320739242765639,2.012352180480957,2.011404609680176,1.9794777631759644,1.9320270717144012,1.721105694770813,2.493438482284546,2.9388298988342285,1.3695626258850098,2.012352180480957,1.9872153997421265,1.9393792748451233,1.7199039459228516,2.4912302494049072,2.919278144836426,1.3721810579299927
1.9013073311911688,0,2.011404609680176,1.9794777631759644,1.9320270717144012,1.721105694770813,2.493438482284546,2.9388298988342285,1.3695626258850098,2.012352180480957,1.9872153997421265,1.9393792748451233,1.7199039459228516,2.4912302494049072,2.919278144836426,1.3721810579299927
1.8840277194976807,2.0205716133117675,2.011404609680176,1.9794777631759644,1.9320270717144012,1.721105694770813,2.493438482284546,2.9388298988342285,1.3695626258850098,2.0205716133117675,2.0216856002807617,1.9642560482025146,1.7076539993286133,2.483218193054199,2.8604373931884766,1.4070820808410645
1.8846672773361206,0,2.011404609680176,1.9794777631759644,1.9320270717144012,1.721105694770813,2.493438482284546,2.9388298988342285,1.3695626258850098,2.0205716133117675,2.0216856002807617,1.9642560482025146,1.7076539993286133,2.483218193054199,2.8604373931884766,1.4070820808410645
1.8921765618854098,2.0123671531677245,2.011404609680176,1.9794777631759644,1.9320270717144012,1.721105694770813,2.493438482284546,2.9388298988342285,1.3695626258850098,2.0123671531677245,2.0165421962738037,1.9554908871650696,1.694701910018921,2.4788131713867188,2.8634490966796875,1.392965316772461
1.9097260104285345,0,2.011404609680176,1.9794777631759644,1.9320270717144012,1.721105694770813,2.493438482284546,2.9388298988342285,1.3695626258850098,2.0123671531677245,2.0165421962738037,1.9554908871650696,1.694701910018921,2.4788131713867188,2.8634490966796875,1.392965316772461
1.8897698587841458,2.01280734539032,2.011404609680176,1.9794777631759644,1.9320270717144012,1.721105694770813,2.493438482284546,2.9388298988342285,1.3695626258850098,2.01280734539032,1.984405755996704,1.9359674453735352,1.7200446128845215,2.4929698705673218,2.9309260845184326,1.37364661693573
1.861144330766466,0,2.011404609680176,1.9794777631759644,1.9320270717144012,1.721105694770813,2.493438482284546,2.9388298988342285,1.3695626258850098,2.01280734539032,1.984405755996704,1.9359674453735352,1.7200446128845215,2.4929698705673218,2.9309260845184326,1.37364661693573
1.9086292717191908,2.0379428625106812,2.011404609680176,1.9794777631759644,1.9320270717144012,1.721105694770813,2.493438482284546,2.9388298988342285,1.3695626258850098,2.0379428625106812,2.106269359588623,2.0232264697551727,1.673561930656433,2.45907986164093,2.7113544940948486,1.4917232990264893
1.9565782282087538,0,2.011404609680176,1.9794777631759644,1.9320270717144012,1.721105694770813,2.493438482284546,2.9388298988342285,1.3695626258850098,2.0379428625106812,2.106269359588623,2.0232264697551727,1.673561930656433,2.45907986164093,2.7113544940948486,1.4917232990264893
1.886029150750902,2.030106282234192,2.011404609680176,1.9794777631759644,1.9320270717144012,1.721105694770813,2.493438482284546,2.9388298988342285,1.3695626258850098,2.030106282234192,2.077230453491211,2.000554233789444,1.6806122064590454,2.4633750915527344,2.75960636138916,1.4659385681152344
1.8910781277550592,0,2.011404609680176,1.9794777631759644,1.9320270717144012,1.721105694770813,2.493438482284546,2.9388298988342285,1.3695626258850098,2.030106282234192,2.077230453491211,2.000554233789444,1.6806122064590454,2.4633750915527344,2.75960636138916,1.4659385681152344
1.8944809569252863,2.0121211051940917,2.011404609680176,1.9794777631759644,1.9320270717144012,1.721105694770813,2.493438482284546,2.9388298988342285,1.3695626258850098,2.0121211051940917,2.005680561065674,1.946640431880951,1.6950972080230713,2.4809229373931885,2.881742477416992,1.397981882095337
1.8787334230211046,0,2.011404609680176,1.9794777631759644,1.9320270717144012,1.721105694770813,2.493438482284546,2.9388298988342285,1.3695626258850098,2.0121211051940917,2.005680561065674,1.946640431880951,1.6950972080230713,2.4809229373931885,2.881742477416992,1.397981882095337
1.889666861957974,2.009190630912781,2.009190630912781,1.9613288640975952,1.9233638048171997,1.7263953685760498,2.496092677116394,2.9477832317352295,1.3660435676574707,2.009190630912781,1.9613288640975952,1.9233638048171997,1.7263953685760498,2.496092677116394,2.9477832317352295,1.3660435676574707
1.8651232719421387,0,2.009190630912781,1.9613288640975952,1.9233638048171997,1.7263953685760498,2.496092677116394,2.9477832317352295,1.3660435676574707,2.009190630912781,1.9613288640975952,1.9233638048171997,1.7263953685760498,2.496092677116394,2.9477832317352295,1.3660435676574707
1.8916670083999634,2.0144738435745237,2.009190630912781,1.9613288640975952,1.9233638048171997,1.7263953685760498,2.496092677116394,2.9477832317352295,1.3660435676574707,2.0144738435745237,2.029815435409546,1.963503748178482,1.687038540840149,2.4734781980514526,2.8396108150482178,1.4085588455200195
1.8724558618333604,0,2.009190630912781,1.9613288640975952,1.9233638048171997,1.7263953685760498,2.496092677116394,2.9477832317352295,1.3660435676574707,2.0144738435745237,2.029815435409546,1.963503748178482,1.687038540840149,2.4734781980514526,2.8396108150482178,1.4085588455200195
1.9077115191353693,2.02151780128479,2.009190630912781,1.9613288640975952,1.9233638048171997,1.7263953685760498,2.496092677116394,2.9477832317352295,1.3660435676574707,2.02151780128479,2.0477747917175293,1.9788621068000793,1.6853115558624268,2.469082474708557,2.8035776615142822,1.4363377094268799
1.922217885653178,0,2.009190630912781,1.9613288640975952,1.9233638048171997,1.7263953685760498,2.496092677116394,2.9477832317352295,1.3660435676574707,2.02151780128479,2.0477747917175293,1.9788621068000793,1.6853115558624268,2.469082474708557,2.8035776615142822,1.4363377094268799
1.8741394546296861,2.0203801155090333,2.009190630912781,1.9613288640975952,1.9233638048171997,1.7263953685760498,2.496092677116394,2.9477832317352295,1.3660435676574707,2.0203801155090333,2.0129640102386475,1.9603001475334167,1.7123041152954102,2.485043168067932,2.8671178817749023,1.4065461158752441
1.8960224125120375,0,2.009190630912781,1.9613288640975952,1.9233638048171997,1.7263953685760498,2.496092677116394,2.9477832317352295,1.3660435676574707,2.0203801155090333,2.0129640102386475,1.9603001475334167,1.7123041152954102,2.485043168067932,2.8671178817749023,1.4065461158752441
1.9282366037368774,2.009073257446289,2.009073257446289,1.9788813591003418,1.9323018193244934,1.7146990299224854,2.4890310764312744,2.921316623687744,1.3737237453460693,2.009073257446289,1.9788813591003418,1.9323018193244934,1.7146990299224854,2.4890310764312744,2.921316623687744,1.3737237453460693
1.903224335776435,0,2.009073257446289,1.9788813591003418,1.9323018193244934,1.7146990299224854,2.4890310764312744,2.921316623687744,1.3737237453460693,2.009073257446289,1.9788813591003418,1.9323018193244934,1.7146990299224854,2.4890310764312744,2.921316623687744,1.3737237453460693
1.9651244084040325,2.031649112701416,2.009073257446289,1.9788813591003418,1.9323018193244934,1.7146990299224854,2.4890310764312744,2.921316623687744,1.3737237453460693,2.031649112701416,2.0186851024627686,1.9619491696357727,1.7228047847747803,2.494401454925537,2.901181221008301,1.427952766418457
1.9262442853715684,0,2.009073257446289,1.9788813591003418,1.9323018193244934,1.7146990299224854,2.4890310764312744,2.921316623687744,1.3737237453460693,2.031649112701416,2.0186851024627686,1.9619491696357727,1.7228047847747803,2.494401454925537,2.901181221008301,1.427952766418457
1.8860872586568196,2.0164065837860106,2.009073257446289,1.9788813591003418,1.9323018193244934,1.7146990299224854,2.4890310764312744,2.921316623687744,1.3737237453460693,2.0164065837860106,1.9843592643737793,1.9363827407360077,1.7156585454940796,2.4921306371688843,2.923107385635376,1.3977538347244263
1.917919463581509,0,2.009073257446289,1.9788813591003418,1.9323018193244934,1.7146990299224854,2.4890310764312744,2.921316623687744,1.3737237453460693,2.0164065837860106,1.9843592643737793,1.9363827407360077,1.7156585454940796,2.4921306371688843,2.923107385635376,1.3977538347244263
2.0307262341181436,2.0497012376785277,2.009073257446289,1.9788813591003418,1.9323018193244934,1.7146990299224854,2.4890310764312744,2.921316623687744,1.3737237453460693,2.0497012376785277,1.981089472770691,1.942785918712616,1.807107925415039,2.533203125,3.064549446105957,1.3939025402069092
1.8875044054455228,0,2.009073257446289,1.9788813591003418,1.9323018193244934,1.7146990299224854,2.4890310764312744,2.921316623687744,1.3737237453460693,2.0497012376785277,1.981089472770691,1.942785918712616,1.807107925415039,2.533203125,3.064549446105957,1.3939025402069092
1.90664894051022,2.0248416662216187,2.009073257446289,1.9788813591003418,1.9323018193244934,1.7146990299224854,2.4890310764312744,2.921316623687744,1.3737237453460693,2.0248416662216187,1.975398063659668,1.9335748851299286,1.7525385618209839,2.5076035261154175,2.9842422008514404,1.3810646533966064
1.8907361427942913,0,2.009073257446289,1.9788813591003418,1.9323018193244934,1.7146990299224854,2.4890310764312744,2.921316623687744,1.3737237453460693,2.0248416662216187,1.975398063659668,1.9335748851299286,1.7525385618209839,2.5076035261154175,2.9842422008514404,1.3810646533966064
1.8416922092437744,2.0143702268600463,2.009073257446289,1.9788813591003418,1.9323018193244934,1.7146990299224854,2.4890310764312744,2.921316623687744,1.3737237453460693,2.0143702268600463,1.9537408351898193,1.918955773115158,1.741528868675232,2.5035791397094727,2.9803457260131836,1.3694231510162354
1.8726384374830458,0,2.009073257446289,1.9788813591003418,1.9323018193244934,1.7146990299224854,2.4890310764312744,2.921316623687744,1.3737237453460693,2.0143702268600463,1.9537408351898193,1.918955773115158,1.741528868675232,2.5035791397094727,2.9803457260131836,1.3694231510162354
1.8676051629914179,2.017557978630066,2.009073257446289,1.9788813591003418,1.9323018193244934,1.7146990299224854,2.4890310764312744,2.921316623687744,1.3737237453460693,2.017557978630066,2.0364460945129395,1.9717088639736176,1.6839364767074585,2.469792366027832,2.8095779418945312,1.4278225898742676
1.8815085755454168,0,2.009073257446289,1.9788813591003418,1.9323018193244934,1.7146990299224854,2.4890310764312744,2.921316623687744,1.3737237453460693,2.017557978630066,2.0364460945129395,1.9717088639736176,1.6839364767074585,2.469792366027832,2.8095779418945312,1.4278225898742676
1.8923561440573797,2.0177252292633057,2.009073257446289,1.9788813591003418,1.9323018193244934,1.7146990299224854,2.4890310764312744,2.921316623687744,1.3737237453460693,2.0177252292633057,2.0271358489990234,1.9672651886940002,1.6950109004974365,2.4750369787216187,2.8302958011627197,1.416405439376831
1.8800904485914443,0,2.009073257446289,1.9788813591003418,1.9323018193244934,1.7146990299224854,2.4890310764312744,2.921316623687744,1.3737237453460693,2.0177252292633057,2.0271358489990234,1.9672651886940002,1.6950109004974365,2.4750369787216187,2.8302958011627197,1.416405439376831
1.8636444012324016,2.0101411819458006,2.009073257446289,1.9788813591003418,1.9323018193244934,1.7146990299224854,2.4890310764312744,2.921316623687744,1.3737237453460693,2.0101411819458006,1.9805142879486084,1.933744192123413,1.716710090637207,2.4892523288726807,2.921266555786133,1.3749768733978271
1.9051433404286702,0,2.009073257446289,1.9788813591003418,1.9323018193244934,1.7146990299224854,2.4890310764312744,2.921316623687744,1.3737237453460693,2.0101411819458006,1.9805142879486084,1.933744192123413,1.716710090637207,2.4892523288726807,2.921266555786133,1.3749768733978271
1.8718216949039035,2.011722278594971,2.009073257446289,1.9788813591003418,1.9323018193244934,1.7146990299224854,2.4890310764312744,2.921316623687744,1.3737237453460693,2.011722278594971,1.9928028583526611,1.9412763714790344,1.7114496231079102,2.486670970916748,2.905291795730591,1.3810169696807861
1.8801102770699396,0,2.009073257446289,1.9788813591003418,1.9323018193244934,1.7146990299224854,2.4890310764312744,2.921316623687744,1.3737237453460693,2.011722278594971,1.9928028583526611,1.9412763714790344,1.7114496231079102,2.486670970916748,2.905291795730591,1.3810169696807861
1.9106899499893188,2.016391324996948,2.009073257446289,1.9788813591003418,1.9323018193244934,1.7146990299224854,2.4890310764312744,2.921316623687744,1.3737237453460693,2.016391324996948,2.0051329135894775,1.9558026790618896,1.7107410430908203,2.4836020469665527,2.8650002479553223,1.398878574371338
1.897681302494473,0,2.009073257446289,1.9788813591003418,1.9323018193244934,1.7146990299224854,2.4890310764312744,2.921316623687744,1.3737237453460693,2.016391324996948,2.0051329135894775,1.9558026790618896,1.7107410430908203,2.4836020469665527,2.8650002479553223,1.398878574371338
1.9401384989420574,2.0108355283737183,2.009073257446289,1.9788813591003418,1.9323018193244934,1.7146990299224854,2.4890310764312744,2.921316623687744,1.3737237453460693,2.0108355283737183,1.9977034330368042,1.9466083645820618,1.6993136405944824,2.480485677719116,2.869258403778076,1.3961892127990723
1.9339872863557603,0,2.009073257446289,1.9788813591003418,1.9323018193244934,1.7146990299224854,2.4890310764312744,2.921316623687744,1.3737237453460693,2.0108355283737183,1.9977034330368042,1.9466083645820618,1.6993136405944824,2.480485677719116,2.869258403778076,1.3961892127990723
1.8893752760357327,2.0099573612213133,2.009073257446289,1.9788813591003418,1.9323018193244934,1.7146990299224854,2.4890310764312744,2.921316623687744,1.3737237453460693,2.0099573612213133,1.9893195629119873,1.9391908943653107,1.7015081644058228,2.483891248703003,2.8911662101745605,1.3911765813827515
1.8991378413306341,0,2.009073257446289,1.9788813591003418,1.9323018193244934,1.7146990299224854,2.4890310764312744,2.921316623687744,1.3737237453460693,2.0099573612213133,1.9893195629119873,1.9391908943653107,1.7015081644058228,2.483891248703003,2.8911662101745605,1.3911765813827515
1.8658788071738348,2.0111403942108153,2.009073257446289,1.9788813591003418,1.9323018193244934,1.7146990299224854,2.4890310764312744,2.921316623687744,1.3737237453460693,2.0111403942108153,1.9778498411178589,1.9318916201591492,1.7115931510925293,2.4892224073410034,2.9181711673736572,1.3878141641616821
1.8583892583847046,0,2.009073257446289,1.9788813591003418,1.9323018193244934,1.7146990299224854,2.4890310764312744,2.921316623687744,1.3737237453460693,2.0111403942108153,1.9778498411178589,1.9318916201591492,1.7115931510925293,2.4892224073410034,2.9181711673736572,1.3878141641616821
1.8818389972050984,2.009501338005066,2.009073257446289,1.9788813591003418,1.9323018193244934,1.7146990299224854,2.4890310764312744,2.921316623687744,1.3737237453460693,2.009501338005066,1.9865411520004272,1.9375296533107758,1.7023078203201294,2.4839768409729004,2.8932251930236816,1.3907040357589722
1.879669772254096,0,2.009073257446289,1.9788813591003418,1.9323018193244934,1.7146990299224854,2.4890310764312744,2.921316623687744,1.3737237453460693,2.009501338005066,1.9865411520004272,1.9375296533107758,1.7023078203201294,2.4839768409729004,2.8932251930236816,1.3907040357589722
1.9331197473737929,2.027502679824829,2.009073257446289,1.9788813591003418,1.9323018193244934,1.7146990299224854,2.4890310764312744,2.921316623687744,1.3737237453460693,2.027502679824829,2.0142781734466553,1.9596381783485413,1.7144110202789307,2.4900166988372803,2.8844480514526367,1.428790807723999
1.9294938776228163,0,2.009073257446289,1.9788813591003418,1.9323018193244934,1.7146990299224854,2.4890310764312744,2.921316623687744,1.3737237453460693,2.027502679824829,2.0142781734466553,1.9596381783485413,1.7144110202789307,2.4900166988372803,2.8844480514526367,1.428790807723999
1.9640566507975261,2.0225860118865966,2.009073257446289,1.9788813591003418,1.9323018193244934,1.7146990299224854,2.4890310764312744,2.921316623687744,1.3737237453460693,2.0225860118865966,2.005967855453491,1.9527918696403503,1.7098684310913086,2.4880656003952026,2.886767864227295,1.4209625720977783
1.8958141936196222,0,2.009073257446289,1.9788813591003418,1.9323018193244934,1.7146990299224854,2.4890310764312744,2.921316623687744,1.3737237453460693,2.0225860118865966,2.005967855453491,1.9527918696403503,1.7098684310913086,2.4880656003952026,2.886767864227295,1.4209625720977783
1.8877504931555853,2.01592481136322,2.009073257446289,1.9788813591003418,1.9323018193244934,1.7146990299224854,2.4890310764312744,2.921316623687744,1.3737237453460693,2.01592481136322,1.9748289585113525,1.9323775172233582,1.7221662998199463,2.494316577911377,2.9309473037719727,1.3939956426620483
1.9083289835188124,0,2.009073257446289,1.9788813591003418,1.9323018193244934,1.7146990299224854,2.4890310764312744,2.921316623687744,1.3737237453460693,2.01592481136322,1.9748289585113525,1.9323775172233582,1.7221662998199463,2.494316577911377,2.9309473037719727,1.3939956426620483
1.8818957805633545,2.0163562297821045,2.009073257446289,1.9788813591003418,1.9323018193244934,1.7146990299224854,2.4890310764312744,2.921316623687744,1.3737237453460693,2.0163562297821045,1.9878510236740112,1.947172224521637,1.7200820446014404,2.489958882331848,2.8870129585266113,1.3939303159713745
1.8969434234831068,0,2.009073257446289,1.9788813591003418,1.9323018193244934,1.7146990299224854,2.4890310764312744,2.921316623687744,1.3737237453460693,2.0163562297821045,1.9878510236740112,1.947172224521637,1.7200820446014404,2.489958882331848,2.8870129585266113,1.3939303159713745
1.8646493554115295,2.016507315635681,2.009073257446289,1.9788813591003418,1.9323018193244934,1.7146990299224854,2.4890310764312744,2.921316623687744,1.3737237453460693,2.016507315635681,2.0295522212982178,1.9661864936351776,1.6722139120101929,2.4685596227645874,2.8036916255950928,1.4436511993408203
1.8824357721540663,0,2.009073257446289,1.9788813591003418,1.9323018193244934,1.7146990299224854,2.4890310764312744,2.921316623687744,1.3737237453460693,2.016507315635681,2.0295522212982178,1.9661864936351776,1.6722139120101929,2.4685596227645874,2.8036916255950928,1.4436511993408203
1.8753438260820177,2.0110257625579835,2.009073257446289,1.9788813591003418,1.9323018193244934,1.7146990299224854,2.4890310764312744,2.921316623687744,1.3737237453460693,2.0110257625579835,2.0063610076904297,1.9497464895248413,1.6884641647338867,2.477072238922119,2.856344699859619,1.4061591625213623
1.869097073872884,0,2.009073257446289,1.9788813591003418,1.9323018193244934,1.7146990299224854,2.4890310764312744,2.921316623687744,1.3737237453460693,2.0110257625579835,2.0063610076904297,1.9497464895248413,1.6884641647338867,2.477072238922119,2.856344699859619,1.4061591625213623
1.8587640788820055,2.011120319366455,2.009073257446289,1.9788813591003418,1.9323018193244934,1.7146990299224854,2.4890310764312744,2.921316623687744,1.3737237453460693,2.011120319366455,1.9890410900115967,1.9428802728652954,1.7073938846588135,2.484389543533325,2.8827340602874756,1.3903875350952148
1.8698146475685968,0,2.009073257446289,1.9788813591003418,1.9323018193244934,1.7146990299224854,2.4890310764312744,2.921316623687744,1.3737237453460693,2.011120319366455,1.9890410900115967,1.9428802728652954,1.7073938846588135,2.484389543533325,2.8827340602874756,1.3903875350952148
1.876181297832065,2.023576545715332,2.009073257446289,1.9788813591003418,1.9323018193244934,1.7146990299224854,2.4890310764312744,2.921316623687744,1.3737237453460693,2.023576545715332,2.060840606689453,1.9900465607643127,1.67010498046875,2.4621554613113403,2.755910873413086,1.4626262187957764
1.8621586561203003,0,2.009073257446289,1.9788813591003418,1.9323018193244934,1.7146990299224854,2.4890310764312744,2.921316623687744,1.3737237453460693,2.023576545715332,2.060840606689453,1.9900465607643127,1.67010498046875,2.4621554613113403,2.755910873413086,1.4626262187957764
1.8899710708194308,2.026085066795349,2.009073257446289,1.9788813591003418,1.9323018193244934,1.7146990299224854,2.4890310764312744,2.921316623687744,1.3737237453460693,2.026085066795349,2.0375113487243652,1.979157954454422,1.699471354484558,2.4755882024765015,2.8090386390686035,1.4422662258148193
1.9406522777345445,0,2.009073257446289,1.9788813591003418,1.9323018193244934,1.7146990299224854,2.4890310764312744,2.921316623687744,1.3737237453460693,2.026085066795349,2.0375113487243652,1.979157954454422,1.699471354484558,2.4755882024765015,2.8090386390686035,1.4422662258148193
1.8757447799046834,2.011763572692871,2.009073257446289,1.9788813591003418,1.9323018193244934,1.7146990299224854,2.4890310764312744,2.921316623687744,1.3737237453460693,2.011763572692871,1.995434045791626,1.9462083578109741,1.6969847679138184,2.480140447616577,2.863300323486328,1.4061181545257568
1.8786061074998643,0,2.009073257446289,1.9788813591003418,1.9323018193244934,1.7146990299224854,2.4890310764312744,2.921316623687744,1.3737237453460693,2.011763572692871,1.995434045791626,1.9462083578109741,1.6969847679138184,2.480140447616577,2.863300323486328,1.4061181545257568
1.9077440367804632,2.016555595397949,2.009073257446289,1.9788813591003418,1.9323018193244934,1.7146990299224854,2.4890310764312744,2.921316623687744,1.3737237453460693,2.016555595397949,2.0298726558685303,1.9659332633018494,1.672926425933838,2.468737244606018,2.806413173675537,1.4425044059753418
1.8893524938159518,0,2.009073257446289,1.9788813591003418,1.9323018193244934,1.7146990299224854,2.4890310764312744,2.921316623687744,1.3737237453460693,2.016555595397949,2.0298726558685303,1.9659332633018494,1.672926425933838,2.468737244606018,2.806413173675537,1.4425044059753418
1.8766408099068537,2.0120301723480223,2.009073257446289,1.9788813591003418,1.9323018193244934,1.7146990299224854,2.4890310764312744,2.921316623687744,1.3737237453460693,2.0120301723480223,1.9986485242843628,1.9446381330490112,1.6941134929656982,2.4811766147613525,2.875211238861084,1.4050356149673462
1.892555872599284,0,2.009073257446289,1.9788813591003418,1.9323018193244934,1.7146990299224854,2.4890310764312744,2.921316623687744,1.3737237453460693,2.0120301723480223,1.9986485242843628,1.9446381330490112,1.6941134929656982,2.4811766147613525,2.875211238861084,1.4050356149673462
1.8840672572453816,2.0128724575042725,2.009073257446289,1.9788813591003418,1.9323018193244934,1.7146990299224854,2.4890310764312744,2.921316623687744,1.3737237453460693,2.0128724575042725,1.9463014602661133,1.9152627289295197,1.7438229322433472,2.5047563314437866,2.9848875999450684,1.3647252321243286
1.946049451828003,0,2.009073257446289,1.9788813591003418,1.9323018193244934,1.7146990299224854,2.4890310764312744,2.921316623687744,1.3737237453460693,2.0128724575042725,1.9463014602661133,1.9152627289295197,1.7438229322433472,2.5047563314437866,2.9848875999450684,1.3647252321243286
1.8798884550730388,2.024803042411804,2.009073257446289,1.9788813591003418,1.9323018193244934,1.7146990299224854,2.4890310764312744,2.921316623687744,1.3737237453460693,2.024803042411804,1.8982937335968018,1.8923396170139313,1.8039625883102417,2.5399320125579834,3.111055612564087,1.3418948650360107
1.8840852048661973,0,2.009073257446289,1.9788813591003418,1.9323018193244934,1.7146990299224854,2.4890310764312744,2.921316623687744,1.3737237453460693,2.024803042411804,1.8982937335968018,1.8923396170139313,1.8039625883102417,2.5399320125579834,3.111055612564087,1.3418948650360107
1.8961148924297757,2.028837037086487,2.009073257446289,1.9788813591003418,1.9323018193244934,1.7146990299224854,2.4890310764312744,2.921316623687744,1.3737237453460693,2.028837037086487,2.0468368530273438,1.9828036725521088,1.6830190420150757,2.476651191711426,2.7987804412841797,1.461026906967163
1.882273601161109,0,2.009073257446289,1.9788813591003418,1.9323018193244934,1.7146990299224854,2.4890310764312744,2.921316623687744,1.3737237453460693,2.028837037086487,2.0468368530273438,1.9828036725521088,1.6830190420150757,2.476651191711426,2.7987804412841797,1.461026906967163
1.8940881623162165,2.01099374294281,2.009073257446289,1.9788813591003418,1.9323018193244934,1.7146990299224854,2.4890310764312744,2.921316623687744,1.3737237453460693,2.01099374294281,1.9862780570983887,1.9376983046531677,1.702695369720459,2.48544704914093,2.895352363586426,1.3951011896133423
1.8831249475479126,0,2.009073257446289,1.9788813591003418,1.9323018193244934,1.7146990299224854,2.4890310764312744,2.921316623687744,1.3737237453460693,2.01099374294281,1.9862780570983887,1.9376983046531677,1.702695369720459,2.48544704914093,2.895352363586426,1.3951011896133423
1.9044894774754841,2.019651436805725,2.009073257446289,1.9788813591003418,1.9323018193244934,1.7146990299224854,2.4890310764312744,2.921316623687744,1.3737237453460693,2.019651436805725,2.0444488525390625,1.9768474996089935,1.6706851720809937,2.466119885444641,2.7844326496124268,1.450883388519287
1.8805418809254963,0,2.009073257446289,1.9788813591003418,1.9323018193244934,1.7146990299224854,2.4890310764312744,2.921316623687744,1.3737237453460693,2.019651436805725,2.0444488525390625,1.9768474996089935,1.6706851720809937,2.466119885444641,2.7844326496124268,1.450883388519287
1.86635422706604,2.0120064496994017,2.009073257446289,1.9788813591003418,1.9323018193244934,1.7146990299224854,2.4890310764312744,2.921316623687744,1.3737237453460693,2.0120064496994017,2.009610414505005,1.9532342851161957,1.6811703443527222,2.4721049070358276,2.8316638469696045,1.425041675567627
1.8802956872516208,0,2.009073257446289,1.9788813591003418,1.9323018193244934,1.7146990299224854,2.4890310764312744,2.921316623687744,1.3737237453460693,2.0120064496994017,2.009610414505005,1.9532342851161957,1.6811703443527222,2.4721049070358276,2.8316638469696045,1.425041675567627
1.8834003342522516,2.012810754776001,2.009073257446289,1.9788813591003418,1.9323018193244934,1.7146990299224854,2.4890310764312744,2.921316623687744,1.3737237453460693,2.012810754776001,2.0067243576049805,1.9527753591537476,1.683816909790039,2.472584843635559,2.831333875656128,1.4283428192138672
1.8730231523513794,0,2.009073257446289,1.9788813591003418,1.9323018193244934,1.7146990299224854,2.4890310764312744,2.921316623687744,1.3737237453460693,2.012810754776001,2.0067243576049805,1.9527753591537476,1.683816909790039,2.472584843635559,2.831333875656128,1.4283428192138672
1.8526798354254828,2.0209563732147218,2.009073257446289,1.9788813591003418,1.9323018193244934,1.7146990299224854,2.4890310764312744,2.921316623687744,1.3737237453460693,2.0209563732147218,2.0498785972595215,1.9820724129676819,1.6696767807006836,2.4620484113693237,2.7652411460876465,1.4611296653747559
1.879514005449083,0,2.009073257446289,1.9788813591003418,1.9323018193244934,1.7146990299224854,2.4890310764312744,2.921316623687744,1.3737237453460693,2.0209563732147218,2.0498785972595215,1.9820724129676819,1.6696767807006836,2.4620484113693237,2.7652411460876465,1.4611296653747559
1.8743393686082628,2.0112228870391844,2.009073257446289,1.9788813591003418,1.9323018193244934,1.7146990299224854,2.4890310764312744,2.921316623687744,1.3737237453460693,2.0112228870391844,2.001120090484619,1.9480253756046295,1.683803915977478,2.4737796783447266,2.8415019512176514,1.4236310720443726
1.862779484854804,0,2.009073257446289,1.9788813591003418,1.9323018193244934,1.7146990299224854,2.4890310764312744,2.921316623687744,1.3737237453460693,2.0112228870391844,2.001120090484619,1.9480253756046295,1.683803915977478,2.4737796783447266,2.8415019512176514,1.4236310720443726
1.853558341662089,2.010332727432251,2.009073257446289,1.9788813591003418,1.9323018193244934,1.7146990299224854,2.4890310764312744,2.921316623687744,1.3737237453460693,2.010332727432251,1.999122142791748,1.946189045906067,1.6882925033569336,2.475780487060547,2.853341579437256,1.4126880168914795
1.8773302767011855,0,2.009073257446289,1.9788813591003418,1.9323018193244934,1.7146990299224854,2.4890310764312744,2.921316623687744,1.3737237453460693,2.010332727432251,1.999122142791748,1.946189045906067,1.6882925033569336,2.475780487060547,2.853341579437256,1.4126880168914795
1.847232421239217,2.016424465179443,2.009073257446289,1.9788813591003418,1.9323018193244934,1.7146990299224854,2.4890310764312744,2.921316623687744,1.3737237453460693,2.016424465179443,2.013509750366211,1.955462098121643,1.6854727268218994,2.4761884212493896,2.8430206775665283,1.4307630062103271
1.877770291434394,0,2.009073257446289,1.9788813591003418,1.9323018193244934,1.7146990299224854,2.4890310764312744,2.921316623687744,1.3737237453460693,2.016424465179443,2.013509750366211,1.955462098121643,1.6854727268218994,2.4761884212493896,2.8430206775665283,1.4307630062103271
1.8816195593939886,2.008770227432251,2.008770227432251,1.9591434001922607,1.92532217502594,1.7198443412780762,2.491851329803467,2.9205451011657715,1.3811607360839844,2.008770227432251,1.9591434001922607,1.92532217502594,1.7198443412780762,2.491851329803467,2.9205451011657715,1.3811607360839844
1.8895911243226793,0,2.008770227432251,1.9591434001922607,1.92532217502594,1.7198443412780762,2.491851329803467,2.9205451011657715,1.3811607360839844,2.008770227432251,1.9591434001922607,1.92532217502594,1.7198443412780762,2.491851329803467,2.9205451011657715,1.3811607360839844
1.907138188680013,2.0082014083862303,2.0082014083862303,1.9711835384368896,1.930642157793045,1.703914761543274,2.4842530488967896,2.892219305038452,1.3974026441574097,2.0082014083862303,1.9711835384368896,1.930642157793045,1.703914761543274,2.4842530488967896,2.892219305038452,1.3974026441574097
1.8744413720236883,0,2.0082014083862303,1.9711835384368896,1.930642157793045,1.703914761543274,2.4842530488967896,2.892219305038452,1.3974026441574097,2.0082014083862303,1.9711835384368896,1.930642157793045,1.703914761543274,2.4842530488967896,2.892219305038452,1.3974026441574097
1.8937166796790228,2.0113893508911134,2.0082014083862303,1.9711835384368896,1.930642157793045,1.703914761543274,2.4842530488967896,2.892219305038452,1.3974026441574097,2.0113893508911134,2.0028157234191895,1.948012888431549,1.6825966835021973,2.4746845960617065,2.845545768737793,1.4221651554107666
1.8685713344150119,0,2.0082014083862303,1.9711835384368896,1.930642157793045,1.703914761543274,2.4842530488967896,2.892219305038452,1.3974026441574097,2.0113893508911134,2.0028157234191895,1.948012888431549,1.6825966835021973,2.4746845960617065,2.845545768737793,1.4221651554107666
1.8672003746032715,2.010522413253784,2.0082014083862303,1.9711835384368896,1.930642157793045,1.703914761543274,2.4842530488967896,2.892219305038452,1.3974026441574097,2.010522413253784,1.9918203353881836,1.9413819313049316,1.6895337104797363,2.4793074131011963,2.8662614822387695,1.4126431941986084
1.863264216317071,0,2.0082014083862303,1.9711835384368896,1.930642157793045,1.703914761543274,2.4842530488967896,2.892219305038452,1.3974026441574097,2.010522413253784,1.9918203353881836,1.9413819313049316,1.6895337104797363,2.4793074131011963,2.8662614822387695,1.4126431941986084
1.8789069122738309,2.0067338228225706,2.0067338228225706,1.9644383192062378,1.9257336854934692,1.7143137454986572,2.489037275314331,2.918330192565918,1.3768424987792969,2.0067338228225706,1.9644383192062378,1.9257336854934692,1.7143137454986572,2.489037275314331,2.918330192565918,1.3768424987792969
1.8724819554222956,0,2.0067338228225706,1.9644383192062378,1.9257336854934692,1.7143137454986572,2.489037275314331,2.918330192565918,1.3768424987792969,2.0067338228225706,1.9644383192062378,1.9257336854934692,1.7143137454986572,2.489037275314331,2.918330192565918,1.3768424987792969
1.8860841857062445,2.0078409910202026,2.0067338228225706,1.9644383192062378,1.9257336854934692,1.7143137454986572,2.489037275314331,2.918330192565918,1.3768424987792969,2.0078409910202026,1.9692997932434082,1.9281867742538452,1.7086806297302246,2.4873639345169067,2.9092609882354736,1.386496663093567
1.931239989068773,0,2.0067338228225706,1.9644383192062378,1.9257336854934692,1.7143137454986572,2.489037275314331,2.918330192565918,1.3768424987792969,2.0078409910202026,1.9692997932434082,1.9281867742538452,1.7086806297302246,2.4873639345169067,2.9092609882354736,1.386496663093567
1.910809384451972,2.0084432125091554,2.0067338228225706,1.9644383192062378,1.9257336854934692,1.7143137454986572,2.489037275314331,2.918330192565918,1.3768424987792969,2.0084432125091554,1.9250001907348633,1.9043140411376953,1.7463457584381104,2.5069485902786255,2.9929871559143066,1.3569729328155518
1.8976312478383381,0,2.0067338228225706,1.9644383192062378,1.9257336854934692,1.7143137454986572,2.489037275314331,2.918330192565918,1.3768424987792969,2.0084432125091554,1.9250001907348633,1.9043140411376953,1.7463457584381104,2.5069485902786255,2.9929871559143066,1.3569729328155518
1.8736557298236423,2.0107268333435058,2.0067338228225706,1.9644383192062378,1.9257336854934692,1.7143137454986572,2.489037275314331,2.918330192565918,1.3768424987792969,2.0107268333435058,1.954355239868164,1.9194923639297485,1.72796630859375,2.49694561958313,2.9525985717773438,1.3774213790893555
1.8902615308761597,0,2.0067338228225706,1.9644383192062378,1.9257336854934692,1.7143137454986572,2.489037275314331,2.918330192565918,1.3768424987792969,2.0107268333435058,1.954355239868164,1.9194923639297485,1.72796630859375,2.49694561958313,2.9525985717773438,1.3774213790893555
1.8847222460640802,2.0107106924057008,2.0067338228225706,1.9644383192062378,1.9257336854934692,1.7143137454986572,2.489037275314331,2.918330192565918,1.3768424987792969,2.0107106924057008,1.9689760208129883,1.9274425208568573,1.7182034254074097,2.4917054176330566,2.9297962188720703,1.3829631805419922
1.8647827704747517,0,2.0067338228225706,1.9644383192062378,1.9257336854934692,1.7143137454986572,2.489037275314331,2.918330192565918,1.3768424987792969,2.0107106924057008,1.9689760208129883,1.9274425208568573,1.7182034254074097,2.4917054176330566,2.9297962188720703,1.3829631805419922
1.8758204115761652,2.01438627243042,2.0067338228225706,1.9644383192062378,1.9257336854934692,1.7143137454986572,2.489037275314331,2.918330192565918,1.3768424987792969,2.01438627243042,1.9976482391357422,1.9442986845970154,1.6914732456207275,2.4806149005889893,2.870804786682129,1.4215800762176514
1.9040618340174358,0,2.0067338228225706,1.9644383192062378,1.9257336854934692,1.7143137454986572,2.489037275314331,2.918330192565918,1.3768424987792969,2.01438627243042,1.9976482391357422,1.9442986845970154,1.6914732456207275,2.4806149005889893,2.870804786682129,1.4215800762176514
1.956941392686632,2.0110220909118652,2.0067338228225706,1.9644383192062378,1.9257336854934692,1.7143137454986572,2.489037275314331,2.918330192565918,1.3768424987792969,2.0110220909118652,1.8914222717285156,1.889522671699524,1.7794499397277832,2.5273358821868896,3.058875560760498,1.329566478729248
1.9327879746754963,0,2.0067338228225706,1.9644383192062378,1.9257336854934692,1.7143137454986572,2.489037275314331,2.918330192565918,1.3768424987792969,2.0110220909118652,1.8914222717285156,1.889522671699524,1.7794499397277832,2.5273358821868896,3.058875560760498,1.329566478729248
1.8881856732898288,2.02644419670105,2.0067338228225706,1.9644383192062378,1.9257336854934692,1.7143137454986572,2.489037275314331,2.918330192565918,1.3768424987792969,2.02644419670105,1.973505973815918,1.933101773262024,1.7547945976257324,2.508645534515381,2.9866905212402344,1.386629343032837
1.8907460239198473,0,2.0067338228225706,1.9644383192062378,1.9257336854934692,1.7143137454986572,2.489037275314331,2.918330192565918,1.3768424987792969,2.02644419670105,1.973505973815918,1.933101773262024,1.7547945976257324,2.508645534515381,2.9866905212402344,1.386629343032837
1.8834411303202312,2.0117318868637084,2.0067338228225706,1.9644383192062378,1.9257336854934692,1.7143137454986572,2.489037275314331,2.918330192565918,1.3768424987792969,2.0117318868637084,1.9969638586044312,1.9427703022956848,1.6915230751037598,2.4801604747772217,2.874690532684326,1.4098515510559082
1.8703222274780273,0,2.0067338228225706,1.9644383192062378,1.9257336854934692,1.7143137454986572,2.489037275314331,2.918330192565918,1.3768424987792969,2.0117318868637084,1.9969638586044312,1.9427703022956848,1.6915230751037598,2.4801604747772217,2.874690532684326,1.4098515510559082
1.877003338601854,2.0103190898895265,2.0067338228225706,1.9644383192062378,1.9257336854934692,1.7143137454986572,2.489037275314331,2.918330192565918,1.3768424987792969,2.0103190898895265,1.9622148275375366,1.9225641191005707,1.7256094217300415,2.4947088956832886,2.949200391769409,1.3743534088134766
1.8828787803649902,0,2.0067338228225706,1.9644383192062378,1.9257336854934692,1.7143137454986572,2.489037275314331,2.918330192565918,1.3768424987792969,2.0103190898895265,1.9622148275375366,1.9225641191005707,1.7256094217300415,2.4947088956832886,2.949200391769409,1.3743534088134766
1.9110588100221422,2.020427680015564,2.0067338228225706,1.9644383192062378,1.9257336854934692,1.7143137454986572,2.489037275314331,2.918330192565918,1.3768424987792969,2.020427680015564,2.0453567504882812,1.977636456489563,1.670116901397705,2.464261531829834,2.7788076400756836,1.4581416845321655
1.8757223553127713,0,2.0067338228225706,1.9644383192062378,1.9257336854934692,1.7143137454986572,2.489037275314331,2.918330192565918,1.3768424987792969,2.020427680015564,2.0453567504882812,1.977636456489563,1.670116901397705,2.464261531829834,2.7788076400756836,1.4581416845321655
1.8816719849904378,2.0084731578826904,2.0067338228225706,1.9644383192062378,1.9257336854934692,1.7143137454986572,2.489037275314331,2.918330192565918,1.3768424987792969,2.0084731578826904,1.9883832931518555,1.9392331838607788,1.6966743469238281,2.4789146184921265,2.8743374347686768,1.3994789123535156
1.8699578709072537,0,2.0067338228225706,1.9644383192062378,1.9257336854934692,1.7143137454986572,2.489037275314331,2.918330192565918,1.3768424987792969,2.0084731578826904,1.9883832931518555,1.9392331838607788,1.6966743469238281,2.4789146184921265,2.8743374347686768,1.3994789123535156
1.8529399103588529,2.008599543571472,2.0067338228225706,1.9644383192062378,1.9257336854934692,1.7143137454986572,2.489037275314331,2.918330192565918,1.3768424987792969,2.008599543571472,1.9738696813583374,1.9292576313018799,1.703141689300537,2.485119581222534,2.9040896892547607,1.395747184753418
1.8923177454206679,0,2.0067338228225706,1.9644383192062378,1.9257336854934692,1.7143137454986572,2.489037275314331,2.918330192565918,1.3768424987792969,2.008599543571472,1.9738696813583374,1.9292576313018799,1.703141689300537,2.485119581222534,2.9040896892547607,1.395747184753418
1.8720716502931383,2.0104178905487062,2.0067338228225706,1.9644383192062378,1.9257336854934692,1.7143137454986572,2.489037275314331,2.918330192565918,1.3768424987792969,2.0104178905487062,1.994367003440857,1.9413175880908966,1.6928285360336304,2.479081869125366,2.8744559288024902,1.4067301750183105
1.8848335478040907,0,2.0067338228225706,1.9644383192062378,1.9257336854934692,1.7143137454986572,2.489037275314331,2.918330192565918,1.3768424987792969,2.0104178905487062,1.994367003440857,1.9413175880908966,1.6928285360336304,2.479081869125366,2.8744559288024902,1.4067301750183105
1.9111258851157293,2.0169763565063477,2.0067338228225706,1.9644383192062378,1.9257336854934692,1.7143137454986572,2.489037275314331,2.918330192565918,1.3768424987792969,2.0169763565063477,2.0402450561523438,1.9731646180152893,1.6718573570251465,2.462668538093567,2.7850260734558105,1.4474422931671143
1.8640239636103313,0,2.0067338228225706,1.9644383192062378,1.9257336854934692,1.7143137454986572,2.489037275314331,2.918330192565918,1.3768424987792969,2.0169763565063477,2.0402450561523438,1.9731646180152893,1.6718573570251465,2.462668538093567,2.7850260734558105,1.4474422931671143
1.8553303215238783,2.012626600265503,2.0067338228225706,1.9644383192062378,1.9257336854934692,1.7143137454986572,2.489037275314331,2.918330192565918,1.3768424987792969,2.012626600265503,2.0057129859924316,1.952587068080902,1.695338249206543,2.475340485572815,2.8470969200134277,1.4114007949829102
1.8552299075656467,0,2.0067338228225706,1.9644383192062378,1.9257336854934692,1.7143137454986572,2.489037275314331,2.918330192565918,1.3768424987792969,2.012626600265503,2.0057129859924316,1.952587068080902,1.695338249206543,2.475340485572815,2.8470969200134277,1.4114007949829102
1.8621129724714491,2.0087475776672363,2.0067338228225706,1.9644383192062378,1.9257336854934692,1.7143137454986572,2.489037275314331,2.918330192565918,1.3768424987792969,2.0087475776672363,1.9904451370239258,1.9390681385993958,1.6954905986785889,2.479353427886963,2.878815174102783,1.3990952968597412
1.8989120986726549,0,2.0067338228225706,1.9644383192062378,1.9257336854934692,1.7143137454986572,2.489037275314331,2.918330192565918,1.3768424987792969,2.0087475776672363,1.9904451370239258,1.9390681385993958,1.6954905986785889,2.479353427886963,2.878815174102783,1.3990952968597412
1.8628845082388983,2.0077488899230955,2.0067338228225706,1.9644383192062378,1.9257336854934692,1.7143137454986572,2.489037275314331,2.918330192565918,1.3768424987792969,2.0077488899230955,1.9852948188781738,1.9374157190322876,1.69740629196167,2.478383779525757,2.875100612640381,1.399275779724121
1.871409085061815,0,2.0067338228225706,1.9644383192062378,1.9257336854934692,1.7143137454986572,2.489037275314331,2.918330192565918,1.3768424987792969,2.0077488899230955,1.9852948188781738,1.9374157190322876,1.69740629196167,2.478383779525757,2.875100612640381,1.399275779724121
1.864932656288147,2.006006622314453,2.006006622314453,1.9491596221923828,1.9168040752410889,1.7199020385742188,2.4919252395629883,2.9348554611206055,1.3771209716796875,2.006006622314453,1.9491596221923828,1.9168040752410889,1.7199020385742188,2.4919252395629883,2.9348554611206055,1.3771209716796875
1.8601490656534831,0,2.006006622314453,1.9491596221923828,1.9168040752410889,1.7199020385742188,2.4919252395629883,2.9348554611206055,1.3771209716796875,2.006006622314453,1.9491596221923828,1.9168040752410889,1.7199020385742188,2.4919252395629883,2.9348554611206055,1.3771209716796875
1.8564010328716702,2.0099495887756347,2.006006622314453,1.9491596221923828,1.9168040752410889,1.7199020385742188,2.4919252395629883,2.9348554611206055,1.3771209716796875,2.0099495887756347,1.9956080913543701,1.9423505365848541,1.6901911497116089,2.4771991968154907,2.866403579711914,1.4095503091812134
1.8866865502463446,0,2.006006622314453,1.9491596221923828,1.9168040752410889,1.7199020385742188,2.4919252395629883,2.9348554611206055,1.3771209716796875,2.0099495887756347,1.9956080913543701,1.9423505365848541,1.6901911497116089,2.4771991968154907,2.866403579711914,1.4095503091812134
1.8994416925642226,2.005941915512085,2.005941915512085,1.9553683996200562,1.9214390814304352,1.7219587564468384,2.4914839267730713,2.9299070835113525,1.3694145679473877,2.005941915512085,1.9553683996200562,1.9214390814304352,1.7219587564468384,2.4914839267730713,2.9299070835113525,1.3694145679473877
1.8543216519885592,0,2.005941915512085,1.9553683996200562,1.9214390814304352,1.7219587564468384,2.4914839267730713,2.9299070835113525,1.3694145679473877,2.005941915512085,1.9553683996200562,1.9214390814304352,1.7219587564468384,2.4914839267730713,2.9299070835113525,1.3694145679473877
1.8722369141048856,2.0110352277755736,2.005941915512085,1.9553683996200562,1.9214390814304352,1.7219587564468384,2.4914839267730713,2.9299070835113525,1.3694145679473877,2.0110352277755736,1.9746102094650269,1.9304811358451843,1.710890293121338,2.4877105951309204,2.913607358932495,1.394254446029663
1.8641861014895968,0,2.005941915512085,1.9553683996200562,1.9214390814304352,1.7219587564468384,2.4914839267730713,2.9299070835113525,1.3694145679473877,2.0110352277755736,1.9746102094650269,1.9304811358451843,1.710890293121338,2.4877105951309204,2.913607358932495,1.394254446029663
1.8674265013800726,2.010430431365967,2.005941915512085,1.9553683996200562,1.9214390814304352,1.7219587564468384,2.4914839267730713,2.9299070835113525,1.3694145679473877,2.010430431365967,2.0019383430480957,1.946557343006134,1.6826469898223877,2.4732894897460938,2.8468732833862305,1.420987844467163
1.9015500413046942,0,2.005941915512085,1.9553683996200562,1.9214390814304352,1.7219587564468384,2.4914839267730713,2.9299070835113525,1.3694145679473877,2.010430431365967,2.0019383430480957,1.946557343006134,1.6826469898223877,2.4732894897460938,2.8468732833862305,1.420987844467163
1.8657666709687974,2.0136749505996705,2.005941915512085,1.9553683996200562,1.9214390814304352,1.7219587564468384,2.4914839267730713,2.9299070835113525,1.3694145679473877,2.0136749505996705,2.014557123184204,1.9583600759506226,1.6838922500610352,2.4680705070495605,2.815707206726074,1.4337843656539917
1.8643618822097778,0,2.005941915512085,1.9553683996200562,1.9214390814304352,1.7219587564468384,2.4914839267730713,2.9299070835113525,1.3694145679473877,2.0136749505996705,2.014557123184204,1.9583600759506226,1.6838922500610352,2.4680705070495605,2.815707206726074,1.4337843656539917
1.8567227390077379,2.0103776931762694,2.005941915512085,1.9553683996200562,1.9214390814304352,1.7219587564468384,2.4914839267730713,2.9299070835113525,1.3694145679473877,2.0103776931762694,2.0038020610809326,1.9498773515224457,1.6831694841384888,2.470430016517639,2.8321242332458496,1.424056887626648
1.8876430326037936,0,2.005941915512085,1.9553683996200562,1.9214390814304352,1.7219587564468384,2.4914839267730713,2.9299070835113525,1.3694145679473877,2.0103776931762694,2.0038020610809326,1.9498773515224457,1.6831694841384888,2.470430016517639,2.8321242332458496,1.424056887626648
1.8874116871092055,2.0105921268463134,2.005941915512085,1.9553683996200562,1.9214390814304352,1.7219587564468384,2.4914839267730713,2.9299070835113525,1.3694145679473877,2.0105921268463134,2.007225275039673,1.950932502746582,1.6776397228240967,2.4693305492401123,2.827021360397339,1.4294345378875732
1.9000676208072238,0,2.005941915512085,1.9553683996200562,1.9214390814304352,1.7219587564468384,2.4914839267730713,2.9299070835113525,1.3694145679473877,2.0105921268463134,2.007225275039673,1.950932502746582,1.6776397228240967,2.4693305492401123,2.827021360397339,1.4294345378875732
1.8673313193851047,2.0059420108795165,2.005941915512085,1.9553683996200562,1.9214390814304352,1.7219587564468384,2.4914839267730713,2.9299070835113525,1.3694145679473877,2.0059420108795165,1.9483355283737183,1.9158916771411896,1.717058539390564,2.491230607032776,2.932624101638794,1.381854772567749
1.8632765611012776,0,2.005941915512085,1.9553683996200562,1.9214390814304352,1.7219587564468384,2.4914839267730713,2.9299070835113525,1.3694145679473877,2.0059420108795165,1.9483355283737183,1.9158916771411896,1.717058539390564,2.491230607032776,2.932624101638794,1.381854772567749
1.8552033636305068,2.0131275415420533,2.005941915512085,1.9553683996200562,1.9214390814304352,1.7219587564468384,2.4914839267730713,2.9299070835113525,1.3694145679473877,2.0131275415420533,1.9980425834655762,1.9456824958324432,1.685219645500183,2.476063370704651,2.8507015705108643,1.430248737335205
1.8668964041603937,0,2.005941915512085,1.9553683996200562,1.9214390814304352,1.7219587564468384,2.4914839267730713,2.9299070835113525,1.3694145679473877,2.0131275415420533,1.9980425834655762,1.9456824958324432,1.685219645500183,2.476063370704651,2.8507015705108643,1.430248737335205
1.8655451271269057,2.00945463180542,2.005941915512085,1.9553683996200562,1.9214390814304352,1.7219587564468384,2.4914839267730713,2.9299070835113525,1.3694145679473877,2.00945463180542,1.9986510276794434,1.9456474781036377,1.6809768676757812,2.4720699787139893,2.8398289680480957,1.4235053062438965
1.870386732949151,0,2.005941915512085,1.9553683996200562,1.9214390814304352,1.7219587564468384,2.4914839267730713,2.9299070835113525,1.3694145679473877,2.00945463180542,1.9986510276794434,1.9456474781036377,1.6809768676757812,2.4720699787139893,2.8398289680480957,1.4235053062438965
1.841799987687005,2.0086520671844483,2.005941915512085,1.9553683996200562,1.9214390814304352,1.7219587564468384,2.4914839267730713,2.9299070835113525,1.3694145679473877,2.0086520671844483,1.9717659950256348,1.9290091395378113,1.7012393474578857,2.483884572982788,2.8965039253234863,1.4024858474731445
1.8788719044791327,0,2.005941915512085,1.9553683996200562,1.9214390814304352,1.7219587564468384,2.4914839267730713,2.9299070835113525,1.3694145679473877,2.0086520671844483,1.9717659950256348,1.9290091395378113,1.7012393474578857,2.483884572982788,2.8965039253234863,1.4024858474731445
1.8733284605873957,2.009359359741211,2.005941915512085,1.9553683996200562,1.9214390814304352,1.7219587564468384,2.4914839267730713,2.9299070835113525,1.3694145679473877,2.009359359741211,1.9982163906097412,1.945831537246704,1.682612657546997,2.4721041917800903,2.8399276733398438,1.4217593669891357
1.8607996437284682,0,2.005941915512085,1.9553683996200562,1.9214390814304352,1.7219587564468384,2.4914839267730713,2.9299070835113525,1.3694145679473877,2.009359359741211,1.9982163906097412,1.945831537246704,1.682612657546997,2.4721041917800903,2.8399276733398438,1.4217593669891357
1.8566142453087702,2.00847532749176,2.005941915512085,1.9553683996200562,1.9214390814304352,1.7219587564468384,2.4914839267730713,2.9299070835113525,1.3694145679473877,2.00847532749176,1.992991328239441,1.9422095715999603,1.6871739625930786,2.4748055934906006,2.8539295196533203,1.4126001596450806
1.8674158917533026,0,2.005941915512085,1.9553683996200562,1.9214390814304352,1.7219587564468384,2.4914839267730713,2.9299070835113525,1.3694145679473877,2.00847532749176,1.992991328239441,1.9422095715999603,1.6871739625930786,2.4748055934906006,2.8539295196533203,1.4126001596450806
1.8463735977808635,2.0111493349075316,2.005941915512085,1.9553683996200562,1.9214390814304352,1.7219587564468384,2.4914839267730713,2.9299070835113525,1.3694145679473877,2.0111493349075316,1.9828681945800781,1.9356991648674011,1.6999094486236572,2.482977867126465,2.8888049125671387,1.4070132970809937
1.889117916425069,0,2.005941915512085,1.9553683996200562,1.9214390814304352,1.7219587564468384,2.4914839267730713,2.9299070835113525,1.3694145679473877,2.0111493349075316,1.9828681945800781,1.9356991648674011,1.6999094486236572,2.482977867126465,2.8888049125671387,1.4070132970809937
1.877609093983968,2.011438226699829,2.005941915512085,1.9553683996200562,1.9214390814304352,1.7219587564468384,2.4914839267730713,2.9299070835113525,1.3694145679473877,2.011438226699829,1.9776532649993896,1.9327594935894012,1.7034860849380493,2.48447048664093,2.896695613861084,1.4071108102798462
1.8757210969924927,0,2.005941915512085,1.9553683996200562,1.9214390814304352,1.7219587564468384,2.4914839267730713,2.9299070835113525,1.3694145679473877,2.011438226699829,1.9776532649993896,1.9327594935894012,1.7034860849380493,2.48447048664093,2.896695613861084,1.4071108102798462
1.8648680713441637,2.0075090885162354,2.005941915512085,1.9553683996200562,1.9214390814304352,1.7219587564468384,2.4914839267730713,2.9299070835113525,1.3694145679473877,2.0075090885162354,1.9599370956420898,1.9222320914268494,1.7140672206878662,2.4889910221099854,2.922995090484619,1.38555908203125
1.8729708327187433,0,2.005941915512085,1.9553683996200562,1.9214390814304352,1.7219587564468384,2.4914839267730713,2.9299070835113525,1.3694145679473877,2.0075090885162354,1.9599370956420898,1.9222320914268494,1.7140672206878662,2.4889910221099854,2.922995090484619,1.38555908203125
1.8870875967873468,2.01510112285614,2.005941915512085,1.9553683996200562,1.9214390814304352,1.7219587564468384,2.4914839267730713,2.9299070835113525,1.3694145679473877,2.01510112285614,2.0287675857543945,1.966634213924408,1.6707735061645508,2.4634190797805786,2.7886099815368652,1.4491263628005981
1.878498249583774,0,2.005941915512085,1.9553683996200562,1.9214390814304352,1.7219587564468384,2.4914839267730713,2.9299070835113525,1.3694145679473877,2.01510112285614,2.0287675857543945,1.966634213924408,1.6707735061645508,2.4634190797805786,2.7886099815368652,1.4491263628005981
1.861017836464776,2.0117409229278564,2.005941915512085,1.9553683996200562,1.9214390814304352,1.7219587564468384,2.4914839267730713,2.9299070835113525,1.3694145679473877,2.0117409229278564,1.9996116161346436,1.9499943852424622,1.6917824745178223,2.473037362098694,2.8371028900146484,1.4212357997894287
1.8641094234254625,0,2.005941915512085,1.9553683996200562,1.9214390814304352,1.7219587564468384,2.4914839267730713,2.9299070835113525,1.3694145679473877,2.0117409229278564,1.9996116161346436,1.9499943852424622,1.6917824745178223,2.473037362098694,2.8371028900146484,1.4212357997894287
1.8662186596128676,2.0141762018203737,2.005941915512085,1.9553683996200562,1.9214390814304352,1.7219587564468384,2.4914839267730713,2.9299070835113525,1.3694145679473877,2.0141762018203737,1.9992426633834839,1.9469269812107086,1.6867746114730835,2.476488947868347,2.850529909133911,1.431885838508606
1.8451820744408503,0,2.005941915512085,1.9553683996200562,1.9214390814304352,1.7219587564468384,2.4914839267730713,2.9299070835113525,1.3694145679473877,2.0141762018203737,1.9992426633834839,1.9469269812107086,1.6867746114730835,2.476488947868347,2.850529909133911,1.431885838508606
1.868549519115024,2.0070092916488647,2.005941915512085,1.9553683996200562,1.9214390814304352,1.7219587564468384,2.4914839267730713,2.9299070835113525,1.3694145679473877,2.0070092916488647,1.9664380550384521,1.9288707375526428,1.7084271907806396,2.4842449426651,2.894310235977173,1.3916913270950317
1.8738203975889418,0,2.005941915512085,1.9553683996200562,1.9214390814304352,1.7219587564468384,2.4914839267730713,2.9299070835113525,1.3694145679473877,2.0070092916488647,1.9664380550384521,1.9288707375526428,1.7084271907806396,2.4842449426651,2.894310235977173,1.3916913270950317
1.8513981368806627,2.0187468767166137,2.005941915512085,1.9553683996200562,1.9214390814304352,1.7219587564468384,2.4914839267730713,2.9299070835113525,1.3694145679473877,2.0187468767166137,2.0417747497558594,1.9771620631217957,1.6679718494415283,2.4604427814483643,2.763758659362793,1.4631022214889526
1.8564671410454645,0,2.005941915512085,1.9553683996200562,1.9214390814304352,1.7219587564468384,2.4914839267730713,2.9299070835113525,1.3694145679473877,2.0187468767166137,2.0417747497558594,1.9771620631217957,1.6679718494415283,2.4604427814483643,2.763758659362793,1.4631022214889526
1.8758258024851482,2.0121100187301635,2.005941915512085,1.9553683996200562,1.9214390814304352,1.7219587564468384,2.4914839267730713,2.9299070835113525,1.3694145679473877,2.0121100187301635,2.014442205429077,1.957715630531311,1.6785345077514648,2.467170000076294,2.810896396636963,1.433233380317688
1.8418024116092258,0,2.005941915512085,1.9553683996200562,1.9214390814304352,1.7219587564468384,2.4914839267730713,2.9299070835113525,1.3694145679473877,2.0121100187301635,2.014442205429077,1.957715630531311,1.6785345077514648,2.467170000076294,2.810896396636963,1.433233380317688
1.871483286221822,2.00680673122406,2.005941915512085,1.9553683996200562,1.9214390814304352,1.7219587564468384,2.4914839267730713,2.9299070835113525,1.3694145679473877,2.00680673122406,1.9764297008514404,1.9334335625171661,1.698682188987732,2.480148196220398,2.878103733062744,1.398625373840332
1.9034225808249579,0,2.005941915512085,1.9553683996200562,1.9214390814304352,1.7219587564468384,2.4914839267730713,2.9299070835113525,1.3694145679473877,2.00680673122406,1.9764297008514404,1.9334335625171661,1.698682188987732,2.480148196220398,2.878103733062744,1.398625373840332
1.8586868709988065,2.010484552383423,2.005941915512085,1.9553683996200562,1.9214390814304352,1.7219587564468384,2.4914839267730713,2.9299070835113525,1.3694145679473877,2.010484552383423,1.9615825414657593,1.9239116311073303,1.7161750793457031,2.490966796875,2.9256272315979004,1.3927315473556519
1.8713225391176012,0,2.005941915512085,1.9553683996200562,1.9214390814304352,1.7219587564468384,2.4914839267730713,2.9299070835113525,1.3694145679473877,2.010484552383423,1.9615825414657593,1.9239116311073303,1.7161750793457031,2.490966796875,2.9256272315979004,1.3927315473556519
1.8629641797807481,2.007733964920044,2.005941915512085,1.9553683996200562,1.9214390814304352,1.7219587564468384,2.4914839267730713,2.9299070835113525,1.3694145679473877,2.007733964920044,1.9756444692611694,1.9316029250621796,1.6974250078201294,2.4814549684524536,2.8852121829986572,1.4026904106140137
1.850079443719652,0,2.005941915512085,1.9553683996200562,1.9214390814304352,1.7219587564468384,2.4914839267730713,2.9299070835113525,1.3694145679473877,2.007733964920044,1.9756444692611694,1.9316029250621796,1.6974250078201294,2.4814549684524536,2.8852121829986572,1.4026904106140137
1.8609850406646729,2.0064313650131225,2.005941915512085,1.9553683996200562,1.9214390814304352,1.7219587564468384,2.4914839267730713,2.9299070835113525,1.3694145679473877,2.0064313650131225,1.9666612148284912,1.9266551434993744,1.7021507024765015,2.4834651947021484,2.895782947540283,1.3964145183563232
1.8658178514904447,0,2.005941915512085,1.9553683996200562,1.9214390814304352,1.7219587564468384,2.4914839267730713,2.9299070835113525,1.3694145679473877,2.0064313650131225,1.9666612148284912,1.9266551434993744,1.7021507024765015,2.4834651947021484,2.895782947540283,1.3964145183563232
1.852157089445326,2.009155511856079,2.005941915512085,1.9553683996200562,1.9214390814304352,1.7219587564468384,2.4914839267730713,2.9299070835113525,1.3694145679473877,2.009155511856079,1.981933355331421,1.935180127620697,1.694016695022583,2.4802807569503784,2.8777244091033936,1.4092659950256348
1.8627861738204956,0,2.005941915512085,1.9553683996200562,1.9214390814304352,1.7219587564468384,2.4914839267730713,2.9299070835113525,1.3694145679473877,2.009155511856079,1.981933355331421,1.935180127620697,1.694016695022583,2.4802807569503784,2.8777244091033936,1.4092659950256348
1.852167460653517,2.0085172414779664,2.005941915512085,1.9553683996200562,1.9214390814304352,1.7219587564468384,2.4914839267730713,2.9299070835113525,1.3694145679473877,2.0085172414779664,1.9704526662826538,1.9287365674972534,1.701047658920288,2.483975887298584,2.89495849609375,1.4031341075897217
1.8733113076951768,0,2.005941915512085,1.9553683996200562,1.9214390814304352,1.7219587564468384,2.4914839267730713,2.9299070835113525,1.3694145679473877,2.0085172414779664,1.9704526662826538,1.9287365674972534,1.701047658920288,2.483975887298584,2.89495849609375,1.4031341075897217
1.8582659827338324,2.0098478317260744,2.005941915512085,1.9553683996200562,1.9214390814304352,1.7219587564468384,2.4914839267730713,2.9299070835113525,1.3694145679473877,2.0098478317260744,1.9980103969573975,1.947573959827423,1.6868922710418701,2.472696542739868,2.838010311126709,1.4189434051513672
1.8664925495783489,0,2.005941915512085,1.9553683996200562,1.9214390814304352,1.7219587564468384,2.4914839267730713,2.9299070835113525,1.3694145679473877,2.0098478317260744,1.9980103969573975,1.947573959827423,1.6868922710418701,2.472696542739868,2.838010311126709,1.4189434051513672
1.8490144941541884,2.0072476148605345,2.005941915512085,1.9553683996200562,1.9214390814304352,1.7219587564468384,2.4914839267730713,2.9299070835113525,1.3694145679473877,2.0072476148605345,1.9714387655258179,1.9293378591537476,1.6998040676116943,2.482671022415161,2.890672206878662,1.3996531963348389
1.8538344966040716,0,2.005941915512085,1.9553683996200562,1.9214390814304352,1.7219587564468384,2.4914839267730713,2.9299070835113525,1.3694145679473877,2.0072476148605345,1.9714387655258179,1.9293378591537476,1.6998040676116943,2.482671022415161,2.890672206878662,1.3996531963348389
1.8648822969860501,2.0079014778137205,2.005941915512085,1.9553683996200562,1.9214390814304352,1.7219587564468384,2.4914839267730713,2.9299070835113525,1.3694145679473877,2.0079014778137205,1.984703779220581,1.937483012676239,1.6884419918060303,2.47640323638916,2.8607239723205566,1.4135551452636719
1.856129977438185,0,2.005941915512085,1.9553683996200562,1.9214390814304352,1.7219587564468384,2.4914839267730713,2.9299070835113525,1.3694145679473877,2.0079014778137205,1.984703779220581,1.937483012676239,1.6884419918060303,2.47640323638916,2.8607239723205566,1.4135551452636719
1.8669387102127075,2.006065607070923,2.005941915512085,1.9553683996200562,1.9214390814304352,1.7219587564468384,2.4914839267730713,2.9299070835113525,1.3694145679473877,2.006065607070923,1.9515756368637085,1.918145328760147,1.7167142629623413,2.490573763847351,2.928431749343872,1.3808906078338623
1.8692864312065973,0,2.005941915512085,1.9553683996200562,1.9214390814304352,1.7219587564468384,2.4914839267730713,2.9299070835113525,1.3694145679473877,2.006065607070923,1.9515756368637085,1.918145328760147,1.7167142629623413,2.490573763847351,2.928431749343872,1.3808906078338623
1.8802530368169148,2.0124955654144285,2.005941915512085,1.9553683996200562,1.9214390814304352,1.7219587564468384,2.4914839267730713,2.9299070835113525,1.3694145679473877,2.0124955654144285,2.0041866302490234,1.950080007314682,1.679857611656189,2.4726145267486572,2.8331398963928223,1.4332045316696167
1.8574042055341933,0,2.005941915512085,1.9553683996200562,1.9214390814304352,1.7219587564468384,2.4914839267730713,2.9299070835113525,1.3694145679473877,2.0124955654144285,2.0041866302490234,1.950080007314682,1.679857611656189,2.4726145267486572,2.8331398963928223,1.4332045316696167
1.8675797912809584,2.005215573310852,2.005215573310852,1.9476741552352905,1.9170998930931091,1.7173876762390137,2.4905983209609985,2.9255330562591553,1.379819393157959,2.005215573310852,1.9476741552352905,1.9170998930931091,1.7173876762390137,2.4905983209609985,2.9255330562591553,1.379819393157959
1.8492171102099948,0,2.005215573310852,1.9476741552352905,1.9170998930931091,1.7173876762390137,2.4905983209609985,2.9255330562591553,1.379819393157959,2.005215573310852,1.9476741552352905,1.9170998930931091,1.7173876762390137,2.4905983209609985,2.9255330562591553,1.379819393157959
1.8482825226253934,2.009818434715271,2.005215573310852,1.9476741552352905,1.9170998930931091,1.7173876762390137,2.4905983209609985,2.9255330562591553,1.379819393157959,2.009818434715271,1.9991910457611084,1.9462976455688477,1.6803879737854004,2.4724987745285034,2.8385770320892334,1.4245156049728394
1.8390971687104967,0,2.005215573310852,1.9476741552352905,1.9170998930931091,1.7173876762390137,2.4905983209609985,2.9255330562591553,1.379819393157959,2.009818434715271,1.9991910457611084,1.9462976455688477,1.6803879737854004,2.4724987745285034,2.8385770320892334,1.4245156049728394
1.8463157680299547,2.008233094215393,2.005215573310852,1.9476741552352905,1.9170998930931091,1.7173876762390137,2.4905983209609985,2.9255330562591553,1.379819393157959,2.008233094215393,1.9889934062957764,1.9405036866664886,1.6859053373336792,2.4744515419006348,2.850780487060547,1.4173636436462402
1.865534954600864,0,2.005215573310852,1.9476741552352905,1.9170998930931091,1.7173876762390137,2.4905983209609985,2.9255330562591553,1.379819393157959,2.008233094215393,1.9889934062957764,1.9405036866664886,1.6859053373336792,2.4744515419006348,2.850780487060547,1.4173636436462402
1.83953677283393,2.0084434032440184,2.005215573310852,1.9476741552352905,1.9170998930931091,1.7173876762390137,2.4905983209609985,2.9255330562591553,1.379819393157959,2.0084434032440184,1.9824726581573486,1.9356178641319275,1.6907243728637695,2.478144884109497,2.869488000869751,1.4127302169799805
1.8631308476130168,0,2.005215573310852,1.9476741552352905,1.9170998930931091,1.7173876762390137,2.4905983209609985,2.9255330562591553,1.379819393157959,2.0084434032440184,1.9824726581573486,1.9356178641319275,1.6907243728637695,2.478144884109497,2.869488000869751,1.4127302169799805
1.8485232326719496,2.0113430261611938,2.005215573310852,1.9476741552352905,1.9170998930931091,1.7173876762390137,2.4905983209609985,2.9255330562591553,1.379819393157959,2.0113430261611938,2.0056843757629395,1.9525050222873688,1.6817437410354614,2.468924403190613,2.820941209793091,1.4314382076263428
1.8842875295215182,0,2.005215573310852,1.9476741552352905,1.9170998930931091,1.7173876762390137,2.4905983209609985,2.9255330562591553,1.379819393157959,2.0113430261611938,2.0056843757629395,1.9525050222873688,1.6817437410354614,2.468924403190613,2.820941209793091,1.4314382076263428
1.8677137692769368,2.0074558019638062,2.005215573310852,1.9476741552352905,1.9170998930931091,1.7173876762390137,2.4905983209609985,2.9255330562591553,1.379819393157959,2.0074558019638062,1.946682333946228,1.9151081442832947,1.7237212657928467,2.49426805973053,2.9451894760131836,1.3783392906188965
1.8617402447594538,0,2.005215573310852,1.9476741552352905,1.9170998930931091,1.7173876762390137,2.4905983209609985,2.9255330562591553,1.379819393157959,2.0074558019638062,1.946682333946228,1.9151081442832947,1.7237212657928467,2.49426805973053,2.9451894760131836,1.3783392906188965
1.885413368542989,2.0081454277038575,2.005215573310852,1.9476741552352905,1.9170998930931091,1.7173876762390137,2.4905983209609985,2.9255330562591553,1.379819393157959,2.0081454277038575,1.9617656469345093,1.9235901534557343,1.7105542421340942,2.4880892038345337,2.915903329849243,1.3922288417816162
1.8547765413920085,0,2.005215573310852,1.9476741552352905,1.9170998930931091,1.7173876762390137,2.4905983209609985,2.9255330562591553,1.379819393157959,2.0081454277038575,1.9617656469345093,1.9235901534557343,1.7105542421340942,2.4880892038345337,2.915903329849243,1.3922288417816162
1.8728455040189955,2.008465027809143,2.005215573310852,1.9476741552352905,1.9170998930931091,1.7173876762390137,2.4905983209609985,2.9255330562591553,1.379819393157959,2.008465027809143,1.9733113050460815,1.930305540561676,1.7006011009216309,2.4833403825759888,2.8926823139190674,1.4017319679260254
1.8690305285983615,0,2.005215573310852,1.9476741552352905,1.9170998930931091,1.7173876762390137,2.4905983209609985,2.9255330562591553,1.379819393157959,2.008465027809143,1.9733113050460815,1.930305540561676,1.7006011009216309,2.4833403825759888,2.8926823139190674,1.4017319679260254
1.8733161687850952,2.007444405555725,2.005215573310852,1.9476741552352905,1.9170998930931091,1.7173876762390137,2.4905983209609985,2.9255330562591553,1.379819393157959,2.007444405555725,1.9819090366363525,1.9358039498329163,1.6906788349151611,2.477585554122925,2.866452217102051,1.4094630479812622
1.8509695132573445,0,2.005215573310852,1.9476741552352905,1.9170998930931091,1.7173876762390137,2.4905983209609985,2.9255330562591553,1.379819393157959,2.007444405555725,1.9819090366363525,1.9358039498329163,1.6906788349151611,2.477585554122925,2.866452217102051,1.4094630479812622
1.8658321566051908,2.0074863195419312,2.005215573310852,1.9476741552352905,1.9170998930931091,1.7173876762390137,2.4905983209609985,2.9255330562591553,1.379819393157959,2.0074863195419312,1.9597318172454834,1.9226489067077637,1.709810733795166,2.487981081008911,2.9146409034729004,1.391926884651184
1.8805609279208713,0,2.005215573310852,1.9476741552352905,1.9170998930931091,1.7173876762390137,2.4905983209609985,2.9255330562591553,1.379819393157959,2.0074863195419312,1.9597318172454834,1.9226489067077637,1.709810733795166,2.487981081008911,2.9146409034729004,1.391926884651184
1.839523712793986,2.0081438779830934,2.005215573310852,1.9476741552352905,1.9170998930931091,1.7173876762390137,2.4905983209609985,2.9255330562591553,1.379819393157959,2.0081438779830934,1.986438512802124,1.9382933974266052,1.6870980262756348,2.4761083126068115,2.859018087387085,1.4149662256240845
1.8578849368625217,0,2.005215573310852,1.9476741552352905,1.9170998930931091,1.7173876762390137,2.4905983209609985,2.9255330562591553,1.379819393157959,2.0081438779830934,1.986438512802124,1.9382933974266052,1.6870980262756348,2.4761083126068115,2.859018087387085,1.4149662256240845
1.854593316713969,2.0081491708755492,2.005215573310852,1.9476741552352905,1.9170998930931091,1.7173876762390137,2.4905983209609985,2.9255330562591553,1.379819393157959,2.0081491708755492,1.9897921085357666,1.9413671791553497,1.6877235174179077,2.4744043350219727,2.8506476879119873,1.414421558380127
1.8633276621500652,0,2.005215573310852,1.9476741552352905,1.9170998930931091,1.7173876762390137,2.4905983209609985,2.9255330562591553,1.379819393157959,2.0081491708755492,1.9897921085357666,1.9413671791553497,1.6877235174179077,2.4744043350219727,2.8506476879119873,1.414421558380127
1.8523080746332805,2.0109898805618287,2.005215573310852,1.9476741552352905,1.9170998930931091,1.7173876762390137,2.4905983209609985,2.9255330562591553,1.379819393157959,2.0109898805618287,2.0077738761901855,1.9529987275600433,1.6789010763168335,2.468424677848816,2.819303274154663,1.4314250946044922
1.8513695398966472,0,2.005215573310852,1.9476741552352905,1.9170998930931091,1.7173876762390137,2.4905983209609985,2.9255330562591553,1.379819393157959,2.0109898805618287,2.0077738761901855,1.9529987275600433,1.6789010763168335,2.468424677848816,2.819303274154663,1.4314250946044922
1.8328053288989596,2.0072057485580443,2.005215573310852,1.9476741552352905,1.9170998930931091,1.7173876762390137,2.4905983209609985,2.9255330562591553,1.379819393157959,2.0072057485580443,1.9810686111450195,1.9354249238967896,1.6919751167297363,2.4776451587677,2.8677029609680176,1.407694697380066
1.853098538186815,0,2.005215573310852,1.9476741552352905,1.9170998930931091,1.7173876762390137,2.4905983209609985,2.9255330562591553,1.379819393157959,2.0072057485580443,1.9810686111450195,1.9354249238967896,1.6919751167297363,2.4776451587677,2.8677029609680176,1.407694697380066
1.8598913219239976,2.0092275142669678,2.005215573310852,1.9476741552352905,1.9170998930931091,1.7173876762390137,2.4905983209609985,2.9255330562591553,1.379819393157959,2.0092275142669678,1.9987571239471436,1.9467031955718994,1.6826386451721191,2.471579670906067,2.8364994525909424,1.4215824604034424
1.8665817975997925,0,2.005215573310852,1.9476741552352905,1.9170998930931091,1.7173876762390137,2.4905983209609985,2.9255330562591553,1.379819393157959,2.0092275142669678,1.9987571239471436,1.9467031955718994,1.6826386451721191,2.471579670906067,2.8364994525909424,1.4215824604034424
1.852456874317593,2.008579635620117,2.005215573310852,1.9476741552352905,1.9170998930931091,1.7173876762390137,2.4905983209609985,2.9255330562591553,1.379819393157959,2.008579635620117,1.9854683876037598,1.9376605153083801,1.6877779960632324,2.4772863388061523,2.862645387649536,1.415079116821289
1.8641382720735338,0,2.005215573310852,1.9476741552352905,1.9170998930931091,1.7173876762390137,2.4905983209609985,2.9255330562591553,1.379819393157959,2.008579635620117,1.9854683876037598,1.9376605153083801,1.6877779960632324,2.4772863388061523,2.862645387649536,1.415079116821289
1.8459908697340224,2.0071627378463743,2.005215573310852,1.9476741552352905,1.9170998930931091,1.7173876762390137,2.4905983209609985,2.9255330562591553,1.379819393157959,2.0071627378463743,1.979885458946228,1.9346197247505188,1.69215989112854,2.478335738182068,2.8701233863830566,1.4070968627929688
1.8680368926790025,0,2.005215573310852,1.9476741552352905,1.9170998930931091,1.7173876762390137,2.4905983209609985,2.9255330562591553,1.379819393157959,2.0071627378463743,1.979885458946228,1.9346197247505188,1.69215989112854,2.478335738182068,2.8701233863830566,1.4070968627929688
1.8466626273261175,2.0080532789230348,2.005215573310852,1.9476741552352905,1.9170998930931091,1.7173876762390137,2.4905983209609985,2.9255330562591553,1.379819393157959,2.0080532789230348,1.975319266319275,1.9314663112163544,1.696233868598938,2.4813700914382935,2.8837473392486572,1.4059730768203735
1.8661582072575886,0,2.005215573310852,1.9476741552352905,1.9170998930931091,1.7173876762390137,2.4905983209609985,2.9255330562591553,1.379819393157959,2.0080532789230348,1.975319266319275,1.9314663112163544,1.696233868598938,2.4813700914382935,2.8837473392486572,1.4059730768203735
1.866494960255093,2.0087073802948,2.005215573310852,1.9476741552352905,1.9170998930931091,1.7173876762390137,2.4905983209609985,2.9255330562591553,1.379819393157959,2.0087073802948,1.9919523000717163,1.9420497417449951,1.6832151412963867,2.4740936756134033,2.8471081256866455,1.4201821088790894
1.841966152191162,0,2.005215573310852,1.9476741552352905,1.9170998930931091,1.7173876762390137,2.4905983209609985,2.9255330562591553,1.379819393157959,2.0087073802948,1.9919523000717163,1.9420497417449951,1.6832151412963867,2.4740936756134033,2.8471081256866455,1.4201821088790894
1.8576511674457126,2.0087263107299806,2.005215573310852,1.9476741552352905,1.9170998930931091,1.7173876762390137,2.4905983209609985,2.9255330562591553,1.379819393157959,2.0087263107299806,1.9930262565612793,1.9435140192508698,1.684923768043518,2.4730323553085327,2.842984914779663,1.4196168184280396
1.844244533114963,0,2.005215573310852,1.9476741552352905,1.9170998930931091,1.7173876762390137,2.4905983209609985,2.9255330562591553,1.379819393157959,2.0087263107299806,1.9930262565612793,1.9435140192508698,1.684923768043518,2.4730323553085327,2.842984914779663,1.4196168184280396
1.864061090681288,2.0081382274627684,2.005215573310852,1.9476741552352905,1.9170998930931091,1.7173876762390137,2.4905983209609985,2.9255330562591553,1.379819393157959,2.0081382274627684,1.9810962677001953,1.935112714767456,1.6921072006225586,2.4791399240493774,2.87212872505188,1.409207820892334
1.8499552011489868,0,2.005215573310852,1.9476741552352905,1.9170998930931091,1.7173876762390137,2.4905983209609985,2.9255330562591553,1.379819393157959,2.0081382274627684,1.9810962677001953,1.935112714767456,1.6921072006225586,2.4791399240493774,2.87212872505188,1.409207820892334
1.8618471225102742,2.0073399543762207,2.005215573310852,1.9476741552352905,1.9170998930931091,1.7173876762390137,2.4905983209609985,2.9255330562591553,1.379819393157959,2.0073399543762207,1.967132568359375,1.926985502243042,1.7035834789276123,2.484715223312378,2.89933705329895,1.3965532779693604
1.8638012144300673,0,2.005215573310852,1.9476741552352905,1.9170998930931091,1.7173876762390137,2.4905983209609985,2.9255330562591553,1.379819393157959,2.0073399543762207,1.967132568359375,1.926985502243042,1.7035834789276123,2.484715223312378,2.89933705329895,1.3965532779693604
1.860909276538425,2.0096816301345823,2.005215573310852,1.9476741552352905,1.9170998930931091,1.7173876762390137,2.4905983209609985,2.9255330562591553,1.379819393157959,2.0096816301345823,1.9969791173934937,1.946950912475586,1.6847267150878906,2.4717787504196167,2.8344388008117676,1.423144817352295
1.8856450451744928,0,2.005215573310852,1.9476741552352905,1.9170998930931091,1.7173876762390137,2.4905983209609985,2.9255330562591553,1.379819393157959,2.0096816301345823,1.9969791173934937,1.946950912475586,1.6847267150878906,2.4717787504196167,2.8344388008117676,1.423144817352295
1.8505346245235867,2.0077926874160767,2.005215573310852,1.9476741552352905,1.9170998930931091,1.7173876762390137,2.4905983209609985,2.9255330562591553,1.379819393157959,2.0077926874160767,1.9864929914474487,1.9391030073165894,1.6888768672943115,2.4757415056228638,2.856933832168579,1.4121105670928955
1.854348169432746,0,2.005215573310852,1.9476741552352905,1.9170998930931091,1.7173876762390137,2.4905983209609985,2.9255330562591553,1.379819393157959,2.0077926874160767,1.9864929914474487,1.9391030073165894,1.6888768672943115,2.4757415056228638,2.856933832168579,1.4121105670928955
1.8759879403644137,2.008657193183899,2.005215573310852,1.9476741552352905,1.9170998930931091,1.7173876762390137,2.4905983209609985,2.9255330562591553,1.379819393157959,2.008657193183899,1.9703906774520874,1.928900122642517,1.7039239406585693,2.4851861000061035,2.899477005004883,1.3985991477966309
1.8453657097286649,0,2.005215573310852,1.9476741552352905,1.9170998930931091,1.7173876762390137,2.4905983209609985,2.9255330562591553,1.379819393157959,2.008657193183899,1.9703906774520874,1.928900122642517,1.7039239406585693,2.4851861000061035,2.899477005004883,1.3985991477966309
1.8485310872395833,2.0075775146484376,2.005215573310852,1.9476741552352905,1.9170998930931091,1.7173876762390137,2.4905983209609985,2.9255330562591553,1.379819393157959,2.0075775146484376,1.9847710132598877,1.9377408623695374,1.689851999282837,2.4766252040863037,2.8616809844970703,1.4100141525268555
1.8484923442204793,0,2.005215573310852,1.9476741552352905,1.9170998930931091,1.7173876762390137,2.4905983209609985,2.9255330562591553,1.379819393157959,2.0075775146484376,1.9847710132598877,1.9377408623695374,1.689851999282837,2.4766252040863037,2.8616809844970703,1.4100141525268555
1.8509328100416396,2.0060184478759764,2.005215573310852,1.9476741552352905,1.9170998930931091,1.7173876762390137,2.4905983209609985,2.9255330562591553,1.379819393157959,2.0060184478759764,1.9656341075897217,1.926851361989975,1.7031747102737427,2.483536124229431,2.8941097259521484,1.3942111730575562
1.8458364407221477,0,2.005215573310852,1.9476741552352905,1.9170998930931091,1.7173876762390137,2.4905983209609985,2.9255330562591553,1.379819393157959,2.0060184478759764,1.9656341075897217,1.926851361989975,1.7031747102737427,2.483536124229431,2.8941097259521484,1.3942111730575562
1.8413268989986844,2.0117858409881593,2.005215573310852,1.9476741552352905,1.9170998930931091,1.7173876762390137,2.4905983209609985,2.9255330562591553,1.379819393157959,2.0117858409881593,2.0068368911743164,1.9517226219177246,1.6782646179199219,2.4716602563858032,2.8283684253692627,1.4305071830749512
1.8634651104609172,0,2.005215573310852,1.9476741552352905,1.9170998930931091,1.7173876762390137,2.4905983209609985,2.9255330562591553,1.379819393157959,2.0117858409881593,2.0068368911743164,1.9517226219177246,1.6782646179199219,2.4716602563858032,2.8283684253692627,1.4305071830749512
1.866123530599806,2.006281304359436,2.005215573310852,1.9476741552352905,1.9170998930931091,1.7173876762390137,2.4905983209609985,2.9255330562591553,1.379819393157959,2.006281304359436,1.9705417156219482,1.9294438064098358,1.7006992101669312,2.482206702232361,2.888420820236206,1.395752191543579
1.8570230272081163,0,2.005215573310852,1.9476741552352905,1.9170998930931091,1.7173876762390137,2.4905983209609985,2.9255330562591553,1.379819393157959,2.006281304359436,1.9705417156219482,1.9294438064098358,1.7006992101669312,2.482206702232361,2.888420820236206,1.395752191543579
1.861442658636305,2.007057309150696,2.005215573310852,1.9476741552352905,1.9170998930931091,1.7173876762390137,2.4905983209609985,2.9255330562591553,1.379819393157959,2.007057309150696,1.9809248447418213,1.9355235993862152,1.6926668882369995,2.4778863191604614,2.868194818496704,1.4059221744537354
1.8631098535325792,0,2.005215573310852,1.9476741552352905,1.9170998930931091,1.7173876762390137,2.4905983209609985,2.9255330562591553,1.379819393157959,2.007057309150696,1.9809248447418213,1.9355235993862152,1.6926668882369995,2.4778863191604614,2.868194818496704,1.4059221744537354
1.8467813200420804,2.013039970397949,2.005215573310852,1.9476741552352905,1.9170998930931091,1.7173876762390137,2.4905983209609985,2.9255330562591553,1.379819393157959,2.013039970397949,2.0171802043914795,1.9597151279449463,1.674046277999878,2.4656773805618286,2.800900936126709,1.4426186084747314
1.8561974498960707,0,2.005215573310852,1.9476741552352905,1.9170998930931091,1.7173876762390137,2.4905983209609985,2.9255330562591553,1.379819393157959,2.013039970397949,2.0171802043914795,1.9597151279449463,1.674046277999878,2.4656773805618286,2.800900936126709,1.4426186084747314
1.8590347369511921,2.0085955381393434,2.005215573310852,1.9476741552352905,1.9170998930931091,1.7173876762390137,2.4905983209609985,2.9255330562591553,1.379819393157959,2.0085955381393434,1.9549243450164795,1.920373111963272,1.718218445777893,2.4918516874313354,2.9302780628204346,1.3861315250396729
1.8482200039757624,0,2.005215573310852,1.9476741552352905,1.9170998930931091,1.7173876762390137,2.4905983209609985,2.9255330562591553,1.379819393157959,2.0085955381393434,1.9549243450164795,1.920373111963272,1.718218445777893,2.4918516874313354,2.9302780628204346,1.3861315250396729
1.8507717847824097,2.0101192474365233,2.005215573310852,1.9476741552352905,1.9170998930931091,1.7173876762390137,2.4905983209609985,2.9255330562591553,1.379819393157959,2.0101192474365233,2.0021326541900635,1.9499491155147552,1.6815541982650757,2.4701645374298096,2.826352119445801,1.4265803098678589
1.846862554550171,0,2.005215573310852,1.9476741552352905,1.9170998930931091,1.7173876762390137,2.4905983209609985,2.9255330562591553,1.379819393157959,2.0101192474365233,2.0021326541900635,1.9499491155147552,1.6815541982650757,2.4701645374298096,2.826352119445801,1.4265803098678589
1.8557812107933893,2.0073078870773315,2.005215573310852,1.9476741552352905,1.9170998930931091,1.7173876762390137,2.4905983209609985,2.9255330562591553,1.379819393157959,2.0073078870773315,1.9818828105926514,1.9361623227596283,1.690224051475525,2.4770153760910034,2.8633711338043213,1.4104018211364746
1.8622303009033203,0,2.005215573310852,1.9476741552352905,1.9170998930931091,1.7173876762390137,2.4905983209609985,2.9255330562591553,1.379819393157959,2.0073078870773315,1.9818828105926514,1.9361623227596283,1.690224051475525,2.4770153760910034,2.8633711338043213,1.4104018211364746
1.8747358984417386,2.0072494029998778,2.005215573310852,1.9476741552352905,1.9170998930931091,1.7173876762390137,2.4905983209609985,2.9255330562591553,1.379819393157959,2.0072494029998778,1.9812886714935303,1.9356536567211151,1.6912025213241577,2.477779746055603,2.866724729537964,1.4081963300704956
1.8499785661697388,0,2.005215573310852,1.9476741552352905,1.9170998930931091,1.7173876762390137,2.4905983209609985,2.9255330562591553,1.379819393157959,2.0072494029998778,1.9812886714935303,1.9356536567211151,1.6912025213241577,2.477779746055603,2.866724729537964,1.4081963300704956
1.839692234992981,2.0089494943618775,2.005215573310852,1.9476741552352905,1.9170998930931091,1.7173876762390137,2.4905983209609985,2.9255330562591553,1.379819393157959,2.0089494943618775,1.9926775693893433,1.9423980116844177,1.6833536624908447,2.4744839668273926,2.8480846881866455,1.419748306274414
1.844586001502143,0,2.005215573310852,1.9476741552352905,1.9170998930931091,1.7173876762390137,2.4905983209609985,2.9255330562591553,1.379819393157959,2.0089494943618775,1.9926775693893433,1.9423980116844177,1.6833536624908447,2.4744839668273926,2.8480846881866455,1.419748306274414
1.861237194803026,2.0070714235305784,2.005215573310852,1.9476741552352905,1.9170998930931091,1.7173876762390137,2.4905983209609985,2.9255330562591553,1.379819393157959,2.0070714235305784,1.9806021451950073,1.9356480836868286,1.6922862529754639,2.4777891635894775,2.866476535797119,1.4068903923034668
1.8477178414662678,0,2.005215573310852,1.9476741552352905,1.9170998930931091,1.7173876762390137,2.4905983209609985,2.9255330562591553,1.379819393157959,2.0070714235305784,1.9806021451950073,1.9356480836868286,1.6922862529754639,2.4777891635894775,2.866476535797119,1.4068903923034668
1.8513220813539293,2.0068832874298095,2.005215573310852,1.9476741552352905,1.9170998930931091,1.7173876762390137,2.4905983209609985,2.9255330562591553,1.379819393157959,2.0068832874298095,1.977636694908142,1.9339483976364136,1.6935079097747803,2.4784650802612305,2.869917869567871,1.4063416719436646
1.8607461320029364,0,2.005215573310852,1.9476741552352905,1.9170998930931091,1.7173876762390137,2.4905983209609985,2.9255330562591553,1.379819393157959,2.0068832874298095,1.977636694908142,1.9339483976364136,1.6935079097747803,2.4784650802612305,2.869917869567871,1.4063416719436646
1.8540865977605183,2.0077025175094603,2.005215573310852,1.9476741552352905,1.9170998930931091,1.7173876762390137,2.4905983209609985,2.9255330562591553,1.379819393157959,2.0077025175094603,1.9838799238204956,1.9372497200965881,1.6887176036834717,2.476735234260559,2.8609490394592285,1.4124445915222168
1.8505943086412218,0,2.005215573310852,1.9476741552352905,1.9170998930931091,1.7173876762390137,2.4905983209609985,2.9255330562591553,1.379819393157959,2.0077025175094603,1.9838799238204956,1.9372497200965881,1.6887176036834717,2.476735234260559,2.8609490394592285,1.4124445915222168
1.8495303392410278,2.0064898252487184,2.005215573310852,1.9476741552352905,1.9170998930931091,1.7173876762390137,2.4905983209609985,2.9255330562591553,1.379819393157959,2.0064898252487184,1.9670438766479492,1.9273254871368408,1.702831506729126,2.4838048219680786,2.8952269554138184,1.3949640989303589
1.8682509793175592,0,2.005215573310852,1.9476741552352905,1.9170998930931091,1.7173876762390137,2.4905983209609985,2.9255330562591553,1.379819393157959,2.0064898252487184,1.9670438766479492,1.9273254871368408,1.702831506729126,2.4838048219680786,2.8952269554138184,1.3949640989303589
1.858552998966641,2.0078266143798826,2.005215573310852,1.9476741552352905,1.9170998930931091,1.7173876762390137,2.4905983209609985,2.9255330562591553,1.379819393157959,2.0078266143798826,1.987358808517456,1.9397233128547668,1.6874158382415771,2.475285291671753,2.8538107872009277,1.413787841796875
1.8407483763164945,0,2.005215573310852,1.9476741552352905,1.9170998930931091,1.7173876762390137,2.4905983209609985,2.9255330562591553,1.379819393157959,2.0078266143798826,1.987358808517456,1.9397233128547668,1.6874158382415771,2.475285291671753,2.8538107872009277,1.413787841796875
1.8403457138273451,2.0064064025878907,2.005215573310852,1.9476741552352905,1.9170998930931091,1.7173876762390137,2.4905983209609985,2.9255330562591553,1.379819393157959,2.0064064025878907,1.9646434783935547,1.9259623289108276,1.7041568756103516,2.484630584716797,2.898855686187744,1.3939704895019531
1.8501392205556233,0,2.005215573310852,1.9476741552352905,1.9170998930931091,1.7173876762390137,2.4905983209609985,2.9255330562591553,1.379819393157959,2.0064064025878907,1.9646434783935547,1.9259623289108276,1.7041568756103516,2.484630584716797,2.898855686187744,1.3939704895019531
1.859525548087226,2.007267928123474,2.005215573310852,1.9476741552352905,1.9170998930931091,1.7173876762390137,2.4905983209609985,2.9255330562591553,1.379819393157959,2.007267928123474,1.9690132141113281,1.9282762706279755,1.7017961740493774,2.4836090803146362,2.8939356803894043,1.3983120918273926
1.852926903300815,0,2.005215573310852,1.9476741552352905,1.9170998930931091,1.7173876762390137,2.4905983209609985,2.9255330562591553,1.379819393157959,2.007267928123474,1.9690132141113281,1.9282762706279755,1.7017961740493774,2.4836090803146362,2.8939356803894043,1.3983120918273926
1.844268560409546,2.006323552131653,2.005215573310852,1.9476741552352905,1.9170998930931091,1.7173876762390137,2.4905983209609985,2.9255330562591553,1.379819393157959,2.006323552131653,1.9703353643417358,1.9296154975891113,1.698594331741333,2.481242537498474,2.8832881450653076,1.400202989578247
1.8389256132973566,0,2.005215573310852,1.9476741552352905,1.9170998930931091,1.7173876762390137,2.4905983209609985,2.9255330562591553,1.379819393157959,2.006323552131653,1.9703353643417358,1.9296154975891113,1.698594331741333,2.481242537498474,2.8832881450653076,1.400202989578247
1.846952372127109,2.00705406665802,2.005215573310852,1.9476741552352905,1.9170998930931091,1.7173876762390137,2.4905983209609985,2.9255330562591553,1.379819393157959,2.00705406665802,1.9787626266479492,1.934240609407425,1.6924439668655396,2.478290319442749,2.8695874214172363,1.4074831008911133
1.8421072827445135,0,2.005215573310852,1.9476741552352905,1.9170998930931091,1.7173876762390137,2.4905983209609985,2.9255330562591553,1.379819393157959,2.00705406665802,1.9787626266479492,1.934240609407425,1.6924439668655396,2.478290319442749,2.8695874214172363,1.4074831008911133
1.8543759716881647,2.00784649848938,2.005215573310852,1.9476741552352905,1.9170998930931091,1.7173876762390137,2.4905983209609985,2.9255330562591553,1.379819393157959,2.00784649848938,1.9677302837371826,1.927476704120636,1.7033607959747314,2.484595537185669,2.8981056213378906,1.3989503383636475
1.8546964062584772,0,2.005215573310852,1.9476741552352905,1.9170998930931091,1.7173876762390137,2.4905983209609985,2.9255330562591553,1.379819393157959,2.00784649848938,1.9677302837371826,1.927476704120636,1.7033607959747314,2.484595537185669,2.8981056213378906,1.3989503383636475
1.843013670709398,2.0085011959075927,2.005215573310852,1.9476741552352905,1.9170998930931091,1.7173876762390137,2.4905983209609985,2.9255330562591553,1.379819393157959,2.0085011959075927,1.9928388595581055,1.9433919191360474,1.6845040321350098,2.473257064819336,2.843128204345703,1.4186489582061768
1.870609336429172,0,2.005215573310852,1.9476741552352905,1.9170998930931091,1.7173876762390137,2.4905983209609985,2.9255330562591553,1.379819393157959,2.0085011959075927,1.9928388595581055,1.9433919191360474,1.6845040321350098,2.473257064819336,2.843128204345703,1.4186489582061768
1.853673259417216,2.0070586681365965,2.005215573310852,1.9476741552352905,1.9170998930931091,1.7173876762390137,2.4905983209609985,2.9255330562591553,1.379819393157959,2.0070586681365965,1.9761521816253662,1.932505875825882,1.6943055391311646,2.479581594467163,2.8757495880126953,1.4056724309921265
1.866090562608507,0,2.005215573310852,1.9476741552352905,1.9170998930931091,1.7173876762390137,2.4905983209609985,2.9255330562591553,1.379819393157959,2.0070586681365965,1.9761521816253662,1.932505875825882,1.6943055391311646,2.479581594467163,2.8757495880126953,1.4056724309921265
1.842253155178494,2.008864688873291,2.005215573310852,1.9476741552352905,1.9170998930931091,1.7173876762390137,2.4905983209609985,2.9255330562591553,1.379819393157959,2.008864688873291,1.9947261810302734,1.9446758925914764,1.682592749595642,2.4718480110168457,2.8370375633239746,1.4233084917068481
1.8529923889372084,0,2.005215573310852,1.9476741552352905,1.9170998930931091,1.7173876762390137,2.4905983209609985,2.9255330562591553,1.379819393157959,2.008864688873291,1.9947261810302734,1.9446758925914764,1.682592749595642,2.4718480110168457,2.8370375633239746,1.4233084917068481
1.8722992605633206,2.0074993133544923,2.005215573310852,1.9476741552352905,1.9170998930931091,1.7173876762390137,2.4905983209609985,2.9255330562591553,1.379819393157959,2.0074993133544923,1.980809211730957,1.9353429675102234,1.690356969833374,2.4777356386184692,2.866074800491333,1.4108591079711914
1.8488310443030462,0,2.005215573310852,1.9476741552352905,1.9170998930931091,1.7173876762390137,2.4905983209609985,2.9255330562591553,1.379819393157959,2.0074993133544923,1.980809211730957,1.9353429675102234,1.690356969833374,2.4777356386184692,2.866074800491333,1.4108591079711914
1.8508385684755113,2.0067601203918457,2.005215573310852,1.9476741552352905,1.9170998930931091,1.7173876762390137,2.4905983209609985,2.9255330562591553,1.379819393157959,2.0067601203918457,1.976449728012085,1.9331148862838745,1.693582534790039,2.478658437728882,2.8713393211364746,1.4064514636993408
1.856448041068183,0,2.005215573310852,1.9476741552352905,1.9170998930931091,1.7173876762390137,2.4905983209609985,2.9255330562591553,1.379819393157959,2.0067601203918457,1.976449728012085,1.9331148862838745,1.693582534790039,2.478658437728882,2.8713393211364746,1.4064514636993408
1.8592250876956515,2.0061203956604006,2.005215573310852,1.9476741552352905,1.9170998930931091,1.7173876762390137,2.4905983209609985,2.9255330562591553,1.379819393157959,2.0061203956604006,1.9684319496154785,1.928438425064087,1.6992721557617188,2.481696605682373,2.885775566101074,1.3995046615600586
1.8460418383280437,0,2.005215573310852,1.9476741552352905,1.9170998930931091,1.7173876762390137,2.4905983209609985,2.9255330562591553,1.379819393157959,2.0061203956604006,1.9684319496154785,1.928438425064087,1.6992721557617188,2.481696605682373,2.885775566101074,1.3995046615600586
1.8626450962490506,2.0073642253875734,2.005215573310852,1.9476741552352905,1.9170998930931091,1.7173876762390137,2.4905983209609985,2.9255330562591553,1.379819393157959,2.0073642253875734,1.981107473373413,1.9356462955474854,1.6900711059570312,2.4771885871887207,2.8640780448913574,1.4112653732299805
1.8443349070019193,0,2.005215573310852,1.9476741552352905,1.9170998930931091,1.7173876762390137,2.4905983209609985,2.9255330562591553,1.379819393157959,2.0073642253875734,1.981107473373413,1.9356462955474854,1.6900711059570312,2.4771885871887207,2.8640780448913574,1.4112653732299805
1.8507335980733235,2.008011245727539,2.005215573310852,1.9476741552352905,1.9170998930931091,1.7173876762390137,2.4905983209609985,2.9255330562591553,1.379819393157959,2.008011245727539,1.9885425567626953,1.9405251741409302,1.6856274604797363,2.4741756916046143,2.8489632606506348,1.4175348281860352
1.8552665048175387,0,2.005215573310852,1.9476741552352905,1.9170998930931091,1.7173876762390137,2.4905983209609985,2.9255330562591553,1.379819393157959,2.008011245727539,1.9885425567626953,1.9405251741409302,1.6856274604797363,2.4741756916046143,2.8489632606506348,1.4175348281860352
1.8733307653003268,2.007476568222046,2.005215573310852,1.9476741552352905,1.9170998930931091,1.7173876762390137,2.4905983209609985,2.9255330562591553,1.379819393157959,2.007476568222046,1.9823411703109741,1.9363239109516144,1.6890825033187866,2.476722478866577,2.8619141578674316,1.4125142097473145
1.8447660207748413,0,2.005215573310852,1.9476741552352905,1.9170998930931091,1.7173876762390137,2.4905983209609985,2.9255330562591553,1.379819393157959,2.007476568222046,1.9823411703109741,1.9363239109516144,1.6890825033187866,2.476722478866577,2.8619141578674316,1.4125142097473145
1.8466866413752239,2.007696294784546,2.005215573310852,1.9476741552352905,1.9170998930931091,1.7173876762390137,2.4905983209609985,2.9255330562591553,1.379819393157959,2.007696294784546,1.9855761528015137,1.9391767382621765,1.6878719329833984,2.4748188257217407,2.851954936981201,1.415395736694336
1.87681073612637,0,2.005215573310852,1.9476741552352905,1.9170998930931091,1.7173876762390137,2.4905983209609985,2.9255330562591553,1.379819393157959,2.007696294784546,1.9855761528015137,1.9391767382621765,1.6878719329833984,2.4748188257217407,2.851954936981201,1.415395736694336
1.869107140435113,2.006380248069763,2.005215573310852,1.9476741552352905,1.9170998930931091,1.7173876762390137,2.4905983209609985,2.9255330562591553,1.379819393157959,2.006380248069763,1.970644474029541,1.929487407207489,1.6974632740020752,2.480880856513977,2.8825643062591553,1.4020317792892456
1.8487386571036444,0,2.005215573310852,1.9476741552352905,1.9170998930931091,1.7173876762390137,2.4905983209609985,2.9255330562591553,1.379819393157959,2.006380248069763,1.970644474029541,1.929487407207489,1.6974632740020752,2.480880856513977,2.8825643062591553,1.4020317792892456
1.8640918996598985,2.0067166328430175,2.005215573310852,1.9476741552352905,1.9170998930931091,1.7173876762390137,2.4905983209609985,2.9255330562591553,1.379819393157959,2.0067166328430175,1.9766191244125366,1.933254063129425,1.6936016082763672,2.4783910512924194,2.870605707168579,1.4065803289413452
1.8454978333579168,0,2.005215573310852,1.9476741552352905,1.9170998930931091,1.7173876762390137,2.4905983209609985,2.9255330562591553,1.379819393157959,2.0067166328430175,1.9766191244125366,1.933254063129425,1.6936016082763672,2.4783910512924194,2.870605707168579,1.4065803289413452
1.8456521034240723,2.0073535442352295,2.005215573310852,1.9476741552352905,1.9170998930931091,1.7173876762390137,2.4905983209609985,2.9255330562591553,1.379819393157959,2.0073535442352295,1.9800999164581299,1.9350088834762573,1.6911430358886719,2.4778350591659546,2.8669774532318115,1.4098546504974365
1.8434190220303006,0,2.005215573310852,1.9476741552352905,1.9170998930931091,1.7173876762390137,2.4905983209609985,2.9255330562591553,1.379819393157959,2.0073535442352295,1.9800999164581299,1.9350088834762573,1.6911430358886719,2.4778350591659546,2.8669774532318115,1.4098546504974365
1.85633299085829,2.0067148447036742,2.005215573310852,1.9476741552352905,1.9170998930931091,1.7173876762390137,2.4905983209609985,2.9255330562591553,1.379819393157959,2.0067148447036742,1.9720494747161865,1.9302318692207336,1.697108268737793,2.4808127880096436,2.8819053173065186,1.402790904045105
1.843533330493503,0,2.005215573310852,1.9476741552352905,1.9170998930931091,1.7173876762390137,2.4905983209609985,2.9255330562591553,1.379819393157959,2.0067148447036742,1.9720494747161865,1.9302318692207336,1.697108268737793,2.4808127880096436,2.8819053173065186,1.402790904045105
1.8573298056920369,2.0071975708007814,2.005215573310852,1.9476741552352905,1.9170998930931091,1.7173876762390137,2.4905983209609985,2.9255330562591553,1.379819393157959,2.0071975708007814,1.9820431470870972,1.9365125000476837,1.6896604299545288,2.476433515548706,2.8605637550354004,1.4114172458648682
1.8607842524846394,0,2.005215573310852,1.9476741552352905,1.9170998930931091,1.7173876762390137,2.4905983209609985,2.9255330562591553,1.379819393157959,2.0071975708007814,1.9820431470870972,1.9365125000476837,1.6896604299545288,2.476433515548706,2.8605637550354004,1.4114172458648682
1.8584166765213013,2.0074436187744142,2.005215573310852,1.9476741552352905,1.9170998930931091,1.7173876762390137,2.4905983209609985,2.9255330562591553,1.379819393157959,2.0074436187744142,1.9831526279449463,1.936910331249237,1.688593864440918,2.476260781288147,2.8597793579101562,1.412950038909912
1.8231393761105008,0,2.005215573310852,1.9476741552352905,1.9170998930931091,1.7173876762390137,2.4905983209609985,2.9255330562591553,1.379819393157959,2.0074436187744142,1.9831526279449463,1.936910331249237,1.688593864440918,2.476260781288147,2.8597793579101562,1.412950038909912
1.8408594263924494,2.0067306995391845,2.005215573310852,1.9476741552352905,1.9170998930931091,1.7173876762390137,2.4905983209609985,2.9255330562591553,1.379819393157959,2.0067306995391845,1.9749138355255127,1.9319181442260742,1.6950325965881348,2.479627847671509,2.876443386077881,1.4044513702392578
1.8394469022750854,0,2.005215573310852,1.9476741552352905,1.9170998930931091,1.7173876762390137,2.4905983209609985,2.9255330562591553,1.379819393157959,2.0067306995391845,1.9749138355255127,1.9319181442260742,1.6950325965881348,2.479627847671509,2.876443386077881,1.4044513702392578
1.8484864234924316,2.0078984022140505,2.005215573310852,1.9476741552352905,1.9170998930931091,1.7173876762390137,2.4905983209609985,2.9255330562591553,1.379819393157959,2.0078984022140505,1.9875105619430542,1.9401666522026062,1.6866240501403809,2.4741804599761963,2.849339485168457,1.4169964790344238
1.8572341601053874,0,2.005215573310852,1.9476741552352905,1.9170998930931091,1.7173876762390137,2.4905983209609985,2.9255330562591553,1.379819393157959,2.0078984022140505,1.9875105619430542,1.9401666522026062,1.6866240501403809,2.4741804599761963,2.849339485168457,1.4169964790344238
1.8598837190204196,2.0066965579986573,2.005215573310852,1.9476741552352905,1.9170998930931091,1.7173876762390137,2.4905983209609985,2.9255330562591553,1.379819393157959,2.0066965579986573,1.9759124517440796,1.9326067864894867,1.6936177015304565,2.4786356687545776,2.872286796569824,1.4066812992095947
1.8617220984564886,0,2.005215573310852,1.9476741552352905,1.9170998930931091,1.7173876762390137,2.4905983209609985,2.9255330562591553,1.379819393157959,2.0066965579986573,1.9759124517440796,1.9326067864894867,1.6936177015304565,2.4786356687545776,2.872286796569824,1.4066812992095947
1.8499522076712713,2.0076215267181396,2.005215573310852,1.9476741552352905,1.9170998930931091,1.7173876762390137,2.4905983209609985,2.9255330562591553,1.379819393157959,2.0076215267181396,1.9849576950073242,1.9381226897239685,1.6874701976776123,2.475430965423584,2.8557567596435547,1.4148178100585938
1.8322311374876235,0,2.005215573310852,1.9476741552352905,1.9170998930931091,1.7173876762390137,2.4905983209609985,2.9255330562591553,1.379819393157959,2.0076215267181396,1.9849576950073242,1.9381226897239685,1.6874701976776123,2.475430965423584,2.8557567596435547,1.4148178100585938
1.842008458243476,2.0072733640670775,2.005215573310852,1.9476741552352905,1.9170998930931091,1.7173876762390137,2.4905983209609985,2.9255330562591553,1.379819393157959,2.0072733640670775,1.9793641567230225,1.9344845116138458,1.6913386583328247,2.4778406620025635,2.8678102493286133,1.409982681274414
1.8389876948462591,0,2.005215573310852,1.9476741552352905,1.9170998930931091,1.7173876762390137,2.4905983209609985,2.9255330562591553,1.379819393157959,2.0072733640670775,1.9793641567230225,1.9344845116138458,1.6913386583328247,2.4778406620025635,2.8678102493286133,1.409982681274414
1.8337081140942044,2.006840944290161,2.005215573310852,1.9476741552352905,1.9170998930931091,1.7173876762390137,2.4905983209609985,2.9255330562591553,1.379819393157959,2.006840944290161,1.9774868488311768,1.9336001873016357,1.6927330493927002,2.478139281272888,2.869584560394287,1.4077062606811523
1.8573036591211955,0,2.005215573310852,1.9476741552352905,1.9170998930931091,1.7173876762390137,2.4905983209609985,2.9255330562591553,1.379819393157959,2.006840944290161,1.9774868488311768,1.9336001873016357,1.6927330493927002,2.478139281272888,2.869584560394287,1.4077062606811523
1.8615424103207059,2.0062805891036986,2.005215573310852,1.9476741552352905,1.9170998930931091,1.7173876762390137,2.4905983209609985,2.9255330562591553,1.379819393157959,2.0062805891036986,1.9696935415267944,1.9289811253547668,1.6982648372650146,2.4810270071029663,2.8837814331054688,1.401390552520752
1.8504550059636433,0,2.005215573310852,1.9476741552352905,1.9170998930931091,1.7173876762390137,2.4905983209609985,2.9255330562591553,1.379819393157959,2.0062805891036986,1.9696935415267944,1.9289811253547668,1.6982648372650146,2.4810270071029663,2.8837814331054688,1.401390552520752
1.8472698662016127,2.0068459033966066,2.005215573310852,1.9476741552352905,1.9170998930931091,1.7173876762390137,2.4905983209609985,2.9255330562591553,1.379819393157959,2.0068459033966066,1.978430986404419,1.9345712065696716,1.6922945976257324,2.4773356914520264,2.8655431270599365,1.4088325500488281
1.8435624572965834,0,2.005215573310852,1.9476741552352905,1.9170998930931091,1.7173876762390137,2.4905983209609985,2.9255330562591553,1.379819393157959,2.0068459033966066,1.978430986404419,1.9345712065696716,1.6922945976257324,2.4773356914520264,2.8655431270599365,1.4088325500488281
1.8453763723373413,2.0065999746322634,2.005215573310852,1.9476741552352905,1.9170998930931091,1.7173876762390137,2.4905983209609985,2.9255330562591553,1.379819393157959,2.0065999746322634,1.974419116973877,1.9316506385803223,1.6950159072875977,2.479281187057495,2.8758139610290527,1.405002474784851
1.8441673914591472,0,2.005215573310852,1.9476741552352905,1.9170998930931091,1.7173876762390137,2.4905983209609985,2.9255330562591553,1.379819393157959,2.0065999746322634,1.974419116973877,1.9316506385803223,1.6950159072875977,2.479281187057495,2.8758139610290527,1.405002474784851
1.8511784606509738,2.0067435026168825,2.005215573310852,1.9476741552352905,1.9170998930931091,1.7173876762390137,2.4905983209609985,2.9255330562591553,1.379819393157959,2.0067435026168825,1.9766086339950562,1.9330005049705505,1.6933808326721191,2.4783732891082764,2.871342658996582,1.4069814682006836
1.8427393701341417,0,2.005215573310852,1.9476741552352905,1.9170998930931091,1.7173876762390137,2.4905983209609985,2.9255330562591553,1.379819393157959,2.0067435026168825,1.9766086339950562,1.9330005049705505,1.6933808326721191,2.4783732891082764,2.871342658996582,1.4069814682006836
1.8468705813090007,2.0070090293884277,2.005215573310852,1.9476741552352905,1.9170998930931091,1.7173876762390137,2.4905983209609985,2.9255330562591553,1.379819393157959,2.0070090293884277,1.9797940254211426,1.9349093735218048,1.6911994218826294,2.4772485494613647,2.865647077560425,1.4095546007156372
1.8505429294374254,0,2.005215573310852,1.9476741552352905,1.9170998930931091,1.7173876762390137,2.4905983209609985,2.9255330562591553,1.379819393157959,2.0070090293884277,1.9797940254211426,1.9349093735218048,1.6911994218826294,2.4772485494613647,2.865647077560425,1.4095546007156372
1.8663298818800185,2.007048988342285,2.005215573310852,1.9476741552352905,1.9170998930931091,1.7173876762390137,2.4905983209609985,2.9255330562591553,1.379819393157959,2.007048988342285,1.9800174236297607,1.9350431561470032,1.6907761096954346,2.477076530456543,2.8647913932800293,1.4102983474731445
1.861749980184767,0,2.005215573310852,1.9476741552352905,1.9170998930931091,1.7173876762390137,2.4905983209609985,2.9255330562591553,1.379819393157959,2.007048988342285,1.9800174236297607,1.9350431561470032,1.6907761096954346,2.477076530456543,2.8647913932800293,1.4102983474731445
1.8540763854980469,2.0072436332702637,2.005215573310852,1.9476741552352905,1.9170998930931091,1.7173876762390137,2.4905983209609985,2.9255330562591553,1.379819393157959,2.0072436332702637,1.982085943222046,1.9363424181938171,1.6894855499267578,2.4763036966323853,2.8608951568603516,1.4120392799377441
1.8524474038018122,0,2.005215573310852,1.9476741552352905,1.9170998930931091,1.7173876762390137,2.4905983209609985,2.9255330562591553,1.379819393157959,2.0072436332702637,1.982085943222046,1.9363424181938171,1.6894855499267578,2.4763036966323853,2.8608951568603516,1.4120392799377441
1.8372454245885212,2.0076324701309205,2.005215573310852,1.9476741552352905,1.9170998930931091,1.7173876762390137,2.4905983209609985,2.9255330562591553,1.379819393157959,2.0076324701309205,1.9857314825057983,1.9386619925498962,1.687098503112793,2.4749733209609985,2.8538601398468018,1.4153857231140137
1.8414842552608914,0,2.005215573310852,1.9476741552352905,1.9170998930931091,1.7173876762390137,2.4905983209609985,2.9255330562591553,1.379819393157959,2.0076324701309205,1.9857314825057983,1.9386619925498962,1.687098503112793,2.4749733209609985,2.8538601398468018,1.4153857231140137
1.837363772922092,2.0072980880737306,2.005215573310852,1.9476741552352905,1.9170998930931091,1.7173876762390137,2.4905983209609985,2.9255330562591553,1.379819393157959,2.0072980880737306,1.9826948642730713,1.9367011189460754,1.689009428024292,2.4760485887527466,2.859691858291626,1.412688970565796
1.8455941279729207,0,2.005215573310852,1.9476741552352905,1.9170998930931091,1.7173876762390137,2.4905983209609985,2.9255330562591553,1.379819393157959,2.0072980880737306,1.9826948642730713,1.9367011189460754,1.689009428024292,2.4760485887527466,2.859691858291626,1.412688970565796
1.8569422430462308,2.0069832801818848,2.005215573310852,1.9476741552352905,1.9170998930931091,1.7173876762390137,2.4905983209609985,2.9255330562591553,1.379819393157959,2.0069832801818848,1.9784367084503174,1.9340400695800781,1.6920676231384277,2.4778053760528564,2.868391513824463,1.4088013172149658
1.8585726420084636,0,2.005215573310852,1.9476741552352905,1.9170998930931091,1.7173876762390137,2.4905983209609985,2.9255330562591553,1.379819393157959,2.0069832801818848,1.9784367084503174,1.9340400695800781,1.6920676231384277,2.4778053760528564,2.868391513824463,1.4088013172149658
1.85169075595008,2.007120966911316,2.005215573310852,1.9476741552352905,1.9170998930931091,1.7173876762390137,2.4905983209609985,2.9255330562591553,1.379819393157959,2.007120966911316,1.9797074794769287,1.9347501397132874,1.691009759902954,2.477309823036194,2.86604380607605,1.410267949104309
1.842316256629096,0,2.005215573310852,1.9476741552352905,1.9170998930931091,1.7173876762390137,2.4905983209609985,2.9255330562591553,1.379819393157959,2.007120966911316,1.9797074794769287,1.9347501397132874,1.691009759902954,2.477309823036194,2.86604380607605,1.410267949104309
1.8389794031778972,2.0074805498123167,2.005215573310852,1.9476741552352905,1.9170998930931091,1.7173876762390137,2.4905983209609985,2.9255330562591553,1.379819393157959,2.0074805498123167,1.9844894409179688,1.9378724992275238,1.6880615949630737,2.47542667388916,2.8564038276672363,1.4139983654022217
1.8405334154764812,0,2.005215573310852,1.9476741552352905,1.9170998930931091,1.7173876762390137,2.4905983209609985,2.9255330562591553,1.379819393157959,2.0074805498123167,1.9844894409179688,1.9378724992275238,1.6880615949630737,2.47542667388916,2.8564038276672363,1.4139983654022217
1.858543290032281,2.0076030492782593,2.005215573310852,1.9476741552352905,1.9170998930931091,1.7173876762390137,2.4905983209609985,2.9255330562591553,1.379819393157959,2.0076030492782593,1.9851272106170654,1.9381363093852997,1.6872256994247437,2.4752748012542725,2.8554844856262207,1.4151127338409424
1.834073821703593,0,2.005215573310852,1.9476741552352905,1.9170998930931091,1.7173876762390137,2.4905983209609985,2.9255330562591553,1.379819393157959,2.0076030492782593,1.9851272106170654,1.9381363093852997,1.6872256994247437,2.4752748012542725,2.8554844856262207,1.4151127338409424
1.8613251712587144,2.0075720071792604,2.005215573310852,1.9476741552352905,1.9170998930931091,1.7173876762390137,2.4905983209609985,2.9255330562591553,1.379819393157959,2.0075720071792604,1.9848413467407227,1.9379913210868835,1.687598705291748,2.4754174947738647,2.8561511039733887,1.414584994316101
1.8625725640190973,0,2.005215573310852,1.9476741552352905,1.9170998930931091,1.7173876762390137,2.4905983209609985,2.9255330562591553,1.379819393157959,2.0075720071792604,1.9848413467407227,1.9379913210868835,1.687598705291748,2.4754174947738647,2.8561511039733887,1.414584994316101
1.849485609266493,2.0072015523910522,2.005215573310852,1.9476741552352905,1.9170998930931091,1.7173876762390137,2.4905983209609985,2.9255330562591553,1.379819393157959,2.0072015523910522,1.9804935455322266,1.9352239668369293,1.6904700994491577,2.477178931236267,2.8649191856384277,1.4106862545013428
1.8630464606814914,0,2.005215573310852,1.9476741552352905,1.9170998930931091,1.7173876762390137,2.4905983209609985,2.9255330562591553,1.379819393157959,2.0072015523910522,1.9804935455322266,1.9352239668369293,1.6904700994491577,2.477178931236267,2.8649191856384277,1.4106862545013428
1.8496359056896634,2.0073771476745605,2.005215573310852,1.9476741552352905,1.9170998930931091,1.7173876762390137,2.4905983209609985,2.9255330562591553,1.379819393157959,2.0073771476745605,1.9831359386444092,1.9369868040084839,1.6887381076812744,2.4759435653686523,2.858949899673462,1.4131245613098145
1.8717063665390015,0,2.005215573310852,1.9476741552352905,1.9170998930931091,1.7173876762390137,2.4905983209609985,2.9255330562591553,1.379819393157959,2.0073771476745605,1.9831359386444092,1.9369868040084839,1.6887381076812744,2.4759435653686523,2.858949899673462,1.4131245613098145
1.8437170055177476,2.007407307624817,2.005215573310852,1.9476741552352905,1.9170998930931091,1.7173876762390137,2.4905983209609985,2.9255330562591553,1.379819393157959,2.007407307624817,1.9840997457504272,1.9377907514572144,1.688352108001709,2.4754176139831543,2.8562238216400146,1.4137494564056396
1.8464871512518988,0,2.005215573310852,1.9476741552352905,1.9170998930931091,1.7173876762390137,2.4905983209609985,2.9255330562591553,1.379819393157959,2.007407307624817,1.9840997457504272,1.9377907514572144,1.688352108001709,2.4754176139831543,2.8562238216400146,1.4137494564056396
1.8460965818829007,2.007457065582275,2.005215573310852,1.9476741552352905,1.9170998930931091,1.7173876762390137,2.4905983209609985,2.9255330562591553,1.379819393157959,2.007457065582275,1.984076738357544,1.9376189708709717,1.6880989074707031,2.475541830062866,2.8568601608276367,1.4140260219573975
1.869655172030131,0,2.005215573310852,1.9476741552352905,1.9170998930931091,1.7173876762390137,2.4905983209609985,2.9255330562591553,1.379819393157959,2.007457065582275,1.984076738357544,1.9376189708709717,1.6880989074707031,2.475541830062866,2.8568601608276367,1.4140260219573975
1.8488199313481648,2.007264590263367,2.005215573310852,1.9476741552352905,1.9170998930931091,1.7173876762390137,2.4905983209609985,2.9255330562591553,1.379819393157959,2.007264590263367,1.9814265966415405,1.9358720779418945,1.6897547245025635,2.476639986038208,2.8623995780944824,1.4118616580963135
1.8530958626005385,0,2.005215573310852,1.9476741552352905,1.9170998930931091,1.7173876762390137,2.4905983209609985,2.9255330562591553,1.379819393157959,2.007264590263367,1.9814265966415405,1.9358720779418945,1.6897547245025635,2.476639986038208,2.8623995780944824,1.4118616580963135
1.8513609303368463,2.0070621013641357,2.005215573310852,1.9476741552352905,1.9170998930931091,1.7173876762390137,2.4905983209609985,2.9255330562591553,1.379819393157959,2.0070621013641357,1.9796757698059082,1.9348077178001404,1.6909334659576416,2.4772796630859375,2.8656134605407715,1.410141944885254
1.8508700529734294,0,2.005215573310852,1.9476741552352905,1.9170998930931091,1.7173876762390137,2.4905983209609985,2.9255330562591553,1.379819393157959,2.0070621013641357,1.9796757698059082,1.9348077178001404,1.6909334659576416,2.4772796630859375,2.8656134605407715,1.410141944885254
1.8536280790964763,2.00712251663208,2.005215573310852,1.9476741552352905,1.9170998930931091,1.7173876762390137,2.4905983209609985,2.9255330562591553,1.379819393157959,2.00712251663208,1.9809446334838867,1.9356456995010376,1.6900968551635742,2.4767136573791504,2.862830638885498,1.4111437797546387
1.8411270380020142,0,2.005215573310852,1.9476741552352905,1.9170998930931091,1.7173876762390137,2.4905983209609985,2.9255330562591553,1.379819393157959,2.00712251663208,1.9809446334838867,1.9356456995010376,1.6900968551635742,2.4767136573791504,2.862830638885498,1.4111437797546387
1.8466552363501654,2.0070478439331056,2.005215573310852,1.9476741552352905,1.9170998930931091,1.7173876762390137,2.4905983209609985,2.9255330562591553,1.379819393157959,2.0070478439331056,1.9796193838119507,1.9348094165325165,1.6909836530685425,2.477239727973938,2.865464210510254,1.4101567268371582
1.8803441524505615,0,2.005215573310852,1.9476741552352905,1.9170998930931091,1.7173876762390137,2.4905983209609985,2.9255330562591553,1.379819393157959,2.0070478439331056,1.9796193838119507,1.9348094165325165,1.6909836530685425,2.477239727973938,2.865464210510254,1.4101567268371582
1.8505214187833998,2.0071106433868406,2.005215573310852,1.9476741552352905,1.9170998930931091,1.7173876762390137,2.4905983209609985,2.9255330562591553,1.379819393157959,2.0071106433868406,1.9807519912719727,1.9354855418205261,1.690073013305664,2.4767996072769165,2.863234043121338,1.4111289978027344
1.8411431709925334,0,2.005215573310852,1.9476741552352905,1.9170998930931091,1.7173876762390137,2.4905983209609985,2.9255330562591553,1.379819393157959,2.0071106433868406,1.9807519912719727,1.9354855418205261,1.690073013305664,2.4767996072769165,2.863234043121338,1.4111289978027344
1.8455084032482572,2.0074299335479737,2.005215573310852,1.9476741552352905,1.9170998930931091,1.7173876762390137,2.4905983209609985,2.9255330562591553,1.379819393157959,2.0074299335479737,1.983999252319336,1.9376547932624817,1.6882975101470947,2.4755359888076782,2.8567488193511963,1.413780927658081
1.857214331626892,0,2.005215573310852,1.9476741552352905,1.9170998930931091,1.7173876762390137,2.4905983209609985,2.9255330562591553,1.379819393157959,2.0074299335479737,1.983999252319336,1.9376547932624817,1.6882975101470947,2.4755359888076782,2.8567488193511963,1.413780927658081
1.8519268565707736,2.0072588682174684,2.005215573310852,1.9476741552352905,1.9170998930931091,1.7173876762390137,2.4905983209609985,2.9255330562591553,1.379819393157959,2.0072588682174684,1.9823945760726929,1.9365649223327637,1.6890451908111572,2.4761295318603516,2.8598337173461914,1.412595510482788
1.856782979435391,0,2.005215573310852,1.9476741552352905,1.9170998930931091,1.7173876762390137,2.4905983209609985,2.9255330562591553,1.379819393157959,2.0072588682174684,1.9823945760726929,1.9365649223327637,1.6890451908111572,2.4761295318603516,2.8598337173461914,1.412595510482788
1.8500258922576904,2.0072972536087037,2.005215573310852,1.9476741552352905,1.9170998930931091,1.7173876762390137,2.4905983209609985,2.9255330562591553,1.379819393157959,2.0072972536087037,1.9824333190917969,1.9366151690483093,1.689216136932373,2.476125121116638,2.859872341156006,1.4125865697860718
1.8439480861028035,0,2.005215573310852,1.9476741552352905,1.9170998930931091,1.7173876762390137,2.4905983209609985,2.9255330562591553,1.379819393157959,2.0072972536087037,1.9824333190917969,1.9366151690483093,1.689216136932373,2.476125121116638,2.859872341156006,1.4125865697860718
1.8572160402933757,2.0072072029113768,2.005215573310852,1.9476741552352905,1.9170998930931091,1.7173876762390137,2.4905983209609985,2.9255330562591553,1.379819393157959,2.0072072029113768,1.9814456701278687,1.9359411895275116,1.689778447151184,2.476602077484131,2.8621091842651367,1.4116077423095703
1.844374140103658,0,2.005215573310852,1.9476741552352905,1.9170998930931091,1.7173876762390137,2.4905983209609985,2.9255330562591553,1.379819393157959,2.0072072029113768,1.9814456701278687,1.9359411895275116,1.689778447151184,2.476602077484131,2.8621091842651367,1.4116077423095703
1.8631344768736098,2.0071999073028564,2.005215573310852,1.9476741552352905,1.9170998930931091,1.7173876762390137,2.4905983209609985,2.9255330562591553,1.379819393157959,2.0071999073028564,1.9812679290771484,1.935891330242157,1.689901351928711,2.4765820503234863,2.8620359897613525,1.4116661548614502
1.8500794172286987,0,2.005215573310852,1.9476741552352905,1.9170998930931091,1.7173876762390137,2.4905983209609985,2.9255330562591553,1.379819393157959,2.0071999073028564,1.9812679290771484,1.935891330242157,1.689901351928711,2.4765820503234863,2.8620359897613525,1.4116661548614502
1.8527253203921847,2.007278800010681,2.005215573310852,1.9476741552352905,1.9170998930931091,1.7173876762390137,2.4905983209609985,2.9255330562591553,1.379819393157959,2.007278800010681,1.9822468757629395,1.9364719688892365,1.6892660856246948,2.4762338399887085,2.860339641571045,1.4124133586883545
1.8467021783192952,0,2.005215573310852,1.9476741552352905,1.9170998930931091,1.7173876762390137,2.4905983209609985,2.9255330562591553,1.379819393157959,2.007278800010681,1.9822468757629395,1.9364719688892365,1.6892660856246948,2.4762338399887085,2.860339641571045,1.4124133586883545
1.8412781821356878,2.007284164428711,2.005215573310852,1.9476741552352905,1.9170998930931091,1.7173876762390137,2.4905983209609985,2.9255330562591553,1.379819393157959,2.007284164428711,1.9823758602142334,1.9365148842334747,1.6890946626663208,2.4761996269226074,2.8601861000061035,1.4125510454177856
1.8403692245483398,0,2.005215573310852,1.9476741552352905,1.9170998930931091,1.7173876762390137,2.4905983209609985,2.9255330562591553,1.379819393157959,2.007284164428711,1.9823758602142334,1.9365148842334747,1.6890946626663208,2.4761996269226074,2.8601861000061035,1.4125510454177856
1.8717946476406522,2.007249903678894,2.005215573310852,1.9476741552352905,1.9170998930931091,1.7173876762390137,2.4905983209609985,2.9255330562591553,1.379819393157959,2.007249903678894,1.982016921043396,1.9363160133361816,1.689298391342163,2.47635555267334,2.860779285430908,1.4122231006622314
1.851565334531996,0,2.005215573310852,1.9476741552352905,1.9170998930931091,1.7173876762390137,2.4905983209609985,2.9255330562591553,1.379819393157959,2.007249903678894,1.982016921043396,1.9363160133361816,1.689298391342163,2.47635555267334,2.860779285430908,1.4122231006622314
1.860594219631619,2.0072504043579102,2.005215573310852,1.9476741552352905,1.9170998930931091,1.7173876762390137,2.4905983209609985,2.9255330562591553,1.379819393157959,2.0072504043579102,1.9821075201034546,1.9363658428192139,1.6892542839050293,2.47632098197937,2.8606479167938232,1.4122482538223267
1.841759655210707,0,2.005215573310852,1.9476741552352905,1.9170998930931091,1.7173876762390137,2.4905983209609985,2.9255330562591553,1.379819393157959,2.0072504043579102,1.9821075201034546,1.9363658428192139,1.6892542839050293,2.47632098197937,2.8606479167938232,1.4122482538223267
1.8568867842356365,2.0072799921035767,2.005215573310852,1.9476741552352905,1.9170998930931091,1.7173876762390137,2.4905983209609985,2.9255330562591553,1.379819393157959,2.0072799921035767,1.9820914268493652,1.9364209473133087,1.6894227266311646,2.4762896299362183,2.8605010509490967,1.412306547164917
1.833424621158176,0,2.005215573310852,1.9476741552352905,1.9170998930931091,1.7173876762390137,2.4905983209609985,2.9255330562591553,1.379819393157959,2.0072799921035767,1.9820914268493652,1.9364209473133087,1.6894227266311646,2.4762896299362183,2.8605010509490967,1.412306547164917
1.8453623586230807,2.0072887420654295,2.005215573310852,1.9476741552352905,1.9170998930931091,1.7173876762390137,2.4905983209609985,2.9255330562591553,1.379819393157959,2.0072887420654295,1.9823453426361084,1.9365653991699219,1.6892056465148926,2.4761760234832764,2.8599867820739746,1.4125406742095947
1.8310377200444539,0,2.005215573310852,1.9476741552352905,1.9170998930931091,1.7173876762390137,2.4905983209609985,2.9255330562591553,1.379819393157959,2.0072887420654295,1.9823453426361084,1.9365653991699219,1.6892056465148926,2.4761760234832764,2.8599867820739746,1.4125406742095947
1.8380137417051527,2.0072922229766847,2.005215573310852,1.9476741552352905,1.9170998930931091,1.7173876762390137,2.4905983209609985,2.9255330562591553,1.379819393157959,2.0072922229766847,1.98236083984375,1.936571478843689,1.6892809867858887,2.476188898086548,2.8600945472717285,1.4124414920806885
1.8442895544899836,0,2.005215573310852,1.9476741552352905,1.9170998930931091,1.7173876762390137,2.4905983209609985,2.9255330562591553,1.379819393157959,2.0072922229766847,1.98236083984375,1.936571478843689,1.6892809867858887,2.476188898086548,2.8600945472717285,1.4124414920806885
1.8614411486519709,2.007233166694641,2.005215573310852,1.9476741552352905,1.9170998930931091,1.7173876762390137,2.4905983209609985,2.9255330562591553,1.379819393157959,2.007233166694641,1.9822710752487183,1.9364929795265198,1.6891236305236816,2.476229667663574,2.8601531982421875,1.4123117923736572
1.8446488115522597,0,2.005215573310852,1.9476741552352905,1.9170998930931091,1.7173876762390137,2.4905983209609985,2.9255330562591553,1.379819393157959,2.007233166694641,1.9822710752487183,1.9364929795265198,1.6891236305236816,2.476229667663574,2.8601531982421875,1.4123117923736572
1.8387555811140273,2.0072843551635744,2.005215573310852,1.9476741552352905,1.9170998930931091,1.7173876762390137,2.4905983209609985,2.9255330562591553,1.379819393157959,2.0072843551635744,1.982327938079834,1.9365655779838562,1.6892454624176025,2.476168155670166,2.8599753379821777,1.4125120639801025
1.8572245703803167,0,2.005215573310852,1.9476741552352905,1.9170998930931091,1.7173876762390137,2.4905983209609985,2.9255330562591553,1.379819393157959,2.0072843551635744,1.982327938079834,1.9365655779838562,1.6892454624176025,2.476168155670166,2.8599753379821777,1.4125120639801025
1.8368890815311008,2.007255792617798,2.005215573310852,1.9476741552352905,1.9170998930931091,1.7173876762390137,2.4905983209609985,2.9255330562591553,1.379819393157959,2.007255792617798,1.9824135303497314,1.9365874826908112,1.6890422105789185,2.476144552230835,2.8598084449768066,1.4125341176986694
1.8387798335817125,0,2.005215573310852,1.9476741552352905,1.9170998930931091,1.7173876762390137,2.4905983209609985,2.9255330562591553,1.379819393157959,2.007255792617798,1.9824135303497314,1.9365874826908112,1.6890422105789185,2.476144552230835,2.8598084449768066,1.4125341176986694
1.8507607910368178,2.007278823852539,2.005215573310852,1.9476741552352905,1.9170998930931091,1.7173876762390137,2.4905983209609985,2.9255330562591553,1.379819393157959,2.007278823852539,1.9824163913726807,1.9365955889225006,1.6890188455581665,2.476158618927002,2.8597865104675293,1.4126416444778442
1.8735268645816379,0,2.005215573310852,1.9476741552352905,1.9170998930931091,1.7173876762390137,2.4905983209609985,2.9255330562591553,1.379819393157959,2.007278823852539,1.9824163913726807,1.9365955889225006,1.6890188455581665,2.476158618927002,2.8597865104675293,1.4126416444778442
1.8542893727620442,2.0072762250900267,2.005215573310852,1.9476741552352905,1.9170998930931091,1.7173876762390137,2.4905983209609985,2.9255330562591553,1.379819393157959,2.0072762250900267,1.9824680089950562,1.936632364988327,1.6890465021133423,2.4761433601379395,2.8597397804260254,1.412579894065857
1.8390550348493788,0,2.005215573310852,1.9476741552352905,1.9170998930931091,1.7173876762390137,2.4905983209609985,2.9255330562591553,1.379819393157959,2.0072762250900267,1.9824680089950562,1.936632364988327,1.6890465021133423,2.4761433601379395,2.8597397804260254,1.412579894065857
1.839608695771959,2.0072857618331907,2.005215573310852,1.9476741552352905,1.9170998930931091,1.7173876762390137,2.4905983209609985,2.9255330562591553,1.379819393157959,2.0072857618331907,1.9824737310409546,1.936617136001587,1.688995122909546,2.476168155670166,2.8598103523254395,1.412623643875122
1.8466830121146307,0,2.005215573310852,1.9476741552352905,1.9170998930931091,1.7173876762390137,2.4905983209609985,2.9255330562591553,1.379819393157959,2.0072857618331907,1.9824737310409546,1.936617136001587,1.688995122909546,2.476168155670166,2.8598103523254395,1.412623643875122
1.882628983921475,2.0072628974914553,2.005215573310852,1.9476741552352905,1.9170998930931091,1.7173876762390137,2.4905983209609985,2.9255330562591553,1.379819393157959,2.0072628974914553,1.9824813604354858,1.936610221862793,1.688948392868042,2.476147174835205,2.859764575958252,1.4125903844833374
1.8403888410992093,0,2.005215573310852,1.9476741552352905,1.9170998930931091,1.7173876762390137,2.4905983209609985,2.9255330562591553,1.379819393157959,2.0072628974914553,1.9824813604354858,1.936610221862793,1.688948392868042,2.476147174835205,2.859764575958252,1.4125903844833374
1.862084640396966,2.0072593212127687,2.005215573310852,1.9476741552352905,1.9170998930931091,1.7173876762390137,2.4905983209609985,2.9255330562591553,1.379819393157959,2.0072593212127687,1.9824609756469727,1.9365888833999634,1.688948392868042,2.476119041442871,2.859752893447876,1.412649154663086
1.8553201489978366,0,2.005215573310852,1.9476741552352905,1.9170998930931091,1.7173876762390137,2.4905983209609985,2.9255330562591553,1.379819393157959,2.0072593212127687,1.9824609756469727,1.9365888833999634,1.688948392868042,2.476119041442871,2.859752893447876,1.412649154663086
