Tr-loss,Val-loss,b-mean,b-median,b-tri-mean,b-b25,b-wst25,b-wst,b-bst,mean,median,trimean,bst25,wst25,wst95,bst
63.10446251763238,60.79072036743164,60.79072036743164,61.49315643310547,61.014737129211426,59.54695129394531,62.19269371032715,62.859703063964844,58.528106689453125,60.79072036743164,61.49315643310547,61.014737129211426,59.54695129394531,62.19269371032715,62.859703063964844,58.528106689453125
59.67817730373807,0,60.79072036743164,61.49315643310547,61.014737129211426,59.54695129394531,62.19269371032715,62.859703063964844,58.528106689453125,60.79072036743164,61.49315643310547,61.014737129211426,59.54695129394531,62.19269371032715,62.859703063964844,58.528106689453125
55.1694221496582,51.44933242797852,51.44933242797852,52.170249938964844,51.67873001098633,50.19134521484375,52.8826847076416,53.58229446411133,49.11969757080078,51.44933242797852,52.170249938964844,51.67873001098633,50.19134521484375,52.8826847076416,53.58229446411133,49.11969757080078
48.78349049886068,0,51.44933242797852,52.170249938964844,51.67873001098633,50.19134521484375,52.8826847076416,53.58229446411133,49.11969757080078,51.44933242797852,52.170249938964844,51.67873001098633,50.19134521484375,52.8826847076416,53.58229446411133,49.11969757080078
39.55142127143012,32.131782913208006,32.131782913208006,32.83266830444336,32.348960876464844,30.84052276611328,33.657814025878906,34.42564392089844,29.670095443725586,32.131782913208006,32.83266830444336,32.348960876464844,30.84052276611328,33.657814025878906,34.42564392089844,29.670095443725586
26.528241051567925,0,32.131782913208006,32.83266830444336,32.348960876464844,30.84052276611328,33.657814025878906,34.42564392089844,29.670095443725586,32.131782913208006,32.83266830444336,32.348960876464844,30.84052276611328,33.657814025878906,34.42564392089844,29.670095443725586
16.92402108510335,15.283822822570801,15.283822822570801,15.295372009277344,15.287932872772217,15.099451065063477,15.63491153717041,15.808286666870117,14.754467964172363,15.283822822570801,15.295372009277344,15.287932872772217,15.099451065063477,15.63491153717041,15.808286666870117,14.754467964172363
13.375411457485622,0,15.283822822570801,15.295372009277344,15.287932872772217,15.099451065063477,15.63491153717041,15.808286666870117,14.754467964172363,15.283822822570801,15.295372009277344,15.287932872772217,15.099451065063477,15.63491153717041,15.808286666870117,14.754467964172363
8.387659072875977,6.2762223243713375,6.2762223243713375,6.54690408706665,6.577943682670593,6.347460746765137,6.976422548294067,7.082339286804199,4.533901691436768,6.2762223243713375,6.54690408706665,6.577943682670593,6.347460746765137,6.976422548294067,7.082339286804199,4.533901691436768
6.1217390696207685,0,6.2762223243713375,6.54690408706665,6.577943682670593,6.347460746765137,6.976422548294067,7.082339286804199,4.533901691436768,6.2762223243713375,6.54690408706665,6.577943682670593,6.347460746765137,6.976422548294067,7.082339286804199,4.533901691436768
4.913470533159044,5.851346588134765,5.851346588134765,5.510817050933838,5.772385597229004,5.287837982177734,7.70382833480835,8.627586364746094,3.0504212379455566,5.851346588134765,5.510817050933838,5.772385597229004,5.287837982177734,7.70382833480835,8.627586364746094,3.0504212379455566
5.002073738310072,0,5.851346588134765,5.510817050933838,5.772385597229004,5.287837982177734,7.70382833480835,8.627586364746094,3.0504212379455566,5.851346588134765,5.510817050933838,5.772385597229004,5.287837982177734,7.70382833480835,8.627586364746094,3.0504212379455566
4.87121319770813,5.6385270118713375,5.6385270118713375,5.30307674407959,5.465462327003479,4.9123640060424805,7.381977796554565,8.420623779296875,3.2132387161254883,5.6385270118713375,5.30307674407959,5.465462327003479,4.9123640060424805,7.381977796554565,8.420623779296875,3.2132387161254883
4.864784479141235,0,5.6385270118713375,5.30307674407959,5.465462327003479,4.9123640060424805,7.381977796554565,8.420623779296875,3.2132387161254883,5.6385270118713375,5.30307674407959,5.465462327003479,4.9123640060424805,7.381977796554565,8.420623779296875,3.2132387161254883
4.888066715664333,5.5286448955535885,5.5286448955535885,5.307638168334961,5.39484167098999,4.891955852508545,7.154910326004028,8.237686157226562,3.133809804916382,5.5286448955535885,5.307638168334961,5.39484167098999,4.891955852508545,7.154910326004028,8.237686157226562,3.133809804916382
4.844881137212117,0,5.5286448955535885,5.307638168334961,5.39484167098999,4.891955852508545,7.154910326004028,8.237686157226562,3.133809804916382,5.5286448955535885,5.307638168334961,5.39484167098999,4.891955852508545,7.154910326004028,8.237686157226562,3.133809804916382
4.854726605945164,5.504983234405517,5.504983234405517,5.259550094604492,5.360071778297424,4.871356010437012,7.1347997188568115,8.219768524169922,3.124410629272461,5.504983234405517,5.259550094604492,5.360071778297424,4.871356010437012,7.1347997188568115,8.219768524169922,3.124410629272461
4.739794307284885,0,5.504983234405517,5.259550094604492,5.360071778297424,4.871356010437012,7.1347997188568115,8.219768524169922,3.124410629272461,5.504983234405517,5.259550094604492,5.360071778297424,4.871356010437012,7.1347997188568115,8.219768524169922,3.124410629272461
4.777632872263591,5.479069614410401,5.479069614410401,5.206655025482178,5.319128751754761,4.844583511352539,7.108509540557861,8.198397636413574,3.1270904541015625,5.479069614410401,5.206655025482178,5.319128751754761,4.844583511352539,7.108509540557861,8.198397636413574,3.1270904541015625
4.748715718587239,0,5.479069614410401,5.206655025482178,5.319128751754761,4.844583511352539,7.108509540557861,8.198397636413574,3.1270904541015625,5.479069614410401,5.206655025482178,5.319128751754761,4.844583511352539,7.108509540557861,8.198397636413574,3.1270904541015625
4.719335556030273,5.3994669914245605,5.3994669914245605,5.212665557861328,5.264431715011597,4.850213050842285,6.911430358886719,8.040678024291992,3.111595630645752,5.3994669914245605,5.212665557861328,5.264431715011597,4.850213050842285,6.911430358886719,8.040678024291992,3.111595630645752
4.73913590113322,0,5.3994669914245605,5.212665557861328,5.264431715011597,4.850213050842285,6.911430358886719,8.040678024291992,3.111595630645752,5.3994669914245605,5.212665557861328,5.264431715011597,4.850213050842285,6.911430358886719,8.040678024291992,3.111595630645752
4.732772800657484,5.388015842437744,5.388015842437744,5.1314826011657715,5.227028965950012,4.814046859741211,6.949723958969116,8.068344116210938,3.095101833343506,5.388015842437744,5.1314826011657715,5.227028965950012,4.814046859741211,6.949723958969116,8.068344116210938,3.095101833343506
4.642023113038805,0,5.388015842437744,5.1314826011657715,5.227028965950012,4.814046859741211,6.949723958969116,8.068344116210938,3.095101833343506,5.388015842437744,5.1314826011657715,5.227028965950012,4.814046859741211,6.949723958969116,8.068344116210938,3.095101833343506
4.742199314965142,5.31156096458435,5.31156096458435,5.103788375854492,5.16047465801239,4.817673683166504,6.773372650146484,7.9300971031188965,3.089597463607788,5.31156096458435,5.103788375854492,5.16047465801239,4.817673683166504,6.773372650146484,7.9300971031188965,3.089597463607788
4.7745466232299805,0,5.31156096458435,5.103788375854492,5.16047465801239,4.817673683166504,6.773372650146484,7.9300971031188965,3.089597463607788,5.31156096458435,5.103788375854492,5.16047465801239,4.817673683166504,6.773372650146484,7.9300971031188965,3.089597463607788
4.69302052921719,5.401175403594971,5.31156096458435,5.103788375854492,5.16047465801239,4.817673683166504,6.773372650146484,7.9300971031188965,3.089597463607788,5.401175403594971,5.034785747528076,5.169875383377075,4.751363754272461,6.978032112121582,8.097497940063477,3.2636632919311523
4.722894191741943,0,5.31156096458435,5.103788375854492,5.16047465801239,4.817673683166504,6.773372650146484,7.9300971031188965,3.089597463607788,5.401175403594971,5.034785747528076,5.169875383377075,4.751363754272461,6.978032112121582,8.097497940063477,3.2636632919311523
4.615718974007501,5.319435405731201,5.31156096458435,5.103788375854492,5.16047465801239,4.817673683166504,6.773372650146484,7.9300971031188965,3.089597463607788,5.319435405731201,4.991150379180908,5.125471591949463,4.768869400024414,6.874582767486572,7.998449325561523,3.087991714477539
4.531075292163425,0,5.31156096458435,5.103788375854492,5.16047465801239,4.817673683166504,6.773372650146484,7.9300971031188965,3.089597463607788,5.319435405731201,4.991150379180908,5.125471591949463,4.768869400024414,6.874582767486572,7.998449325561523,3.087991714477539
4.51600530412462,5.201299381256104,5.201299381256104,4.915412902832031,5.01381778717041,4.7861833572387695,6.620326519012451,7.802391052246094,3.0642476081848145,5.201299381256104,4.915412902832031,5.01381778717041,4.7861833572387695,6.620326519012451,7.802391052246094,3.0642476081848145
4.545566903220283,0,5.201299381256104,4.915412902832031,5.01381778717041,4.7861833572387695,6.620326519012451,7.802391052246094,3.0642476081848145,5.201299381256104,4.915412902832031,5.01381778717041,4.7861833572387695,6.620326519012451,7.802391052246094,3.0642476081848145
4.455835236443414,5.179644393920898,5.179644393920898,4.84252405166626,4.9699320793151855,4.765679359436035,6.6078057289123535,7.7866106033325195,3.0744071006774902,5.179644393920898,4.84252405166626,4.9699320793151855,4.765679359436035,6.6078057289123535,7.7866106033325195,3.0744071006774902
4.534412225087483,0,5.179644393920898,4.84252405166626,4.9699320793151855,4.765679359436035,6.6078057289123535,7.7866106033325195,3.0744071006774902,5.179644393920898,4.84252405166626,4.9699320793151855,4.765679359436035,6.6078057289123535,7.7866106033325195,3.0744071006774902
4.496397813161214,5.126156854629516,5.126156854629516,5.051154136657715,5.032807946205139,4.804949760437012,6.277682065963745,7.331390380859375,3.219316244125366,5.126156854629516,5.051154136657715,5.032807946205139,4.804949760437012,6.277682065963745,7.331390380859375,3.219316244125366
4.538919501834446,0,5.126156854629516,5.051154136657715,5.032807946205139,4.804949760437012,6.277682065963745,7.331390380859375,3.219316244125366,5.126156854629516,5.051154136657715,5.032807946205139,4.804949760437012,6.277682065963745,7.331390380859375,3.219316244125366
4.359056234359741,5.031602478027343,5.031602478027343,4.752277374267578,4.8129929304122925,4.660368919372559,6.318114995956421,7.549181938171387,3.1091361045837402,5.031602478027343,4.752277374267578,4.8129929304122925,4.660368919372559,6.318114995956421,7.549181938171387,3.1091361045837402
4.293811665640937,0,5.031602478027343,4.752277374267578,4.8129929304122925,4.660368919372559,6.318114995956421,7.549181938171387,3.1091361045837402,5.031602478027343,4.752277374267578,4.8129929304122925,4.660368919372559,6.318114995956421,7.549181938171387,3.1091361045837402
4.297092808617486,4.959245586395264,4.959245586395264,4.896678447723389,4.838924884796143,4.634953498840332,6.151132583618164,7.374876022338867,2.9623308181762695,4.959245586395264,4.896678447723389,4.838924884796143,4.634953498840332,6.151132583618164,7.374876022338867,2.9623308181762695
4.304991006851196,0,4.959245586395264,4.896678447723389,4.838924884796143,4.634953498840332,6.151132583618164,7.374876022338867,2.9623308181762695,4.959245586395264,4.896678447723389,4.838924884796143,4.634953498840332,6.151132583618164,7.374876022338867,2.9623308181762695
4.306664122475518,4.85766019821167,4.85766019821167,4.610210418701172,4.69272768497467,4.5596208572387695,6.0792460441589355,7.167623043060303,2.959977626800537,4.85766019821167,4.610210418701172,4.69272768497467,4.5596208572387695,6.0792460441589355,7.167623043060303,2.959977626800537
4.18186264567905,0,4.85766019821167,4.610210418701172,4.69272768497467,4.5596208572387695,6.0792460441589355,7.167623043060303,2.959977626800537,4.85766019821167,4.610210418701172,4.69272768497467,4.5596208572387695,6.0792460441589355,7.167623043060303,2.959977626800537
4.208506319257948,4.840556907653808,4.840556907653808,4.605099201202393,4.694079160690308,4.512170791625977,6.085452556610107,7.116957664489746,2.914609432220459,4.840556907653808,4.605099201202393,4.694079160690308,4.512170791625977,6.085452556610107,7.116957664489746,2.914609432220459
4.164550701777141,0,4.840556907653808,4.605099201202393,4.694079160690308,4.512170791625977,6.085452556610107,7.116957664489746,2.914609432220459,4.840556907653808,4.605099201202393,4.694079160690308,4.512170791625977,6.085452556610107,7.116957664489746,2.914609432220459
4.13198381000095,4.756152629852295,4.756152629852295,4.423342704772949,4.568866968154907,4.398896217346191,6.005037307739258,6.980188369750977,2.9484496116638184,4.756152629852295,4.423342704772949,4.568866968154907,4.398896217346191,6.005037307739258,6.980188369750977,2.9484496116638184
4.087342394722833,0,4.756152629852295,4.423342704772949,4.568866968154907,4.398896217346191,6.005037307739258,6.980188369750977,2.9484496116638184,4.756152629852295,4.423342704772949,4.568866968154907,4.398896217346191,6.005037307739258,6.980188369750977,2.9484496116638184
4.081641647550795,4.753983402252198,4.753983402252198,4.434067249298096,4.611919164657593,4.369821548461914,6.0437445640563965,6.877768516540527,2.8785390853881836,4.753983402252198,4.434067249298096,4.611919164657593,4.369821548461914,6.0437445640563965,6.877768516540527,2.8785390853881836
4.069298611746894,0,4.753983402252198,4.434067249298096,4.611919164657593,4.369821548461914,6.0437445640563965,6.877768516540527,2.8785390853881836,4.753983402252198,4.434067249298096,4.611919164657593,4.369821548461914,6.0437445640563965,6.877768516540527,2.8785390853881836
4.018749104605781,4.735590887069702,4.735590887069702,4.411102294921875,4.6073222160339355,4.326162338256836,6.042033910751343,6.803145885467529,2.8566219806671143,4.735590887069702,4.411102294921875,4.6073222160339355,4.326162338256836,6.042033910751343,6.803145885467529,2.8566219806671143
4.048109478420681,0,4.735590887069702,4.411102294921875,4.6073222160339355,4.326162338256836,6.042033910751343,6.803145885467529,2.8566219806671143,4.735590887069702,4.411102294921875,4.6073222160339355,4.326162338256836,6.042033910751343,6.803145885467529,2.8566219806671143
3.9475699795617,4.681473255157471,4.681473255157471,4.333168983459473,4.538965702056885,4.232083320617676,5.986125946044922,6.714810371398926,2.8698620796203613,4.681473255157471,4.333168983459473,4.538965702056885,4.232083320617676,5.986125946044922,6.714810371398926,2.8698620796203613
3.9805235068003335,0,4.681473255157471,4.333168983459473,4.538965702056885,4.232083320617676,5.986125946044922,6.714810371398926,2.8698620796203613,4.681473255157471,4.333168983459473,4.538965702056885,4.232083320617676,5.986125946044922,6.714810371398926,2.8698620796203613
3.973488304350111,4.668100595474243,4.668100595474243,4.281766891479492,4.47429621219635,4.260106563568115,5.903723239898682,6.7339019775390625,2.991183042526245,4.668100595474243,4.281766891479492,4.47429621219635,4.260106563568115,5.903723239898682,6.7339019775390625,2.991183042526245
3.9938396082984076,0,4.668100595474243,4.281766891479492,4.47429621219635,4.260106563568115,5.903723239898682,6.7339019775390625,2.991183042526245,4.668100595474243,4.281766891479492,4.47429621219635,4.260106563568115,5.903723239898682,6.7339019775390625,2.991183042526245
3.9775801764594183,4.681124210357666,4.668100595474243,4.281766891479492,4.47429621219635,4.260106563568115,5.903723239898682,6.7339019775390625,2.991183042526245,4.681124210357666,4.309483051300049,4.540502667427063,4.299927234649658,5.971510171890259,6.6999030113220215,2.8531904220581055
3.959213230344984,0,4.668100595474243,4.281766891479492,4.47429621219635,4.260106563568115,5.903723239898682,6.7339019775390625,2.991183042526245,4.681124210357666,4.309483051300049,4.540502667427063,4.299927234649658,5.971510171890259,6.6999030113220215,2.8531904220581055
3.96643058458964,4.651733875274658,4.651733875274658,4.2656707763671875,4.494811296463013,4.260313987731934,5.920267105102539,6.652944564819336,2.892150402069092,4.651733875274658,4.2656707763671875,4.494811296463013,4.260313987731934,5.920267105102539,6.652944564819336,2.892150402069092
3.9570507208506265,0,4.651733875274658,4.2656707763671875,4.494811296463013,4.260313987731934,5.920267105102539,6.652944564819336,2.892150402069092,4.651733875274658,4.2656707763671875,4.494811296463013,4.260313987731934,5.920267105102539,6.652944564819336,2.892150402069092
3.9551065497928195,4.608498191833496,4.608498191833496,4.234636306762695,4.416933655738831,4.18104362487793,5.8023107051849365,6.587203025817871,3.0221896171569824,4.608498191833496,4.234636306762695,4.416933655738831,4.18104362487793,5.8023107051849365,6.587203025817871,3.0221896171569824
3.960534599092272,0,4.608498191833496,4.234636306762695,4.416933655738831,4.18104362487793,5.8023107051849365,6.587203025817871,3.0221896171569824,4.608498191833496,4.234636306762695,4.416933655738831,4.18104362487793,5.8023107051849365,6.587203025817871,3.0221896171569824
3.760538207160102,4.493679809570312,4.493679809570312,4.225971221923828,4.457767069339752,3.8106729984283447,5.857292890548706,6.146132946014404,2.7171690464019775,4.493679809570312,4.225971221923828,4.457767069339752,3.8106729984283447,5.857292890548706,6.146132946014404,2.7171690464019775
3.7503055731455484,0,4.493679809570312,4.225971221923828,4.457767069339752,3.8106729984283447,5.857292890548706,6.146132946014404,2.7171690464019775,4.493679809570312,4.225971221923828,4.457767069339752,3.8106729984283447,5.857292890548706,6.146132946014404,2.7171690464019775
3.8088169362809925,4.517671775817871,4.493679809570312,4.225971221923828,4.457767069339752,3.8106729984283447,5.857292890548706,6.146132946014404,2.7171690464019775,4.517671775817871,4.186177730560303,4.246945858001709,3.9519314765930176,5.528791189193726,6.394085884094238,3.392667293548584
3.7953510814242892,0,4.493679809570312,4.225971221923828,4.457767069339752,3.8106729984283447,5.857292890548706,6.146132946014404,2.7171690464019775,4.517671775817871,4.186177730560303,4.246945858001709,3.9519314765930176,5.528791189193726,6.394085884094238,3.392667293548584
3.6515105035569935,4.285143709182739,4.285143709182739,3.9494335651397705,4.148440182209015,3.627753496170044,5.542542219161987,6.0179443359375,2.7634470462799072,4.285143709182739,3.9494335651397705,4.148440182209015,3.627753496170044,5.542542219161987,6.0179443359375,2.7634470462799072
3.6969816419813366,0,4.285143709182739,3.9494335651397705,4.148440182209015,3.627753496170044,5.542542219161987,6.0179443359375,2.7634470462799072,4.285143709182739,3.9494335651397705,4.148440182209015,3.627753496170044,5.542542219161987,6.0179443359375,2.7634470462799072
3.660714626312256,4.272838306427002,4.272838306427002,3.997898817062378,4.223334789276123,3.495974063873291,5.618024587631226,5.834481716156006,2.6342694759368896,4.272838306427002,3.997898817062378,4.223334789276123,3.495974063873291,5.618024587631226,5.834481716156006,2.6342694759368896
3.6947753694322376,0,4.272838306427002,3.997898817062378,4.223334789276123,3.495974063873291,5.618024587631226,5.834481716156006,2.6342694759368896,4.272838306427002,3.997898817062378,4.223334789276123,3.495974063873291,5.618024587631226,5.834481716156006,2.6342694759368896
3.53157279226515,4.249826240539551,4.249826240539551,3.9301700592041016,4.041494369506836,3.5796542167663574,5.35782265663147,5.989662170410156,3.0236616134643555,4.249826240539551,3.9301700592041016,4.041494369506836,3.5796542167663574,5.35782265663147,5.989662170410156,3.0236616134643555
3.6339954005347357,0,4.249826240539551,3.9301700592041016,4.041494369506836,3.5796542167663574,5.35782265663147,5.989662170410156,3.0236616134643555,4.249826240539551,3.9301700592041016,4.041494369506836,3.5796542167663574,5.35782265663147,5.989662170410156,3.0236616134643555
3.6287668810950384,4.10950198173523,4.10950198173523,3.85267972946167,4.046673774719238,3.175924301147461,5.428435802459717,5.551460266113281,2.662034273147583,4.10950198173523,3.85267972946167,4.046673774719238,3.175924301147461,5.428435802459717,5.551460266113281,2.662034273147583
3.5109044975704617,0,4.10950198173523,3.85267972946167,4.046673774719238,3.175924301147461,5.428435802459717,5.551460266113281,2.662034273147583,4.10950198173523,3.85267972946167,4.046673774719238,3.175924301147461,5.428435802459717,5.551460266113281,2.662034273147583
3.427860736846924,4.05500864982605,4.05500864982605,3.7804837226867676,3.985607862472534,3.176830291748047,5.367281675338745,5.5299296379089355,2.5831658840179443,4.05500864982605,3.7804837226867676,3.985607862472534,3.176830291748047,5.367281675338745,5.5299296379089355,2.5831658840179443
3.431802617179023,0,4.05500864982605,3.7804837226867676,3.985607862472534,3.176830291748047,5.367281675338745,5.5299296379089355,2.5831658840179443,4.05500864982605,3.7804837226867676,3.985607862472534,3.176830291748047,5.367281675338745,5.5299296379089355,2.5831658840179443
3.437473032209608,4.069265842437744,4.05500864982605,3.7804837226867676,3.985607862472534,3.176830291748047,5.367281675338745,5.5299296379089355,2.5831658840179443,4.069265842437744,3.82541561126709,4.04545396566391,3.210639238357544,5.399383783340454,5.478422164916992,2.5115067958831787
3.3981951342688665,0,4.05500864982605,3.7804837226867676,3.985607862472534,3.176830291748047,5.367281675338745,5.5299296379089355,2.5831658840179443,4.069265842437744,3.82541561126709,4.04545396566391,3.210639238357544,5.399383783340454,5.478422164916992,2.5115067958831787
3.329809930589464,3.9816843032836915,3.9816843032836915,3.6877737045288086,3.864174485206604,3.2431721687316895,5.18928861618042,5.5405988693237305,2.598898410797119,3.9816843032836915,3.6877737045288086,3.864174485206604,3.2431721687316895,5.18928861618042,5.5405988693237305,2.598898410797119
3.412135468588935,0,3.9816843032836915,3.6877737045288086,3.864174485206604,3.2431721687316895,5.18928861618042,5.5405988693237305,2.598898410797119,3.9816843032836915,3.6877737045288086,3.864174485206604,3.2431721687316895,5.18928861618042,5.5405988693237305,2.598898410797119
3.4254580073886447,3.9584283351898195,3.9584283351898195,3.7480263710021973,3.91839063167572,2.969837188720703,5.275663614273071,5.343654632568359,2.5229508876800537,3.9584283351898195,3.7480263710021973,3.91839063167572,2.969837188720703,5.275663614273071,5.343654632568359,2.5229508876800537
3.3250355455610485,0,3.9584283351898195,3.7480263710021973,3.91839063167572,2.969837188720703,5.275663614273071,5.343654632568359,2.5229508876800537,3.9584283351898195,3.7480263710021973,3.91839063167572,2.969837188720703,5.275663614273071,5.343654632568359,2.5229508876800537
3.3476726479000516,3.81013560295105,3.81013560295105,3.5803868770599365,3.7500776052474976,2.7711691856384277,5.101691007614136,5.135014533996582,2.4957399368286133,3.81013560295105,3.5803868770599365,3.7500776052474976,2.7711691856384277,5.101691007614136,5.135014533996582,2.4957399368286133
3.2839108308156333,0,3.81013560295105,3.5803868770599365,3.7500776052474976,2.7711691856384277,5.101691007614136,5.135014533996582,2.4957399368286133,3.81013560295105,3.5803868770599365,3.7500776052474976,2.7711691856384277,5.101691007614136,5.135014533996582,2.4957399368286133
3.202212413152059,3.721038246154785,3.721038246154785,3.4673757553100586,3.6026968955993652,2.780620574951172,4.911487817764282,5.127560138702393,2.534219264984131,3.721038246154785,3.4673757553100586,3.6026968955993652,2.780620574951172,4.911487817764282,5.127560138702393,2.534219264984131
3.1165485117170544,0,3.721038246154785,3.4673757553100586,3.6026968955993652,2.780620574951172,4.911487817764282,5.127560138702393,2.534219264984131,3.721038246154785,3.4673757553100586,3.6026968955993652,2.780620574951172,4.911487817764282,5.127560138702393,2.534219264984131
3.094459162818061,3.766644763946533,3.721038246154785,3.4673757553100586,3.6026968955993652,2.780620574951172,4.911487817764282,5.127560138702393,2.534219264984131,3.766644763946533,3.5248923301696777,3.576099991798401,2.8771700859069824,4.80504584312439,5.232646465301514,2.8210697174072266
3.15316375096639,0,3.721038246154785,3.4673757553100586,3.6026968955993652,2.780620574951172,4.911487817764282,5.127560138702393,2.534219264984131,3.766644763946533,3.5248923301696777,3.576099991798401,2.8771700859069824,4.80504584312439,5.232646465301514,2.8210697174072266
3.1668859587775335,3.6281818389892577,3.6281818389892577,3.4010956287384033,3.477956771850586,2.741150379180908,4.692071437835693,5.015657424926758,2.614520311355591,3.6281818389892577,3.4010956287384033,3.477956771850586,2.741150379180908,4.692071437835693,5.015657424926758,2.614520311355591
3.1383410824669733,0,3.6281818389892577,3.4010956287384033,3.477956771850586,2.741150379180908,4.692071437835693,5.015657424926758,2.614520311355591,3.6281818389892577,3.4010956287384033,3.477956771850586,2.741150379180908,4.692071437835693,5.015657424926758,2.614520311355591
3.0140403111775718,3.523586130142212,3.523586130142212,3.3309667110443115,3.430855631828308,2.4420175552368164,4.779369115829468,4.939266681671143,2.286208152770996,3.523586130142212,3.3309667110443115,3.430855631828308,2.4420175552368164,4.779369115829468,4.939266681671143,2.286208152770996
2.889976527955797,0,3.523586130142212,3.3309667110443115,3.430855631828308,2.4420175552368164,4.779369115829468,4.939266681671143,2.286208152770996,3.523586130142212,3.3309667110443115,3.430855631828308,2.4420175552368164,4.779369115829468,4.939266681671143,2.286208152770996
2.9049209223853216,3.3935020923614503,3.3935020923614503,3.191505193710327,3.314449429512024,2.3781514167785645,4.542830467224121,4.589025020599365,2.312192916870117,3.3935020923614503,3.191505193710327,3.314449429512024,2.3781514167785645,4.542830467224121,4.589025020599365,2.312192916870117
2.9359910753038196,0,3.3935020923614503,3.191505193710327,3.314449429512024,2.3781514167785645,4.542830467224121,4.589025020599365,2.312192916870117,3.3935020923614503,3.191505193710327,3.314449429512024,2.3781514167785645,4.542830467224121,4.589025020599365,2.312192916870117
2.830831183327569,3.413914108276367,3.3935020923614503,3.191505193710327,3.314449429512024,2.3781514167785645,4.542830467224121,4.589025020599365,2.312192916870117,3.413914108276367,3.2233569622039795,3.3139841556549072,2.656618595123291,4.428989887237549,4.705375671386719,2.3316152095794678
2.88375194867452,0,3.3935020923614503,3.191505193710327,3.314449429512024,2.3781514167785645,4.542830467224121,4.589025020599365,2.312192916870117,3.413914108276367,3.2233569622039795,3.3139841556549072,2.656618595123291,4.428989887237549,4.705375671386719,2.3316152095794678
2.8316831323835583,3.3349499702453613,3.3349499702453613,3.2049813270568848,3.201629400253296,2.245431900024414,4.554495334625244,4.957867622375488,2.1153459548950195,3.3349499702453613,3.2049813270568848,3.201629400253296,2.245431900024414,4.554495334625244,4.957867622375488,2.1153459548950195
2.7226863702138266,0,3.3349499702453613,3.2049813270568848,3.201629400253296,2.245431900024414,4.554495334625244,4.957867622375488,2.1153459548950195,3.3349499702453613,3.2049813270568848,3.201629400253296,2.245431900024414,4.554495334625244,4.957867622375488,2.1153459548950195
2.675800879796346,3.1163581371307374,3.1163581371307374,2.956850528717041,3.0533626079559326,2.1668224334716797,4.257940769195557,4.3829545974731445,1.9422361850738525,3.1163581371307374,2.956850528717041,3.0533626079559326,2.1668224334716797,4.257940769195557,4.3829545974731445,1.9422361850738525
2.6656342347462973,0,3.1163581371307374,2.956850528717041,3.0533626079559326,2.1668224334716797,4.257940769195557,4.3829545974731445,1.9422361850738525,3.1163581371307374,2.956850528717041,3.0533626079559326,2.1668224334716797,4.257940769195557,4.3829545974731445,1.9422361850738525
2.6271889872021146,3.0385873794555662,3.0385873794555662,2.9021999835968018,2.9953343868255615,2.1475133895874023,4.139013051986694,4.248601913452148,1.8651974201202393,3.0385873794555662,2.9021999835968018,2.9953343868255615,2.1475133895874023,4.139013051986694,4.248601913452148,1.8651974201202393
2.645825650956896,0,3.0385873794555662,2.9021999835968018,2.9953343868255615,2.1475133895874023,4.139013051986694,4.248601913452148,1.8651974201202393,3.0385873794555662,2.9021999835968018,2.9953343868255615,2.1475133895874023,4.139013051986694,4.248601913452148,1.8651974201202393
2.639059556855096,3.0623875141143797,3.0385873794555662,2.9021999835968018,2.9953343868255615,2.1475133895874023,4.139013051986694,4.248601913452148,1.8651974201202393,3.0623875141143797,2.9211132526397705,3.0399184823036194,2.422377824783325,4.040914297103882,4.186758995056152,1.88661789894104
2.6901539961496987,0,3.0385873794555662,2.9021999835968018,2.9953343868255615,2.1475133895874023,4.139013051986694,4.248601913452148,1.8651974201202393,3.0623875141143797,2.9211132526397705,3.0399184823036194,2.422377824783325,4.040914297103882,4.186758995056152,1.88661789894104
2.5671318901909723,2.9171983003616333,2.9171983003616333,2.830723524093628,2.7892106473445892,1.9123667478561401,4.05634880065918,4.529668807983398,1.730203628540039,2.9171983003616333,2.830723524093628,2.7892106473445892,1.9123667478561401,4.05634880065918,4.529668807983398,1.730203628540039
2.422736485799154,0,2.9171983003616333,2.830723524093628,2.7892106473445892,1.9123667478561401,4.05634880065918,4.529668807983398,1.730203628540039,2.9171983003616333,2.830723524093628,2.7892106473445892,1.9123667478561401,4.05634880065918,4.529668807983398,1.730203628540039
2.5088124407662287,2.8245938062667846,2.8245938062667846,2.7037646770477295,2.7041772305965424,1.9003385305404663,3.9439852237701416,4.379129409790039,1.6308953762054443,2.8245938062667846,2.7037646770477295,2.7041772305965424,1.9003385305404663,3.9439852237701416,4.379129409790039,1.6308953762054443
2.3961287869347467,0,2.8245938062667846,2.7037646770477295,2.7041772305965424,1.9003385305404663,3.9439852237701416,4.379129409790039,1.6308953762054443,2.8245938062667846,2.7037646770477295,2.7041772305965424,1.9003385305404663,3.9439852237701416,4.379129409790039,1.6308953762054443
2.4744084676106772,2.8010872840881347,2.8010872840881347,2.6853139400482178,2.7947075963020325,2.0485544204711914,3.8451924324035645,3.930736780166626,1.5811831951141357,2.8010872840881347,2.6853139400482178,2.7947075963020325,2.0485544204711914,3.8451924324035645,3.930736780166626,1.5811831951141357
2.4270888699425592,0,2.8010872840881347,2.6853139400482178,2.7947075963020325,2.0485544204711914,3.8451924324035645,3.930736780166626,1.5811831951141357,2.8010872840881347,2.6853139400482178,2.7947075963020325,2.0485544204711914,3.8451924324035645,3.930736780166626,1.5811831951141357
2.407359096739027,2.7127679109573366,2.7127679109573366,2.5996575355529785,2.6009913980960846,1.7823988199234009,3.8214058876037598,4.220560073852539,1.5389714241027832,2.7127679109573366,2.5996575355529785,2.6009913980960846,1.7823988199234009,3.8214058876037598,4.220560073852539,1.5389714241027832
2.3066749572753906,0,2.7127679109573366,2.5996575355529785,2.6009913980960846,1.7823988199234009,3.8214058876037598,4.220560073852539,1.5389714241027832,2.7127679109573366,2.5996575355529785,2.6009913980960846,1.7823988199234009,3.8214058876037598,4.220560073852539,1.5389714241027832
2.416747384601169,2.674545240402222,2.674545240402222,2.610217809677124,2.6265640258789062,1.8279085159301758,3.7148454189300537,3.9717788696289062,1.5049090385437012,2.674545240402222,2.610217809677124,2.6265640258789062,1.8279085159301758,3.7148454189300537,3.9717788696289062,1.5049090385437012
2.276013003455268,0,2.674545240402222,2.610217809677124,2.6265640258789062,1.8279085159301758,3.7148454189300537,3.9717788696289062,1.5049090385437012,2.674545240402222,2.610217809677124,2.6265640258789062,1.8279085159301758,3.7148454189300537,3.9717788696289062,1.5049090385437012
2.346190267139011,2.639763879776001,2.639763879776001,2.5798535346984863,2.519643187522888,1.7008390426635742,3.696457624435425,4.174888610839844,1.5252115726470947,2.639763879776001,2.5798535346984863,2.519643187522888,1.7008390426635742,3.696457624435425,4.174888610839844,1.5252115726470947
2.2668593327204385,0,2.639763879776001,2.5798535346984863,2.519643187522888,1.7008390426635742,3.696457624435425,4.174888610839844,1.5252115726470947,2.639763879776001,2.5798535346984863,2.519643187522888,1.7008390426635742,3.696457624435425,4.174888610839844,1.5252115726470947
2.281839450200399,2.5964545726776125,2.5964545726776125,2.5313687324523926,2.474117189645767,1.6704546213150024,3.6481213569641113,4.132966041564941,1.4842067956924438,2.5964545726776125,2.5313687324523926,2.474117189645767,1.6704546213150024,3.6481213569641113,4.132966041564941,1.4842067956924438
2.2687970797220864,0,2.5964545726776125,2.5313687324523926,2.474117189645767,1.6704546213150024,3.6481213569641113,4.132966041564941,1.4842067956924438,2.5964545726776125,2.5313687324523926,2.474117189645767,1.6704546213150024,3.6481213569641113,4.132966041564941,1.4842067956924438
2.238661077287462,2.547759437561035,2.547759437561035,2.408993721008301,2.4507716596126556,1.7612284421920776,3.572665810585022,3.9214608669281006,1.4232434034347534,2.547759437561035,2.408993721008301,2.4507716596126556,1.7612284421920776,3.572665810585022,3.9214608669281006,1.4232434034347534
2.30641331937578,0,2.547759437561035,2.408993721008301,2.4507716596126556,1.7612284421920776,3.572665810585022,3.9214608669281006,1.4232434034347534,2.547759437561035,2.408993721008301,2.4507716596126556,1.7612284421920776,3.572665810585022,3.9214608669281006,1.4232434034347534
2.216590470737881,2.508812665939331,2.508812665939331,2.3333005905151367,2.363308072090149,1.6971261501312256,3.551707148551941,4.013909339904785,1.4102222919464111,2.508812665939331,2.3333005905151367,2.363308072090149,1.6971261501312256,3.551707148551941,4.013909339904785,1.4102222919464111
2.170345942179362,0,2.508812665939331,2.3333005905151367,2.363308072090149,1.6971261501312256,3.551707148551941,4.013909339904785,1.4102222919464111,2.508812665939331,2.3333005905151367,2.363308072090149,1.6971261501312256,3.551707148551941,4.013909339904785,1.4102222919464111
2.2339051299624972,2.4965712308883665,2.4965712308883665,2.3669774532318115,2.415503114461899,1.8384696245193481,3.4228826761245728,3.7561774253845215,1.4316437244415283,2.4965712308883665,2.3669774532318115,2.415503114461899,1.8384696245193481,3.4228826761245728,3.7561774253845215,1.4316437244415283
2.209549970097012,0,2.4965712308883665,2.3669774532318115,2.415503114461899,1.8384696245193481,3.4228826761245728,3.7561774253845215,1.4316437244415283,2.4965712308883665,2.3669774532318115,2.415503114461899,1.8384696245193481,3.4228826761245728,3.7561774253845215,1.4316437244415283
2.2160478168063693,2.518022346496582,2.4965712308883665,2.3669774532318115,2.415503114461899,1.8384696245193481,3.4228826761245728,3.7561774253845215,1.4316437244415283,2.518022346496582,2.378286361694336,2.4695397913455963,1.943719506263733,3.3897770643234253,3.60168719291687,1.4885517358779907
2.1958213249842324,0,2.4965712308883665,2.3669774532318115,2.415503114461899,1.8384696245193481,3.4228826761245728,3.7561774253845215,1.4316437244415283,2.518022346496582,2.378286361694336,2.4695397913455963,1.943719506263733,3.3897770643234253,3.60168719291687,1.4885517358779907
2.1485027604632907,2.406034994125366,2.406034994125366,2.2478833198547363,2.2411137223243713,1.6153721809387207,3.3952850103378296,3.937253952026367,1.3763494491577148,2.406034994125366,2.2478833198547363,2.2411137223243713,1.6153721809387207,3.3952850103378296,3.937253952026367,1.3763494491577148
2.1618134445614285,0,2.406034994125366,2.2478833198547363,2.2411137223243713,1.6153721809387207,3.3952850103378296,3.937253952026367,1.3763494491577148,2.406034994125366,2.2478833198547363,2.2411137223243713,1.6153721809387207,3.3952850103378296,3.937253952026367,1.3763494491577148
2.1786971622043185,2.3854537487030028,2.3854537487030028,2.193242311477661,2.221935510635376,1.6277501583099365,3.366398572921753,3.8592898845672607,1.3734791278839111,2.3854537487030028,2.193242311477661,2.221935510635376,1.6277501583099365,3.366398572921753,3.8592898845672607,1.3734791278839111
2.1850895219379,0,2.3854537487030028,2.193242311477661,2.221935510635376,1.6277501583099365,3.366398572921753,3.8592898845672607,1.3734791278839111,2.3854537487030028,2.193242311477661,2.221935510635376,1.6277501583099365,3.366398572921753,3.8592898845672607,1.3734791278839111
2.1941477590137057,2.370969128608704,2.370969128608704,2.159505844116211,2.209487646818161,1.6465071439743042,3.3289287090301514,3.7854256629943848,1.3909752368927002,2.370969128608704,2.159505844116211,2.209487646818161,1.6465071439743042,3.3289287090301514,3.7854256629943848,1.3909752368927002
2.1087460385428534,0,2.370969128608704,2.159505844116211,2.209487646818161,1.6465071439743042,3.3289287090301514,3.7854256629943848,1.3909752368927002,2.370969128608704,2.159505844116211,2.209487646818161,1.6465071439743042,3.3289287090301514,3.7854256629943848,1.3909752368927002
2.271009498172336,2.4278671026229857,2.370969128608704,2.159505844116211,2.209487646818161,1.6465071439743042,3.3289287090301514,3.7854256629943848,1.3909752368927002,2.4278671026229857,2.2191710472106934,2.323164314031601,1.8745445013046265,3.2719900608062744,3.564209461212158,1.5016398429870605
2.1393071148130627,0,2.370969128608704,2.159505844116211,2.209487646818161,1.6465071439743042,3.3289287090301514,3.7854256629943848,1.3909752368927002,2.4278671026229857,2.2191710472106934,2.323164314031601,1.8745445013046265,3.2719900608062744,3.564209461212158,1.5016398429870605
2.1195803218417697,2.3091461420059205,2.3091461420059205,2.1187968254089355,2.139292150735855,1.6287533044815063,3.21479332447052,3.738765001296997,1.3685939311981201,2.3091461420059205,2.1187968254089355,2.139292150735855,1.6287533044815063,3.21479332447052,3.738765001296997,1.3685939311981201
2.2481382687886557,0,2.3091461420059205,2.1187968254089355,2.139292150735855,1.6287533044815063,3.21479332447052,3.738765001296997,1.3685939311981201,2.3091461420059205,2.1187968254089355,2.139292150735855,1.6287533044815063,3.21479332447052,3.738765001296997,1.3685939311981201
2.137465132607354,2.3626017332077027,2.3091461420059205,2.1187968254089355,2.139292150735855,1.6287533044815063,3.21479332447052,3.738765001296997,1.3685939311981201,2.3626017332077027,2.092109203338623,2.191203624010086,1.7405809164047241,3.253688335418701,3.6673614978790283,1.4729418754577637
2.1011435985565186,0,2.3091461420059205,2.1187968254089355,2.139292150735855,1.6287533044815063,3.21479332447052,3.738765001296997,1.3685939311981201,2.3626017332077027,2.092109203338623,2.191203624010086,1.7405809164047241,3.253688335418701,3.6673614978790283,1.4729418754577637
2.131504350238376,2.303412342071533,2.303412342071533,2.0023231506347656,2.0621343851089478,1.608773946762085,3.277510404586792,3.919903516769409,1.3509438037872314,2.303412342071533,2.0023231506347656,2.0621343851089478,1.608773946762085,3.277510404586792,3.919903516769409,1.3509438037872314
2.0861470964219837,0,2.303412342071533,2.0023231506347656,2.0621343851089478,1.608773946762085,3.277510404586792,3.919903516769409,1.3509438037872314,2.303412342071533,2.0023231506347656,2.0621343851089478,1.608773946762085,3.277510404586792,3.919903516769409,1.3509438037872314
2.1274470223320856,2.28632915019989,2.28632915019989,2.046506643295288,2.117427110671997,1.6757965087890625,3.1477361917495728,3.594573736190796,1.4138702154159546,2.28632915019989,2.046506643295288,2.117427110671997,1.6757965087890625,3.1477361917495728,3.594573736190796,1.4138702154159546
2.0724467701382108,0,2.28632915019989,2.046506643295288,2.117427110671997,1.6757965087890625,3.1477361917495728,3.594573736190796,1.4138702154159546,2.28632915019989,2.046506643295288,2.117427110671997,1.6757965087890625,3.1477361917495728,3.594573736190796,1.4138702154159546
2.0882600016064115,2.241221070289612,2.241221070289612,1.9517686367034912,2.0092932283878326,1.5864640474319458,3.156180739402771,3.7651898860931396,1.35551118850708,2.241221070289612,1.9517686367034912,2.0092932283878326,1.5864640474319458,3.156180739402771,3.7651898860931396,1.35551118850708
2.042998618549771,0,2.241221070289612,1.9517686367034912,2.0092932283878326,1.5864640474319458,3.156180739402771,3.7651898860931396,1.35551118850708,2.241221070289612,1.9517686367034912,2.0092932283878326,1.5864640474319458,3.156180739402771,3.7651898860931396,1.35551118850708
2.0805224312676325,2.2203725814819335,2.2203725814819335,1.9588894844055176,1.9908088445663452,1.5721559524536133,3.1139079332351685,3.7545154094696045,1.3430016040802002,2.2203725814819335,1.9588894844055176,1.9908088445663452,1.5721559524536133,3.1139079332351685,3.7545154094696045,1.3430016040802002
2.1431974834865994,0,2.2203725814819335,1.9588894844055176,1.9908088445663452,1.5721559524536133,3.1139079332351685,3.7545154094696045,1.3430016040802002,2.2203725814819335,1.9588894844055176,1.9908088445663452,1.5721559524536133,3.1139079332351685,3.7545154094696045,1.3430016040802002
2.241040349006653,2.2704076290130617,2.2203725814819335,1.9588894844055176,1.9908088445663452,1.5721559524536133,3.1139079332351685,3.7545154094696045,1.3430016040802002,2.2704076290130617,1.9814387559890747,2.0730651319026947,1.7016373872756958,3.0953898429870605,3.5630340576171875,1.478182315826416
2.1498630974027844,0,2.2203725814819335,1.9588894844055176,1.9908088445663452,1.5721559524536133,3.1139079332351685,3.7545154094696045,1.3430016040802002,2.2704076290130617,1.9814387559890747,2.0730651319026947,1.7016373872756958,3.0953898429870605,3.5630340576171875,1.478182315826416
2.1175357633166842,2.327591586112976,2.2203725814819335,1.9588894844055176,1.9908088445663452,1.5721559524536133,3.1139079332351685,3.7545154094696045,1.3430016040802002,2.327591586112976,2.1066513061523438,2.0560773611068726,1.7311069965362549,3.238648295402527,4.197396755218506,1.322903037071228
2.137168526649475,0,2.2203725814819335,1.9588894844055176,1.9908088445663452,1.5721559524536133,3.1139079332351685,3.7545154094696045,1.3430016040802002,2.327591586112976,2.1066513061523438,2.0560773611068726,1.7311069965362549,3.238648295402527,4.197396755218506,1.322903037071228
2.111192133691576,2.2905653953552245,2.2203725814819335,1.9588894844055176,1.9908088445663452,1.5721559524536133,3.1139079332351685,3.7545154094696045,1.3430016040802002,2.2905653953552245,1.9606552124023438,2.07081401348114,1.7376046180725098,3.0960240364074707,3.567707061767578,1.5625190734863281
2.076181491216024,0,2.2203725814819335,1.9588894844055176,1.9908088445663452,1.5721559524536133,3.1139079332351685,3.7545154094696045,1.3430016040802002,2.2905653953552245,1.9606552124023438,2.07081401348114,1.7376046180725098,3.0960240364074707,3.567707061767578,1.5625190734863281
2.0981537103652954,2.2278573751449584,2.2203725814819335,1.9588894844055176,1.9908088445663452,1.5721559524536133,3.1139079332351685,3.7545154094696045,1.3430016040802002,2.2278573751449584,1.9514565467834473,2.0274815261363983,1.6675950288772583,3.0204771757125854,3.5015363693237305,1.479280948638916
2.129059526655409,0,2.2203725814819335,1.9588894844055176,1.9908088445663452,1.5721559524536133,3.1139079332351685,3.7545154094696045,1.3430016040802002,2.2278573751449584,1.9514565467834473,2.0274815261363983,1.6675950288772583,3.0204771757125854,3.5015363693237305,1.479280948638916
2.179840154118008,2.224432349205017,2.2203725814819335,1.9588894844055176,1.9908088445663452,1.5721559524536133,3.1139079332351685,3.7545154094696045,1.3430016040802002,2.224432349205017,1.9571255445480347,1.9681221842765808,1.6162080764770508,3.1167290210723877,3.8914284706115723,1.3153700828552246
2.15703284740448,0,2.2203725814819335,1.9588894844055176,1.9908088445663452,1.5721559524536133,3.1139079332351685,3.7545154094696045,1.3430016040802002,2.224432349205017,1.9571255445480347,1.9681221842765808,1.6162080764770508,3.1167290210723877,3.8914284706115723,1.3153700828552246
2.063800917731391,2.246806597709656,2.2203725814819335,1.9588894844055176,1.9908088445663452,1.5721559524536133,3.1139079332351685,3.7545154094696045,1.3430016040802002,2.246806597709656,2.0106184482574463,2.0836140513420105,1.7030770778656006,2.982328772544861,3.354515314102173,1.5556799173355103
2.072157700856527,0,2.2203725814819335,1.9588894844055176,1.9908088445663452,1.5721559524536133,3.1139079332351685,3.7545154094696045,1.3430016040802002,2.246806597709656,2.0106184482574463,2.0836140513420105,1.7030770778656006,2.982328772544861,3.354515314102173,1.5556799173355103
2.102815959188673,2.2564831972122192,2.2203725814819335,1.9588894844055176,1.9908088445663452,1.5721559524536133,3.1139079332351685,3.7545154094696045,1.3430016040802002,2.2564831972122192,1.970667839050293,2.0634844303131104,1.669447898864746,3.0390793085098267,3.435004472732544,1.5641416311264038
2.084142075644599,0,2.2203725814819335,1.9588894844055176,1.9908088445663452,1.5721559524536133,3.1139079332351685,3.7545154094696045,1.3430016040802002,2.2564831972122192,1.970667839050293,2.0634844303131104,1.669447898864746,3.0390793085098267,3.435004472732544,1.5641416311264038
2.0291909641689725,2.1939998388290407,2.1939998388290407,1.860468864440918,1.92357736825943,1.6225244998931885,3.0666027069091797,3.782358169555664,1.3538004159927368,2.1939998388290407,1.860468864440918,1.92357736825943,1.6225244998931885,3.0666027069091797,3.782358169555664,1.3538004159927368
2.2771714395946927,0,2.1939998388290407,1.860468864440918,1.92357736825943,1.6225244998931885,3.0666027069091797,3.782358169555664,1.3538004159927368,2.1939998388290407,1.860468864440918,1.92357736825943,1.6225244998931885,3.0666027069091797,3.782358169555664,1.3538004159927368
2.1031663285361395,2.204778814315796,2.1939998388290407,1.860468864440918,1.92357736825943,1.6225244998931885,3.0666027069091797,3.782358169555664,1.3538004159927368,2.204778814315796,1.84390127658844,1.946723461151123,1.6140260696411133,3.0679116249084473,3.6507580280303955,1.4301434755325317
2.145048631562127,0,2.1939998388290407,1.860468864440918,1.92357736825943,1.6225244998931885,3.0666027069091797,3.782358169555664,1.3538004159927368,2.204778814315796,1.84390127658844,1.946723461151123,1.6140260696411133,3.0679116249084473,3.6507580280303955,1.4301434755325317
2.101172102822198,2.2589486837387085,2.1939998388290407,1.860468864440918,1.92357736825943,1.6225244998931885,3.0666027069091797,3.782358169555664,1.3538004159927368,2.2589486837387085,1.9900097846984863,1.990172564983368,1.6930887699127197,3.1568479537963867,4.026113986968994,1.297948956489563
2.113596783743964,0,2.1939998388290407,1.860468864440918,1.92357736825943,1.6225244998931885,3.0666027069091797,3.782358169555664,1.3538004159927368,2.2589486837387085,1.9900097846984863,1.990172564983368,1.6930887699127197,3.1568479537963867,4.026113986968994,1.297948956489563
2.0568446715672812,2.1805212020874025,2.1805212020874025,1.8733012676239014,1.9513440132141113,1.5793180465698242,3.0054057836532593,3.5313560962677,1.4391751289367676,2.1805212020874025,1.8733012676239014,1.9513440132141113,1.5793180465698242,3.0054057836532593,3.5313560962677,1.4391751289367676
2.039627114931742,0,2.1805212020874025,1.8733012676239014,1.9513440132141113,1.5793180465698242,3.0054057836532593,3.5313560962677,1.4391751289367676,2.1805212020874025,1.8733012676239014,1.9513440132141113,1.5793180465698242,3.0054057836532593,3.5313560962677,1.4391751289367676
2.0545936955346003,2.1582157135009767,2.1582157135009767,1.8784713745117188,1.932873010635376,1.5834579467773438,2.948331832885742,3.5055723190307617,1.432485580444336,2.1582157135009767,1.8784713745117188,1.932873010635376,1.5834579467773438,2.948331832885742,3.5055723190307617,1.432485580444336
2.0299897458818226,0,2.1582157135009767,1.8784713745117188,1.932873010635376,1.5834579467773438,2.948331832885742,3.5055723190307617,1.432485580444336,2.1582157135009767,1.8784713745117188,1.932873010635376,1.5834579467773438,2.948331832885742,3.5055723190307617,1.432485580444336
2.041600134637621,2.2171385288238525,2.1582157135009767,1.8784713745117188,1.932873010635376,1.5834579467773438,2.948331832885742,3.5055723190307617,1.432485580444336,2.2171385288238525,1.9413150548934937,2.027715027332306,1.7337841987609863,2.895552635192871,3.296659469604492,1.6194881200790405
2.021545886993408,0,2.1582157135009767,1.8784713745117188,1.932873010635376,1.5834579467773438,2.948331832885742,3.5055723190307617,1.432485580444336,2.2171385288238525,1.9413150548934937,2.027715027332306,1.7337841987609863,2.895552635192871,3.296659469604492,1.6194881200790405
2.0366916126675076,2.1801416635513307,2.1582157135009767,1.8784713745117188,1.932873010635376,1.5834579467773438,2.948331832885742,3.5055723190307617,1.432485580444336,2.1801416635513307,1.8449985980987549,1.9400643706321716,1.6198890209197998,2.9825310707092285,3.51469087600708,1.4707585573196411
2.0232840643988714,0,2.1582157135009767,1.8784713745117188,1.932873010635376,1.5834579467773438,2.948331832885742,3.5055723190307617,1.432485580444336,2.1801416635513307,1.8449985980987549,1.9400643706321716,1.6198890209197998,2.9825310707092285,3.51469087600708,1.4707585573196411
2.09657182958391,2.186346936225891,2.1582157135009767,1.8784713745117188,1.932873010635376,1.5834579467773438,2.948331832885742,3.5055723190307617,1.432485580444336,2.186346936225891,1.9037132263183594,1.9221819341182709,1.6337565183639526,3.0326987504959106,3.817852735519409,1.3288674354553223
2.050987799962362,0,2.1582157135009767,1.8784713745117188,1.932873010635376,1.5834579467773438,2.948331832885742,3.5055723190307617,1.432485580444336,2.186346936225891,1.9037132263183594,1.9221819341182709,1.6337565183639526,3.0326987504959106,3.817852735519409,1.3288674354553223
2.0270597404903836,2.146897554397583,2.146897554397583,1.8206373453140259,1.8894755840301514,1.6046664714813232,2.9476581811904907,3.583355188369751,1.4138675928115845,2.146897554397583,1.8206373453140259,1.8894755840301514,1.6046664714813232,2.9476581811904907,3.583355188369751,1.4138675928115845
2.0333604547712536,0,2.146897554397583,1.8206373453140259,1.8894755840301514,1.6046664714813232,2.9476581811904907,3.583355188369751,1.4138675928115845,2.146897554397583,1.8206373453140259,1.8894755840301514,1.6046664714813232,2.9476581811904907,3.583355188369751,1.4138675928115845
2.0100420713424683,2.180361247062683,2.146897554397583,1.8206373453140259,1.8894755840301514,1.6046664714813232,2.9476581811904907,3.583355188369751,1.4138675928115845,2.180361247062683,1.848083257675171,1.9440725445747375,1.635382890701294,2.9574103355407715,3.4700798988342285,1.5035194158554077
2.011025481753879,0,2.146897554397583,1.8206373453140259,1.8894755840301514,1.6046664714813232,2.9476581811904907,3.583355188369751,1.4138675928115845,2.180361247062683,1.848083257675171,1.9440725445747375,1.635382890701294,2.9574103355407715,3.4700798988342285,1.5035194158554077
2.057675004005432,2.1567174673080443,2.146897554397583,1.8206373453140259,1.8894755840301514,1.6046664714813232,2.9476581811904907,3.583355188369751,1.4138675928115845,2.1567174673080443,1.8875519037246704,1.945131778717041,1.6207404136657715,2.8849600553512573,3.385237216949463,1.5053749084472656
2.0182097487979465,0,2.146897554397583,1.8206373453140259,1.8894755840301514,1.6046664714813232,2.9476581811904907,3.583355188369751,1.4138675928115845,2.1567174673080443,1.8875519037246704,1.945131778717041,1.6207404136657715,2.8849600553512573,3.385237216949463,1.5053749084472656
2.061134616533915,2.163802647590637,2.146897554397583,1.8206373453140259,1.8894755840301514,1.6046664714813232,2.9476581811904907,3.583355188369751,1.4138675928115845,2.163802647590637,1.9366753101348877,1.9292373657226562,1.6314105987548828,2.9349825382232666,3.6577768325805664,1.3809622526168823
2.0645963748296103,0,2.146897554397583,1.8206373453140259,1.8894755840301514,1.6046664714813232,2.9476581811904907,3.583355188369751,1.4138675928115845,2.163802647590637,1.9366753101348877,1.9292373657226562,1.6314105987548828,2.9349825382232666,3.6577768325805664,1.3809622526168823
2.0473017957475452,2.1751944780349732,2.146897554397583,1.8206373453140259,1.8894755840301514,1.6046664714813232,2.9476581811904907,3.583355188369751,1.4138675928115845,2.1751944780349732,1.8672935962677002,1.9558305442333221,1.6838234663009644,2.8705785274505615,3.336245536804199,1.5836982727050781
2.070431775516934,0,2.146897554397583,1.8206373453140259,1.8894755840301514,1.6046664714813232,2.9476581811904907,3.583355188369751,1.4138675928115845,2.1751944780349732,1.8672935962677002,1.9558305442333221,1.6838234663009644,2.8705785274505615,3.336245536804199,1.5836982727050781
2.077644467353821,2.139185357093811,2.139185357093811,1.8813248872756958,1.8922771215438843,1.6278080940246582,2.8973461389541626,3.616041660308838,1.392101526260376,2.139185357093811,1.8813248872756958,1.8922771215438843,1.6278080940246582,2.8973461389541626,3.616041660308838,1.392101526260376
2.018367740843031,0,2.139185357093811,1.8813248872756958,1.8922771215438843,1.6278080940246582,2.8973461389541626,3.616041660308838,1.392101526260376,2.139185357093811,1.8813248872756958,1.8922771215438843,1.6278080940246582,2.8973461389541626,3.616041660308838,1.392101526260376
2.0829778644773693,2.1328846216201782,2.1328846216201782,1.8299551010131836,1.8879785239696503,1.6016463041305542,2.893156886100769,3.4959561824798584,1.4465079307556152,2.1328846216201782,1.8299551010131836,1.8879785239696503,1.6016463041305542,2.893156886100769,3.4959561824798584,1.4465079307556152
2.1079532172944813,0,2.1328846216201782,1.8299551010131836,1.8879785239696503,1.6016463041305542,2.893156886100769,3.4959561824798584,1.4465079307556152,2.1328846216201782,1.8299551010131836,1.8879785239696503,1.6016463041305542,2.893156886100769,3.4959561824798584,1.4465079307556152
2.063830746544732,2.1932976722717283,2.1328846216201782,1.8299551010131836,1.8879785239696503,1.6016463041305542,2.893156886100769,3.4959561824798584,1.4465079307556152,2.1932976722717283,1.9325110912322998,2.0064635276794434,1.7291603088378906,2.8165383338928223,3.2014050483703613,1.6717402935028076
2.095070401827494,0,2.1328846216201782,1.8299551010131836,1.8879785239696503,1.6016463041305542,2.893156886100769,3.4959561824798584,1.4465079307556152,2.1932976722717283,1.9325110912322998,2.0064635276794434,1.7291603088378906,2.8165383338928223,3.2014050483703613,1.6717402935028076
2.063323497772217,2.2149392127990724,2.1328846216201782,1.8299551010131836,1.8879785239696503,1.6016463041305542,2.893156886100769,3.4959561824798584,1.4465079307556152,2.2149392127990724,1.9964842796325684,1.962983787059784,1.684779405593872,3.0274569988250732,3.8807268142700195,1.3385183811187744
2.0383141967985363,0,2.1328846216201782,1.8299551010131836,1.8879785239696503,1.6016463041305542,2.893156886100769,3.4959561824798584,1.4465079307556152,2.2149392127990724,1.9964842796325684,1.962983787059784,1.684779405593872,3.0274569988250732,3.8807268142700195,1.3385183811187744
1.9921966393788655,2.164600133895874,2.1328846216201782,1.8299551010131836,1.8879785239696503,1.6016463041305542,2.893156886100769,3.4959561824798584,1.4465079307556152,2.164600133895874,1.828302025794983,1.8904612958431244,1.64948308467865,2.988352417945862,3.720946788787842,1.3685107231140137
2.1967131561703153,0,2.1328846216201782,1.8299551010131836,1.8879785239696503,1.6016463041305542,2.893156886100769,3.4959561824798584,1.4465079307556152,2.164600133895874,1.828302025794983,1.8904612958431244,1.64948308467865,2.988352417945862,3.720946788787842,1.3685107231140137
2.1272176769044666,2.3830411434173584,2.1328846216201782,1.8299551010131836,1.8879785239696503,1.6016463041305542,2.893156886100769,3.4959561824798584,1.4465079307556152,2.3830411434173584,2.081620216369629,2.2241732478141785,2.072127342224121,2.871834397315979,3.082343578338623,2.017789363861084
2.0943537950515747,0,2.1328846216201782,1.8299551010131836,1.8879785239696503,1.6016463041305542,2.893156886100769,3.4959561824798584,1.4465079307556152,2.3830411434173584,2.081620216369629,2.2241732478141785,2.072127342224121,2.871834397315979,3.082343578338623,2.017789363861084
2.176686273680793,2.2789571285247803,2.1328846216201782,1.8299551010131836,1.8879785239696503,1.6016463041305542,2.893156886100769,3.4959561824798584,1.4465079307556152,2.2789571285247803,2.0736265182495117,2.0097562670707703,1.790243148803711,3.111141085624695,4.120753288269043,1.308633804321289
2.148531781302558,0,2.1328846216201782,1.8299551010131836,1.8879785239696503,1.6016463041305542,2.893156886100769,3.4959561824798584,1.4465079307556152,2.2789571285247803,2.0736265182495117,2.0097562670707703,1.790243148803711,3.111141085624695,4.120753288269043,1.308633804321289
2.0831571022669473,2.2685837745666504,2.1328846216201782,1.8299551010131836,1.8879785239696503,1.6016463041305542,2.893156886100769,3.4959561824798584,1.4465079307556152,2.2685837745666504,1.975568413734436,2.088762491941452,1.9289888143539429,2.777830481529236,3.0807366371154785,1.8827006816864014
2.091530124346415,0,2.1328846216201782,1.8299551010131836,1.8879785239696503,1.6016463041305542,2.893156886100769,3.4959561824798584,1.4465079307556152,2.2685837745666504,1.975568413734436,2.088762491941452,1.9289888143539429,2.777830481529236,3.0807366371154785,1.8827006816864014
1.9683164490593805,2.118249273300171,2.118249273300171,1.7950446605682373,1.8593857884407043,1.6211802959442139,2.851186752319336,3.476099967956543,1.4726479053497314,2.118249273300171,1.7950446605682373,1.8593857884407043,1.6211802959442139,2.851186752319336,3.476099967956543,1.4726479053497314
2.043212466769748,0,2.118249273300171,1.7950446605682373,1.8593857884407043,1.6211802959442139,2.851186752319336,3.476099967956543,1.4726479053497314,2.118249273300171,1.7950446605682373,1.8593857884407043,1.6211802959442139,2.851186752319336,3.476099967956543,1.4726479053497314
1.9943048424190946,2.1827706336975097,2.118249273300171,1.7950446605682373,1.8593857884407043,1.6211802959442139,2.851186752319336,3.476099967956543,1.4726479053497314,2.1827706336975097,1.9212665557861328,1.9240149855613708,1.6653010845184326,2.9966068267822266,3.804987907409668,1.3340718746185303
2.0151876740985446,0,2.118249273300171,1.7950446605682373,1.8593857884407043,1.6211802959442139,2.851186752319336,3.476099967956543,1.4726479053497314,2.1827706336975097,1.9212665557861328,1.9240149855613708,1.6653010845184326,2.9966068267822266,3.804987907409668,1.3340718746185303
2.0078744755850897,2.1276331901550294,2.118249273300171,1.7950446605682373,1.8593857884407043,1.6211802959442139,2.851186752319336,3.476099967956543,1.4726479053497314,2.1276331901550294,1.8555901050567627,1.8776108622550964,1.6263763904571533,2.872382879257202,3.5718789100646973,1.4114336967468262
1.9948248068491619,0,2.118249273300171,1.7950446605682373,1.8593857884407043,1.6211802959442139,2.851186752319336,3.476099967956543,1.4726479053497314,2.1276331901550294,1.8555901050567627,1.8776108622550964,1.6263763904571533,2.872382879257202,3.5718789100646973,1.4114336967468262
1.9841449525621202,2.146485376358032,2.118249273300171,1.7950446605682373,1.8593857884407043,1.6211802959442139,2.851186752319336,3.476099967956543,1.4726479053497314,2.146485376358032,1.84354829788208,1.9198527932167053,1.6730902194976807,2.8089520931243896,3.298679828643799,1.597884178161621
2.010952048831516,0,2.118249273300171,1.7950446605682373,1.8593857884407043,1.6211802959442139,2.851186752319336,3.476099967956543,1.4726479053497314,2.146485376358032,1.84354829788208,1.9198527932167053,1.6730902194976807,2.8089520931243896,3.298679828643799,1.597884178161621
2.068440039952596,2.1937378883361816,2.118249273300171,1.7950446605682373,1.8593857884407043,1.6211802959442139,2.851186752319336,3.476099967956543,1.4726479053497314,2.1937378883361816,1.9792439937591553,1.9408482015132904,1.6893552541732788,2.978451371192932,3.841353178024292,1.3431874513626099
2.026584585507711,0,2.118249273300171,1.7950446605682373,1.8593857884407043,1.6211802959442139,2.851186752319336,3.476099967956543,1.4726479053497314,2.1937378883361816,1.9792439937591553,1.9408482015132904,1.6893552541732788,2.978451371192932,3.841353178024292,1.3431874513626099
2.020328164100647,2.11963746547699,2.118249273300171,1.7950446605682373,1.8593857884407043,1.6211802959442139,2.851186752319336,3.476099967956543,1.4726479053497314,2.11963746547699,1.7984976768493652,1.8660937547683716,1.6295719146728516,2.832774043083191,3.4277403354644775,1.50456964969635
2.021789378590054,0,2.118249273300171,1.7950446605682373,1.8593857884407043,1.6211802959442139,2.851186752319336,3.476099967956543,1.4726479053497314,2.11963746547699,1.7984976768493652,1.8660937547683716,1.6295719146728516,2.832774043083191,3.4277403354644775,1.50456964969635
2.063528683450487,2.2097195386886597,2.118249273300171,1.7950446605682373,1.8593857884407043,1.6211802959442139,2.851186752319336,3.476099967956543,1.4726479053497314,2.2097195386886597,1.9276686906814575,2.0170581340789795,1.7733876705169678,2.804376244544983,3.1692450046539307,1.7387888431549072
2.182488441467285,0,2.118249273300171,1.7950446605682373,1.8593857884407043,1.6211802959442139,2.851186752319336,3.476099967956543,1.4726479053497314,2.2097195386886597,1.9276686906814575,2.0170581340789795,1.7733876705169678,2.804376244544983,3.1692450046539307,1.7387888431549072
2.197776304350959,2.1157981872558596,2.1157981872558596,1.791259765625,1.8551532626152039,1.616248369216919,2.850325345993042,3.4788055419921875,1.470832109451294,2.1157981872558596,1.791259765625,1.8551532626152039,1.616248369216919,2.850325345993042,3.4788055419921875,1.470832109451294
2.0316019190682306,0,2.1157981872558596,1.791259765625,1.8551532626152039,1.616248369216919,2.850325345993042,3.4788055419921875,1.470832109451294,2.1157981872558596,1.791259765625,1.8551532626152039,1.616248369216919,2.850325345993042,3.4788055419921875,1.470832109451294
1.9892571104897394,2.157219386100769,2.1157981872558596,1.791259765625,1.8551532626152039,1.616248369216919,2.850325345993042,3.4788055419921875,1.470832109451294,2.157219386100769,1.8121355772018433,1.9086591601371765,1.686544418334961,2.850545048713684,3.3772690296173096,1.5863268375396729
2.0723206202189126,0,2.1157981872558596,1.791259765625,1.8551532626152039,1.616248369216919,2.850325345993042,3.4788055419921875,1.470832109451294,2.157219386100769,1.8121355772018433,1.9086591601371765,1.686544418334961,2.850545048713684,3.3772690296173096,1.5863268375396729
2.010952419704861,2.1354928255081176,2.1157981872558596,1.791259765625,1.8551532626152039,1.616248369216919,2.850325345993042,3.4788055419921875,1.470832109451294,2.1354928255081176,1.8530299663543701,1.8902294039726257,1.6132214069366455,2.9066113233566284,3.5715863704681396,1.397990107536316
1.9757428566614788,0,2.1157981872558596,1.791259765625,1.8551532626152039,1.616248369216919,2.850325345993042,3.4788055419921875,1.470832109451294,2.1354928255081176,1.8530299663543701,1.8902294039726257,1.6132214069366455,2.9066113233566284,3.5715863704681396,1.397990107536316
2.0405767228868275,2.1236385822296144,2.1157981872558596,1.791259765625,1.8551532626152039,1.616248369216919,2.850325345993042,3.4788055419921875,1.470832109451294,2.1236385822296144,1.804814100265503,1.8688275516033173,1.6104415655136108,2.878247618675232,3.5012547969818115,1.4464420080184937
2.0224619706471763,0,2.1157981872558596,1.791259765625,1.8551532626152039,1.616248369216919,2.850325345993042,3.4788055419921875,1.470832109451294,2.1236385822296144,1.804814100265503,1.8688275516033173,1.6104415655136108,2.878247618675232,3.5012547969818115,1.4464420080184937
1.969285739792718,2.2068461179733276,2.1157981872558596,1.791259765625,1.8551532626152039,1.616248369216919,2.850325345993042,3.4788055419921875,1.470832109451294,2.2068461179733276,1.9001226425170898,1.925895631313324,1.7269763946533203,3.0454699993133545,3.914579153060913,1.316191554069519
2.061274846394857,0,2.1157981872558596,1.791259765625,1.8551532626152039,1.616248369216919,2.850325345993042,3.4788055419921875,1.470832109451294,2.2068461179733276,1.9001226425170898,1.925895631313324,1.7269763946533203,3.0454699993133545,3.914579153060913,1.316191554069519
1.9894811179902818,2.15836501121521,2.1157981872558596,1.791259765625,1.8551532626152039,1.616248369216919,2.850325345993042,3.4788055419921875,1.470832109451294,2.15836501121521,1.8724894523620605,1.944029986858368,1.667048692703247,2.8237284421920776,3.2833645343780518,1.604830026626587
1.9813265535566542,0,2.1157981872558596,1.791259765625,1.8551532626152039,1.616248369216919,2.850325345993042,3.4788055419921875,1.470832109451294,2.15836501121521,1.8724894523620605,1.944029986858368,1.667048692703247,2.8237284421920776,3.2833645343780518,1.604830026626587
1.9842203590604994,2.1271682500839235,2.1157981872558596,1.791259765625,1.8551532626152039,1.616248369216919,2.850325345993042,3.4788055419921875,1.470832109451294,2.1271682500839235,1.831916093826294,1.8941697180271149,1.6284435987472534,2.821144700050354,3.35788631439209,1.5331921577453613
1.9910107718573675,0,2.1157981872558596,1.791259765625,1.8551532626152039,1.616248369216919,2.850325345993042,3.4788055419921875,1.470832109451294,2.1271682500839235,1.831916093826294,1.8941697180271149,1.6284435987472534,2.821144700050354,3.35788631439209,1.5331921577453613
2.0231258074442544,2.1254737615585326,2.1157981872558596,1.791259765625,1.8551532626152039,1.616248369216919,2.850325345993042,3.4788055419921875,1.470832109451294,2.1254737615585326,1.8394675254821777,1.8959400057792664,1.629575252532959,2.8115649223327637,3.3478801250457764,1.5351961851119995
2.0458183818393283,0,2.1157981872558596,1.791259765625,1.8551532626152039,1.616248369216919,2.850325345993042,3.4788055419921875,1.470832109451294,2.1254737615585326,1.8394675254821777,1.8959400057792664,1.629575252532959,2.8115649223327637,3.3478801250457764,1.5351961851119995
2.021882481045193,2.126662039756775,2.1157981872558596,1.791259765625,1.8551532626152039,1.616248369216919,2.850325345993042,3.4788055419921875,1.470832109451294,2.126662039756775,1.8025025129318237,1.8697675466537476,1.6137006282806396,2.8911231756210327,3.5218818187713623,1.4348607063293457
1.9899882872899373,0,2.1157981872558596,1.791259765625,1.8551532626152039,1.616248369216919,2.850325345993042,3.4788055419921875,1.470832109451294,2.126662039756775,1.8025025129318237,1.8697675466537476,1.6137006282806396,2.8911231756210327,3.5218818187713623,1.4348607063293457
1.9917187028461032,2.1325925827026366,2.1157981872558596,1.791259765625,1.8551532626152039,1.616248369216919,2.850325345993042,3.4788055419921875,1.470832109451294,2.1325925827026366,1.8271592855453491,1.8969297409057617,1.6315579414367676,2.8348976373672485,3.367952823638916,1.5344504117965698
2.006316860516866,0,2.1157981872558596,1.791259765625,1.8551532626152039,1.616248369216919,2.850325345993042,3.4788055419921875,1.470832109451294,2.1325925827026366,1.8271592855453491,1.8969297409057617,1.6315579414367676,2.8348976373672485,3.367952823638916,1.5344504117965698
2.0615147087309094,2.19503538608551,2.1157981872558596,1.791259765625,1.8551532626152039,1.616248369216919,2.850325345993042,3.4788055419921875,1.470832109451294,2.19503538608551,1.9379695653915405,1.9468923807144165,1.6631228923797607,3.0270720720291138,3.8056366443634033,1.3199403285980225
1.993839078479343,0,2.1157981872558596,1.791259765625,1.8551532626152039,1.616248369216919,2.850325345993042,3.4788055419921875,1.470832109451294,2.19503538608551,1.9379695653915405,1.9468923807144165,1.6631228923797607,3.0270720720291138,3.8056366443634033,1.3199403285980225
2.0023795233832464,2.1852116346359254,2.1157981872558596,1.791259765625,1.8551532626152039,1.616248369216919,2.850325345993042,3.4788055419921875,1.470832109451294,2.1852116346359254,1.879781723022461,1.9694606065750122,1.7024211883544922,2.838585376739502,3.261312961578369,1.6666845083236694
1.972590035862393,0,2.1157981872558596,1.791259765625,1.8551532626152039,1.616248369216919,2.850325345993042,3.4788055419921875,1.470832109451294,2.1852116346359254,1.879781723022461,1.9694606065750122,1.7024211883544922,2.838585376739502,3.261312961578369,1.6666845083236694
2.152107212278578,2.353999710083008,2.1157981872558596,1.791259765625,1.8551532626152039,1.616248369216919,2.850325345993042,3.4788055419921875,1.470832109451294,2.353999710083008,2.1553544998168945,2.1032023429870605,1.9273948669433594,3.1968936920166016,4.219081878662109,1.293461799621582
2.21108787589603,0,2.1157981872558596,1.791259765625,1.8551532626152039,1.616248369216919,2.850325345993042,3.4788055419921875,1.470832109451294,2.353999710083008,2.1553544998168945,2.1032023429870605,1.9273948669433594,3.1968936920166016,4.219081878662109,1.293461799621582
2.113816777865092,2.283441495895386,2.1157981872558596,1.791259765625,1.8551532626152039,1.616248369216919,2.850325345993042,3.4788055419921875,1.470832109451294,2.283441495895386,1.9984396696090698,2.1098009645938873,1.9240683317184448,2.802295684814453,3.0863351821899414,1.8901081085205078
2.1066353056165905,0,2.1157981872558596,1.791259765625,1.8551532626152039,1.616248369216919,2.850325345993042,3.4788055419921875,1.470832109451294,2.283441495895386,1.9984396696090698,2.1098009645938873,1.9240683317184448,2.802295684814453,3.0863351821899414,1.8901081085205078
1.9990468555026584,2.107520079612732,2.107520079612732,1.8145272731781006,1.8646841943264008,1.6224921941757202,2.7966625690460205,3.3861351013183594,1.5072557926177979,2.107520079612732,1.8145272731781006,1.8646841943264008,1.6224921941757202,2.7966625690460205,3.3861351013183594,1.5072557926177979
1.9844414525561862,0,2.107520079612732,1.8145272731781006,1.8646841943264008,1.6224921941757202,2.7966625690460205,3.3861351013183594,1.5072557926177979,2.107520079612732,1.8145272731781006,1.8646841943264008,1.6224921941757202,2.7966625690460205,3.3861351013183594,1.5072557926177979
2.0349657005733914,2.1328854322433473,2.107520079612732,1.8145272731781006,1.8646841943264008,1.6224921941757202,2.7966625690460205,3.3861351013183594,1.5072557926177979,2.1328854322433473,1.826786994934082,1.8972529470920563,1.6194559335708618,2.8478076457977295,3.3796334266662598,1.522568941116333
2.028869907061259,0,2.107520079612732,1.8145272731781006,1.8646841943264008,1.6224921941757202,2.7966625690460205,3.3861351013183594,1.5072557926177979,2.1328854322433473,1.826786994934082,1.8972529470920563,1.6194559335708618,2.8478076457977295,3.3796334266662598,1.522568941116333
2.048160115877787,2.1334354639053346,2.107520079612732,1.8145272731781006,1.8646841943264008,1.6224921941757202,2.7966625690460205,3.3861351013183594,1.5072557926177979,2.1334354639053346,1.8068169355392456,1.8780925571918488,1.6159781217575073,2.9139246940612793,3.545091152191162,1.4165328741073608
1.950761079788208,0,2.107520079612732,1.8145272731781006,1.8646841943264008,1.6224921941757202,2.7966625690460205,3.3861351013183594,1.5072557926177979,2.1334354639053346,1.8068169355392456,1.8780925571918488,1.6159781217575073,2.9139246940612793,3.545091152191162,1.4165328741073608
2.001595073276096,2.150553011894226,2.107520079612732,1.8145272731781006,1.8646841943264008,1.6224921941757202,2.7966625690460205,3.3861351013183594,1.5072557926177979,2.150553011894226,1.8644483089447021,1.9356061518192291,1.655032992362976,2.8137102127075195,3.268925428390503,1.605863332748413
2.0024406909942627,0,2.107520079612732,1.8145272731781006,1.8646841943264008,1.6224921941757202,2.7966625690460205,3.3861351013183594,1.5072557926177979,2.150553011894226,1.8644483089447021,1.9356061518192291,1.655032992362976,2.8137102127075195,3.268925428390503,1.605863332748413
2.0151962306764393,2.124744200706482,2.107520079612732,1.8145272731781006,1.8646841943264008,1.6224921941757202,2.7966625690460205,3.3861351013183594,1.5072557926177979,2.124744200706482,1.8157281875610352,1.876137912273407,1.6064774990081787,2.8874861001968384,3.508354425430298,1.426543116569519
1.9853431383768718,0,2.107520079612732,1.8145272731781006,1.8646841943264008,1.6224921941757202,2.7966625690460205,3.3861351013183594,1.5072557926177979,2.124744200706482,1.8157281875610352,1.876137912273407,1.6064774990081787,2.8874861001968384,3.508354425430298,1.426543116569519
2.006834480497572,2.116047477722168,2.107520079612732,1.8145272731781006,1.8646841943264008,1.6224921941757202,2.7966625690460205,3.3861351013183594,1.5072557926177979,2.116047477722168,1.8207592964172363,1.865071415901184,1.61159348487854,2.8625144958496094,3.517855405807495,1.4228556156158447
2.0058629645241632,0,2.107520079612732,1.8145272731781006,1.8646841943264008,1.6224921941757202,2.7966625690460205,3.3861351013183594,1.5072557926177979,2.116047477722168,1.8207592964172363,1.865071415901184,1.61159348487854,2.8625144958496094,3.517855405807495,1.4228556156158447
1.9805876281526353,2.106918740272522,2.106918740272522,1.820705771446228,1.8557462692260742,1.6164934635162354,2.827785849571228,3.4904916286468506,1.4418227672576904,2.106918740272522,1.820705771446228,1.8557462692260742,1.6164934635162354,2.827785849571228,3.4904916286468506,1.4418227672576904
1.9962063630421956,0,2.106918740272522,1.820705771446228,1.8557462692260742,1.6164934635162354,2.827785849571228,3.4904916286468506,1.4418227672576904,2.106918740272522,1.820705771446228,1.8557462692260742,1.6164934635162354,2.827785849571228,3.4904916286468506,1.4418227672576904
1.9969653288523357,2.2097434997558594,2.106918740272522,1.820705771446228,1.8557462692260742,1.6164934635162354,2.827785849571228,3.4904916286468506,1.4418227672576904,2.2097434997558594,1.9245203733444214,2.014657109975815,1.7630127668380737,2.8151921033859253,3.183809280395508,1.7308001518249512
2.102358831299676,0,2.106918740272522,1.820705771446228,1.8557462692260742,1.6164934635162354,2.827785849571228,3.4904916286468506,1.4418227672576904,2.2097434997558594,1.9245203733444214,2.014657109975815,1.7630127668380737,2.8151921033859253,3.183809280395508,1.7308001518249512
2.215178476439582,2.4532363653182983,2.106918740272522,1.820705771446228,1.8557462692260742,1.6164934635162354,2.827785849571228,3.4904916286468506,1.4418227672576904,2.4532363653182983,2.131808280944824,2.166808545589447,2.0676703453063965,3.359202265739441,4.382457256317139,1.3482986688613892
2.2713636689715915,0,2.106918740272522,1.820705771446228,1.8557462692260742,1.6164934635162354,2.827785849571228,3.4904916286468506,1.4418227672576904,2.4532363653182983,2.131808280944824,2.166808545589447,2.0676703453063965,3.359202265739441,4.382457256317139,1.3482986688613892
2.1532150904337564,2.4021968841552734,2.106918740272522,1.820705771446228,1.8557462692260742,1.6164934635162354,2.827785849571228,3.4904916286468506,1.4418227672576904,2.4021968841552734,2.14487361907959,2.2775864005088806,2.108684539794922,2.8401103019714355,2.96830677986145,2.0772056579589844
2.1514932447009616,0,2.106918740272522,1.820705771446228,1.8557462692260742,1.6164934635162354,2.827785849571228,3.4904916286468506,1.4418227672576904,2.4021968841552734,2.14487361907959,2.2775864005088806,2.108684539794922,2.8401103019714355,2.96830677986145,2.0772056579589844
2.0237776835759482,2.102484679222107,2.102484679222107,1.8367557525634766,1.8577952086925507,1.61394464969635,2.799742102622986,3.4557595252990723,1.4622387886047363,2.102484679222107,1.8367557525634766,1.8577952086925507,1.61394464969635,2.799742102622986,3.4557595252990723,1.4622387886047363
2.058797730339898,0,2.102484679222107,1.8367557525634766,1.8577952086925507,1.61394464969635,2.799742102622986,3.4557595252990723,1.4622387886047363,2.102484679222107,1.8367557525634766,1.8577952086925507,1.61394464969635,2.799742102622986,3.4557595252990723,1.4622387886047363
2.092793928252326,2.123951268196106,2.102484679222107,1.8367557525634766,1.8577952086925507,1.61394464969635,2.799742102622986,3.4557595252990723,1.4622387886047363,2.123951268196106,1.8094298839569092,1.851982831954956,1.6468195915222168,2.896798610687256,3.6513452529907227,1.369909644126892
1.9873678551779852,0,2.102484679222107,1.8367557525634766,1.8577952086925507,1.61394464969635,2.799742102622986,3.4557595252990723,1.4622387886047363,2.123951268196106,1.8094298839569092,1.851982831954956,1.6468195915222168,2.896798610687256,3.6513452529907227,1.369909644126892
1.9471613698535495,2.1116231441497804,2.102484679222107,1.8367557525634766,1.8577952086925507,1.61394464969635,2.799742102622986,3.4557595252990723,1.4622387886047363,2.1116231441497804,1.8021955490112305,1.8659921884536743,1.6237742900848389,2.8178709745407104,3.3999385833740234,1.4964039325714111
1.9740174346499972,0,2.102484679222107,1.8367557525634766,1.8577952086925507,1.61394464969635,2.799742102622986,3.4557595252990723,1.4622387886047363,2.1116231441497804,1.8021955490112305,1.8659921884536743,1.6237742900848389,2.8178709745407104,3.3999385833740234,1.4964039325714111
2.0053005086051092,2.233962655067444,2.102484679222107,1.8367557525634766,1.8577952086925507,1.61394464969635,2.799742102622986,3.4557595252990723,1.4622387886047363,2.233962655067444,1.9095637798309326,1.9548643827438354,1.7810120582580566,3.0861939191818237,3.9530699253082275,1.3068495988845825
2.1231955422295465,0,2.102484679222107,1.8367557525634766,1.8577952086925507,1.61394464969635,2.799742102622986,3.4557595252990723,1.4622387886047363,2.233962655067444,1.9095637798309326,1.9548643827438354,1.7810120582580566,3.0861939191818237,3.9530699253082275,1.3068495988845825
2.071564621395535,2.255729150772095,2.102484679222107,1.8367557525634766,1.8577952086925507,1.61394464969635,2.799742102622986,3.4557595252990723,1.4622387886047363,2.255729150772095,1.952500581741333,2.0606557726860046,1.806267499923706,2.8593119382858276,3.187269449234009,1.8012537956237793
1.9928769667943318,0,2.102484679222107,1.8367557525634766,1.8577952086925507,1.61394464969635,2.799742102622986,3.4557595252990723,1.4622387886047363,2.255729150772095,1.952500581741333,2.0606557726860046,1.806267499923706,2.8593119382858276,3.187269449234009,1.8012537956237793
1.9838578833474054,2.163715147972107,2.102484679222107,1.8367557525634766,1.8577952086925507,1.61394464969635,2.799742102622986,3.4557595252990723,1.4622387886047363,2.163715147972107,1.8731123208999634,1.900658130645752,1.6751556396484375,2.9702943563461304,3.759336471557617,1.329719066619873
2.114603559176127,0,2.102484679222107,1.8367557525634766,1.8577952086925507,1.61394464969635,2.799742102622986,3.4557595252990723,1.4622387886047363,2.163715147972107,1.8731123208999634,1.900658130645752,1.6751556396484375,2.9702943563461304,3.759336471557617,1.329719066619873
2.1058120595084295,2.2493794441223143,2.102484679222107,1.8367557525634766,1.8577952086925507,1.61394464969635,2.799742102622986,3.4557595252990723,1.4622387886047363,2.2493794441223143,1.935631513595581,2.0471640825271606,1.7930965423583984,2.8745150566101074,3.224733352661133,1.769139051437378
2.055761456489563,0,2.102484679222107,1.8367557525634766,1.8577952086925507,1.61394464969635,2.799742102622986,3.4557595252990723,1.4622387886047363,2.2493794441223143,1.935631513595581,2.0471640825271606,1.7930965423583984,2.8745150566101074,3.224733352661133,1.769139051437378
2.1989805698394775,2.3197611570358276,2.102484679222107,1.8367557525634766,1.8577952086925507,1.61394464969635,2.799742102622986,3.4557595252990723,1.4622387886047363,2.3197611570358276,1.9874389171600342,2.0375453531742096,1.9265927076339722,3.1845532655715942,4.120395660400391,1.3156676292419434
2.1436048083835177,0,2.102484679222107,1.8367557525634766,1.8577952086925507,1.61394464969635,2.799742102622986,3.4557595252990723,1.4622387886047363,2.3197611570358276,1.9874389171600342,2.0375453531742096,1.9265927076339722,3.1845532655715942,4.120395660400391,1.3156676292419434
2.044336451424493,2.377878284454346,2.102484679222107,1.8367557525634766,1.8577952086925507,1.61394464969635,2.799742102622986,3.4557595252990723,1.4622387886047363,2.377878284454346,2.088016986846924,2.2237343788146973,2.0287718772888184,2.881502628326416,3.072873592376709,2.0095973014831543
2.1316950188742743,0,2.102484679222107,1.8367557525634766,1.8577952086925507,1.61394464969635,2.799742102622986,3.4557595252990723,1.4622387886047363,2.377878284454346,2.088016986846924,2.2237343788146973,2.0287718772888184,2.881502628326416,3.072873592376709,2.0095973014831543
2.0077222188313804,2.1085532665252686,2.102484679222107,1.8367557525634766,1.8577952086925507,1.61394464969635,2.799742102622986,3.4557595252990723,1.4622387886047363,2.1085532665252686,1.8159027099609375,1.876182734966278,1.6466782093048096,2.744521141052246,3.2627949714660645,1.5911431312561035
2.0502032968733044,0,2.102484679222107,1.8367557525634766,1.8577952086925507,1.61394464969635,2.799742102622986,3.4557595252990723,1.4622387886047363,2.1085532665252686,1.8159027099609375,1.876182734966278,1.6466782093048096,2.744521141052246,3.2627949714660645,1.5911431312561035
2.1421075661977134,2.1176523685455324,2.102484679222107,1.8367557525634766,1.8577952086925507,1.61394464969635,2.799742102622986,3.4557595252990723,1.4622387886047363,2.1176523685455324,1.849212884902954,1.8671914935112,1.6178443431854248,2.8721954822540283,3.59189510345459,1.3768136501312256
2.0446835491392346,0,2.102484679222107,1.8367557525634766,1.8577952086925507,1.61394464969635,2.799742102622986,3.4557595252990723,1.4622387886047363,2.1176523685455324,1.849212884902954,1.8671914935112,1.6178443431854248,2.8721954822540283,3.59189510345459,1.3768136501312256
2.0068809721204968,2.130551314353943,2.102484679222107,1.8367557525634766,1.8577952086925507,1.61394464969635,2.799742102622986,3.4557595252990723,1.4622387886047363,2.130551314353943,1.8380365371704102,1.8725025057792664,1.6345744132995605,2.9112523794174194,3.6431422233581543,1.3576408624649048
1.970501767264472,0,2.102484679222107,1.8367557525634766,1.8577952086925507,1.61394464969635,2.799742102622986,3.4557595252990723,1.4622387886047363,2.130551314353943,1.8380365371704102,1.8725025057792664,1.6345744132995605,2.9112523794174194,3.6431422233581543,1.3576408624649048
1.9609986543655396,2.117643213272095,2.102484679222107,1.8367557525634766,1.8577952086925507,1.61394464969635,2.799742102622986,3.4557595252990723,1.4622387886047363,2.117643213272095,1.8069543838500977,1.8710462152957916,1.598559021949768,2.878208875656128,3.4847006797790527,1.426284909248352
2.0459992355770535,0,2.102484679222107,1.8367557525634766,1.8577952086925507,1.61394464969635,2.799742102622986,3.4557595252990723,1.4622387886047363,2.117643213272095,1.8069543838500977,1.8710462152957916,1.598559021949768,2.878208875656128,3.4847006797790527,1.426284909248352
2.1127075486712985,2.122177171707153,2.102484679222107,1.8367557525634766,1.8577952086925507,1.61394464969635,2.799742102622986,3.4557595252990723,1.4622387886047363,2.122177171707153,1.816842794418335,1.8904653489589691,1.6379128694534302,2.7999284267425537,3.309593915939331,1.556273341178894
2.10353864563836,0,2.102484679222107,1.8367557525634766,1.8577952086925507,1.61394464969635,2.799742102622986,3.4557595252990723,1.4622387886047363,2.122177171707153,1.816842794418335,1.8904653489589691,1.6379128694534302,2.7999284267425537,3.309593915939331,1.556273341178894
2.0463674068450928,2.151923656463623,2.102484679222107,1.8367557525634766,1.8577952086925507,1.61394464969635,2.799742102622986,3.4557595252990723,1.4622387886047363,2.151923656463623,1.900801420211792,1.8871909081935883,1.6785622835159302,2.9264116287231445,3.78422474861145,1.327431321144104
2.149937285317315,0,2.102484679222107,1.8367557525634766,1.8577952086925507,1.61394464969635,2.799742102622986,3.4557595252990723,1.4622387886047363,2.151923656463623,1.900801420211792,1.8871909081935883,1.6785622835159302,2.9264116287231445,3.78422474861145,1.327431321144104
2.0756920046276517,2.3158275842666627,2.102484679222107,1.8367557525634766,1.8577952086925507,1.61394464969635,2.799742102622986,3.4557595252990723,1.4622387886047363,2.3158275842666627,2.0530402660369873,2.1689566373825073,2.0476527214050293,2.7440319061279297,2.965970516204834,1.990381121635437
2.1115558279885187,0,2.102484679222107,1.8367557525634766,1.8577952086925507,1.61394464969635,2.799742102622986,3.4557595252990723,1.4622387886047363,2.3158275842666627,2.0530402660369873,2.1689566373825073,2.0476527214050293,2.7440319061279297,2.965970516204834,1.990381121635437
2.012533320320977,2.0912479877471926,2.0912479877471926,1.8241218328475952,1.8604035079479218,1.6394649744033813,2.7206029891967773,3.2873005867004395,1.5514471530914307,2.0912479877471926,1.8241218328475952,1.8604035079479218,1.6394649744033813,2.7206029891967773,3.2873005867004395,1.5514471530914307
2.0074544615215726,0,2.0912479877471926,1.8241218328475952,1.8604035079479218,1.6394649744033813,2.7206029891967773,3.2873005867004395,1.5514471530914307,2.0912479877471926,1.8241218328475952,1.8604035079479218,1.6394649744033813,2.7206029891967773,3.2873005867004395,1.5514471530914307
2.0244370963838367,2.1434232711791994,2.0912479877471926,1.8241218328475952,1.8604035079479218,1.6394649744033813,2.7206029891967773,3.2873005867004395,1.5514471530914307,2.1434232711791994,1.87040114402771,1.9383246004581451,1.7164024114608765,2.7320297956466675,3.167965888977051,1.6662532091140747
2.053548561202155,0,2.0912479877471926,1.8241218328475952,1.8604035079479218,1.6394649744033813,2.7206029891967773,3.2873005867004395,1.5514471530914307,2.1434232711791994,1.87040114402771,1.9383246004581451,1.7164024114608765,2.7320297956466675,3.167965888977051,1.6662532091140747
2.1086751090155706,2.156487321853638,2.0912479877471926,1.8241218328475952,1.8604035079479218,1.6394649744033813,2.7206029891967773,3.2873005867004395,1.5514471530914307,2.156487321853638,1.9175012111663818,1.9014247059822083,1.6625468730926514,2.94449782371521,3.780846118927002,1.3133928775787354
1.9833252959781222,0,2.0912479877471926,1.8241218328475952,1.8604035079479218,1.6394649744033813,2.7206029891967773,3.2873005867004395,1.5514471530914307,2.156487321853638,1.9175012111663818,1.9014247059822083,1.6625468730926514,2.94449782371521,3.780846118927002,1.3133928775787354
1.9922995699776544,2.145471978187561,2.0912479877471926,1.8241218328475952,1.8604035079479218,1.6394649744033813,2.7206029891967773,3.2873005867004395,1.5514471530914307,2.145471978187561,1.8659396171569824,1.936399757862091,1.6903021335601807,2.763092517852783,3.2027673721313477,1.6449331045150757
1.994279596540663,0,2.0912479877471926,1.8241218328475952,1.8604035079479218,1.6394649744033813,2.7206029891967773,3.2873005867004395,1.5514471530914307,2.145471978187561,1.8659396171569824,1.936399757862091,1.6903021335601807,2.763092517852783,3.2027673721313477,1.6449331045150757
2.1556977563434176,2.130445146560669,2.0912479877471926,1.8241218328475952,1.8604035079479218,1.6394649744033813,2.7206029891967773,3.2873005867004395,1.5514471530914307,2.130445146560669,1.8205640316009521,1.9005763530731201,1.655501365661621,2.795088768005371,3.284501552581787,1.5859827995300293
2.0986881256103516,0,2.0912479877471926,1.8241218328475952,1.8604035079479218,1.6394649744033813,2.7206029891967773,3.2873005867004395,1.5514471530914307,2.130445146560669,1.8205640316009521,1.9005763530731201,1.655501365661621,2.795088768005371,3.284501552581787,1.5859827995300293
2.0697915289137097,2.193173623085022,2.0912479877471926,1.8241218328475952,1.8604035079479218,1.6394649744033813,2.7206029891967773,3.2873005867004395,1.5514471530914307,2.193173623085022,1.9141700267791748,1.9200337529182434,1.7339465618133545,3.003411054611206,3.8889737129211426,1.3109294176101685
2.102329519059923,0,2.0912479877471926,1.8241218328475952,1.8604035079479218,1.6394649744033813,2.7206029891967773,3.2873005867004395,1.5514471530914307,2.193173623085022,1.9141700267791748,1.9200337529182434,1.7339465618133545,3.003411054611206,3.8889737129211426,1.3109294176101685
2.1284057829115124,2.273046112060547,2.0912479877471926,1.8241218328475952,1.8604035079479218,1.6394649744033813,2.7206029891967773,3.2873005867004395,1.5514471530914307,2.273046112060547,1.9732062816619873,2.090559482574463,1.8818511962890625,2.8182570934295654,3.1025400161743164,1.8736588954925537
2.1112833420435586,0,2.0912479877471926,1.8241218328475952,1.8604035079479218,1.6394649744033813,2.7206029891967773,3.2873005867004395,1.5514471530914307,2.273046112060547,1.9732062816619873,2.090559482574463,1.8818511962890625,2.8182570934295654,3.1025400161743164,1.8736588954925537
2.004788769616021,2.1187423944473265,2.0912479877471926,1.8241218328475952,1.8604035079479218,1.6394649744033813,2.7206029891967773,3.2873005867004395,1.5514471530914307,2.1187423944473265,1.8192245960235596,1.8910814821720123,1.63387930393219,2.7901265621185303,3.2882556915283203,1.5603549480438232
1.9904433488845825,0,2.0912479877471926,1.8241218328475952,1.8604035079479218,1.6394649744033813,2.7206029891967773,3.2873005867004395,1.5514471530914307,2.1187423944473265,1.8192245960235596,1.8910814821720123,1.63387930393219,2.7901265621185303,3.2882556915283203,1.5603549480438232
2.002520587709215,2.1699451923370363,2.0912479877471926,1.8241218328475952,1.8604035079479218,1.6394649744033813,2.7206029891967773,3.2873005867004395,1.5514471530914307,2.1699451923370363,1.8442935943603516,1.94538152217865,1.7007009983062744,2.8373953104019165,3.282552719116211,1.6299407482147217
1.9774804777569241,0,2.0912479877471926,1.8241218328475952,1.8604035079479218,1.6394649744033813,2.7206029891967773,3.2873005867004395,1.5514471530914307,2.1699451923370363,1.8442935943603516,1.94538152217865,1.7007009983062744,2.8373953104019165,3.282552719116211,1.6299407482147217
2.074094639884101,2.1238861322402953,2.0912479877471926,1.8241218328475952,1.8604035079479218,1.6394649744033813,2.7206029891967773,3.2873005867004395,1.5514471530914307,2.1238861322402953,1.8277561664581299,1.900427669286728,1.6529191732406616,2.772101402282715,3.2509236335754395,1.5945525169372559
2.009339133898417,0,2.0912479877471926,1.8241218328475952,1.8604035079479218,1.6394649744033813,2.7206029891967773,3.2873005867004395,1.5514471530914307,2.1238861322402953,1.8277561664581299,1.900427669286728,1.6529191732406616,2.772101402282715,3.2509236335754395,1.5945525169372559
2.065595414903429,2.4327649593353273,2.0912479877471926,1.8241218328475952,1.8604035079479218,1.6394649744033813,2.7206029891967773,3.2873005867004395,1.5514471530914307,2.4327649593353273,2.0912725925445557,2.1384323835372925,2.049593448638916,3.324915647506714,4.328240394592285,1.3731274604797363
2.1982444524765015,0,2.0912479877471926,1.8241218328475952,1.8604035079479218,1.6394649744033813,2.7206029891967773,3.2873005867004395,1.5514471530914307,2.4327649593353273,2.0912725925445557,2.1384323835372925,2.049593448638916,3.324915647506714,4.328240394592285,1.3731274604797363
2.002579172452291,2.0959931373596192,2.0912479877471926,1.8241218328475952,1.8604035079479218,1.6394649744033813,2.7206029891967773,3.2873005867004395,1.5514471530914307,2.0959931373596192,1.7994121313095093,1.8358136415481567,1.6118626594543457,2.835315704345703,3.5380637645721436,1.3980594873428345
1.976437383227878,0,2.0912479877471926,1.8241218328475952,1.8604035079479218,1.6394649744033813,2.7206029891967773,3.2873005867004395,1.5514471530914307,2.0959931373596192,1.7994121313095093,1.8358136415481567,1.6118626594543457,2.835315704345703,3.5380637645721436,1.3980594873428345
1.9914395809173584,2.0880988359451296,2.0880988359451296,1.795579195022583,1.8477689027786255,1.6081178188323975,2.7537620067596436,3.3157246112823486,1.5292731523513794,2.0880988359451296,1.795579195022583,1.8477689027786255,1.6081178188323975,2.7537620067596436,3.3157246112823486,1.5292731523513794
1.965128156873915,0,2.0880988359451296,1.795579195022583,1.8477689027786255,1.6081178188323975,2.7537620067596436,3.3157246112823486,1.5292731523513794,2.0880988359451296,1.795579195022583,1.8477689027786255,1.6081178188323975,2.7537620067596436,3.3157246112823486,1.5292731523513794
1.94863137933943,2.1355677127838133,2.0880988359451296,1.795579195022583,1.8477689027786255,1.6081178188323975,2.7537620067596436,3.3157246112823486,1.5292731523513794,2.1355677127838133,1.8561458587646484,1.925954282283783,1.686295747756958,2.741298794746399,3.177367925643921,1.652799367904663
1.979103061887953,0,2.0880988359451296,1.795579195022583,1.8477689027786255,1.6081178188323975,2.7537620067596436,3.3157246112823486,1.5292731523513794,2.1355677127838133,1.8561458587646484,1.925954282283783,1.686295747756958,2.741298794746399,3.177367925643921,1.652799367904663
2.036248114373949,2.1100197315216063,2.0880988359451296,1.795579195022583,1.8477689027786255,1.6081178188323975,2.7537620067596436,3.3157246112823486,1.5292731523513794,2.1100197315216063,1.843416452407837,1.8952962756156921,1.6357243061065674,2.7455437183380127,3.232459545135498,1.5798704624176025
1.9400226540035672,0,2.0880988359451296,1.795579195022583,1.8477689027786255,1.6081178188323975,2.7537620067596436,3.3157246112823486,1.5292731523513794,2.1100197315216063,1.843416452407837,1.8952962756156921,1.6357243061065674,2.7455437183380127,3.232459545135498,1.5798704624176025
1.9418580796983507,2.1071032762527464,2.0880988359451296,1.795579195022583,1.8477689027786255,1.6081178188323975,2.7537620067596436,3.3157246112823486,1.5292731523513794,2.1071032762527464,1.831360101699829,1.8861333727836609,1.6138956546783447,2.7739672660827637,3.2800168991088867,1.5423260927200317
1.975800699657864,0,2.0880988359451296,1.795579195022583,1.8477689027786255,1.6081178188323975,2.7537620067596436,3.3157246112823486,1.5292731523513794,2.1071032762527464,1.831360101699829,1.8861333727836609,1.6138956546783447,2.7739672660827637,3.2800168991088867,1.5423260927200317
2.017161806424459,2.222519278526306,2.0880988359451296,1.795579195022583,1.8477689027786255,1.6081178188323975,2.7537620067596436,3.3157246112823486,1.5292731523513794,2.222519278526306,1.9562175273895264,2.0483637750148773,1.8048361539840698,2.7788214683532715,3.0814590454101562,1.7938997745513916
2.019692341486613,0,2.0880988359451296,1.795579195022583,1.8477689027786255,1.6081178188323975,2.7537620067596436,3.3157246112823486,1.5292731523513794,2.222519278526306,1.9562175273895264,2.0483637750148773,1.8048361539840698,2.7788214683532715,3.0814590454101562,1.7938997745513916
1.9861363702350192,2.1141344785690306,2.0880988359451296,1.795579195022583,1.8477689027786255,1.6081178188323975,2.7537620067596436,3.3157246112823486,1.5292731523513794,2.1141344785690306,1.8211703300476074,1.8877575993537903,1.6019022464752197,2.8214272260665894,3.336066961288452,1.504745364189148
1.9905238019095526,0,2.0880988359451296,1.795579195022583,1.8477689027786255,1.6081178188323975,2.7537620067596436,3.3157246112823486,1.5292731523513794,2.1141344785690306,1.8211703300476074,1.8877575993537903,1.6019022464752197,2.8214272260665894,3.336066961288452,1.504745364189148
2.0452517800860934,2.2198426008224486,2.0880988359451296,1.795579195022583,1.8477689027786255,1.6081178188323975,2.7537620067596436,3.3157246112823486,1.5292731523513794,2.2198426008224486,1.9627084732055664,2.0499275028705597,1.801150918006897,2.7689465284347534,3.064750909805298,1.7974605560302734
2.044610791736179,0,2.0880988359451296,1.795579195022583,1.8477689027786255,1.6081178188323975,2.7537620067596436,3.3157246112823486,1.5292731523513794,2.2198426008224486,1.9627084732055664,2.0499275028705597,1.801150918006897,2.7689465284347534,3.064750909805298,1.7974605560302734
1.9956712855233087,2.0935255527496337,2.0880988359451296,1.795579195022583,1.8477689027786255,1.6081178188323975,2.7537620067596436,3.3157246112823486,1.5292731523513794,2.0935255527496337,1.8382341861724854,1.8542184233665466,1.5930559635162354,2.800409436225891,3.4534695148468018,1.435518741607666
2.0150632593366833,0,2.0880988359451296,1.795579195022583,1.8477689027786255,1.6081178188323975,2.7537620067596436,3.3157246112823486,1.5292731523513794,2.0935255527496337,1.8382341861724854,1.8542184233665466,1.5930559635162354,2.800409436225891,3.4534695148468018,1.435518741607666
1.9538572231928508,2.0914292097091676,2.0880988359451296,1.795579195022583,1.8477689027786255,1.6081178188323975,2.7537620067596436,3.3157246112823486,1.5292731523513794,2.0914292097091676,1.7804746627807617,1.8416128754615784,1.6018192768096924,2.8090310096740723,3.414379119873047,1.4567900896072388
1.9881290462281969,0,2.0880988359451296,1.795579195022583,1.8477689027786255,1.6081178188323975,2.7537620067596436,3.3157246112823486,1.5292731523513794,2.0914292097091676,1.7804746627807617,1.8416128754615784,1.6018192768096924,2.8090310096740723,3.414379119873047,1.4567900896072388
1.9554398722118802,2.0891215562820435,2.0880988359451296,1.795579195022583,1.8477689027786255,1.6081178188323975,2.7537620067596436,3.3157246112823486,1.5292731523513794,2.0891215562820435,1.792739748954773,1.8472217917442322,1.599400520324707,2.7854397296905518,3.3668723106384277,1.4825880527496338
1.9549977514478896,0,2.0880988359451296,1.795579195022583,1.8477689027786255,1.6081178188323975,2.7537620067596436,3.3157246112823486,1.5292731523513794,2.0891215562820435,1.792739748954773,1.8472217917442322,1.599400520324707,2.7854397296905518,3.3668723106384277,1.4825880527496338
1.9776674906412761,2.155966806411743,2.0880988359451296,1.795579195022583,1.8477689027786255,1.6081178188323975,2.7537620067596436,3.3157246112823486,1.5292731523513794,2.155966806411743,1.8534796237945557,1.9437419176101685,1.7030994892120361,2.791361451148987,3.2178139686584473,1.6405320167541504
1.9726420243581135,0,2.0880988359451296,1.795579195022583,1.8477689027786255,1.6081178188323975,2.7537620067596436,3.3157246112823486,1.5292731523513794,2.155966806411743,1.8534796237945557,1.9437419176101685,1.7030994892120361,2.791361451148987,3.2178139686584473,1.6405320167541504
1.940965520011054,2.161100244522095,2.0880988359451296,1.795579195022583,1.8477689027786255,1.6081178188323975,2.7537620067596436,3.3157246112823486,1.5292731523513794,2.161100244522095,1.87874436378479,1.9605016708374023,1.7015128135681152,2.7794206142425537,3.1758360862731934,1.666402816772461
2.0272299316194324,0,2.0880988359451296,1.795579195022583,1.8477689027786255,1.6081178188323975,2.7537620067596436,3.3157246112823486,1.5292731523513794,2.161100244522095,1.87874436378479,1.9605016708374023,1.7015128135681152,2.7794206142425537,3.1758360862731934,1.666402816772461
1.9782228867212932,2.1005107164382935,2.0880988359451296,1.795579195022583,1.8477689027786255,1.6081178188323975,2.7537620067596436,3.3157246112823486,1.5292731523513794,2.1005107164382935,1.8136229515075684,1.8521896302700043,1.5951677560806274,2.8509868383407593,3.5156288146972656,1.391789197921753
1.937640905380249,0,2.0880988359451296,1.795579195022583,1.8477689027786255,1.6081178188323975,2.7537620067596436,3.3157246112823486,1.5292731523513794,2.1005107164382935,1.8136229515075684,1.8521896302700043,1.5951677560806274,2.8509868383407593,3.5156288146972656,1.391789197921753
1.9681283632914226,2.0919431924819945,2.0880988359451296,1.795579195022583,1.8477689027786255,1.6081178188323975,2.7537620067596436,3.3157246112823486,1.5292731523513794,2.0919431924819945,1.8120280504226685,1.8612464666366577,1.5889108180999756,2.778550863265991,3.325082778930664,1.5016753673553467
1.9687817096710205,0,2.0880988359451296,1.795579195022583,1.8477689027786255,1.6081178188323975,2.7537620067596436,3.3157246112823486,1.5292731523513794,2.0919431924819945,1.8120280504226685,1.8612464666366577,1.5889108180999756,2.778550863265991,3.325082778930664,1.5016753673553467
2.073993828561571,2.1481597900390623,2.0880988359451296,1.795579195022583,1.8477689027786255,1.6081178188323975,2.7537620067596436,3.3157246112823486,1.5292731523513794,2.1481597900390623,1.877896785736084,1.8855184316635132,1.673448085784912,2.9339715242385864,3.7551109790802,1.3215110301971436
2.0162634717093573,0,2.0880988359451296,1.795579195022583,1.8477689027786255,1.6081178188323975,2.7537620067596436,3.3157246112823486,1.5292731523513794,2.1481597900390623,1.877896785736084,1.8855184316635132,1.673448085784912,2.9339715242385864,3.7551109790802,1.3215110301971436
1.9748173422283597,2.089617300033569,2.0880988359451296,1.795579195022583,1.8477689027786255,1.6081178188323975,2.7537620067596436,3.3157246112823486,1.5292731523513794,2.089617300033569,1.8140065670013428,1.843818724155426,1.5936253070831299,2.8050962686538696,3.4565560817718506,1.4302620887756348
1.9520323144065008,0,2.0880988359451296,1.795579195022583,1.8477689027786255,1.6081178188323975,2.7537620067596436,3.3157246112823486,1.5292731523513794,2.089617300033569,1.8140065670013428,1.843818724155426,1.5936253070831299,2.8050962686538696,3.4565560817718506,1.4302620887756348
1.9383742676840887,2.0945611238479613,2.0880988359451296,1.795579195022583,1.8477689027786255,1.6081178188323975,2.7537620067596436,3.3157246112823486,1.5292731523513794,2.0945611238479613,1.808178186416626,1.8649026453495026,1.605622410774231,2.767325520515442,3.2970192432403564,1.5243539810180664
1.951493991745843,0,2.0880988359451296,1.795579195022583,1.8477689027786255,1.6081178188323975,2.7537620067596436,3.3157246112823486,1.5292731523513794,2.0945611238479613,1.808178186416626,1.8649026453495026,1.605622410774231,2.767325520515442,3.2970192432403564,1.5243539810180664
1.96686143345303,2.1073821544647218,2.0880988359451296,1.795579195022583,1.8477689027786255,1.6081178188323975,2.7537620067596436,3.3157246112823486,1.5292731523513794,2.1073821544647218,1.8024508953094482,1.874395728111267,1.6096961498260498,2.808873772621155,3.3347625732421875,1.5070161819458008
1.9583046701219347,0,2.0880988359451296,1.795579195022583,1.8477689027786255,1.6081178188323975,2.7537620067596436,3.3157246112823486,1.5292731523513794,2.1073821544647218,1.8024508953094482,1.874395728111267,1.6096961498260498,2.808873772621155,3.3347625732421875,1.5070161819458008
1.961124473147922,2.1045447826385497,2.0880988359451296,1.795579195022583,1.8477689027786255,1.6081178188323975,2.7537620067596436,3.3157246112823486,1.5292731523513794,2.1045447826385497,1.7788712978363037,1.8497785925865173,1.6165156364440918,2.8558530807495117,3.4868500232696533,1.41563081741333
1.9195980893241034,0,2.0880988359451296,1.795579195022583,1.8477689027786255,1.6081178188323975,2.7537620067596436,3.3157246112823486,1.5292731523513794,2.1045447826385497,1.7788712978363037,1.8497785925865173,1.6165156364440918,2.8558530807495117,3.4868500232696533,1.41563081741333
1.993616607454088,2.1377060413360596,2.0880988359451296,1.795579195022583,1.8477689027786255,1.6081178188323975,2.7537620067596436,3.3157246112823486,1.5292731523513794,2.1377060413360596,1.8652188777923584,1.9361139237880707,1.6652830839157104,2.7728867530822754,3.1970386505126953,1.6122547388076782
2.0149487257003784,0,2.0880988359451296,1.795579195022583,1.8477689027786255,1.6081178188323975,2.7537620067596436,3.3157246112823486,1.5292731523513794,2.1377060413360596,1.8652188777923584,1.9361139237880707,1.6652830839157104,2.7728867530822754,3.1970386505126953,1.6122547388076782
1.9694983561833699,2.1045669078826905,2.0880988359451296,1.795579195022583,1.8477689027786255,1.6081178188323975,2.7537620067596436,3.3157246112823486,1.5292731523513794,2.1045669078826905,1.8750438690185547,1.873201608657837,1.5942769050598145,2.810866951942444,3.473292112350464,1.4317798614501953
1.9965049028396606,0,2.0880988359451296,1.795579195022583,1.8477689027786255,1.6081178188323975,2.7537620067596436,3.3157246112823486,1.5292731523513794,2.1045669078826905,1.8750438690185547,1.873201608657837,1.5942769050598145,2.810866951942444,3.473292112350464,1.4317798614501953
2.0236108038160534,2.135512948036194,2.0880988359451296,1.795579195022583,1.8477689027786255,1.6081178188323975,2.7537620067596436,3.3157246112823486,1.5292731523513794,2.135512948036194,1.8729594945907593,1.938168227672577,1.657764196395874,2.7697157859802246,3.190441846847534,1.6074094772338867
1.9523943927552965,0,2.0880988359451296,1.795579195022583,1.8477689027786255,1.6081178188323975,2.7537620067596436,3.3157246112823486,1.5292731523513794,2.135512948036194,1.8729594945907593,1.938168227672577,1.657764196395874,2.7697157859802246,3.190441846847534,1.6074094772338867
1.9721862739986844,2.1049270153045656,2.0880988359451296,1.795579195022583,1.8477689027786255,1.6081178188323975,2.7537620067596436,3.3157246112823486,1.5292731523513794,2.1049270153045656,1.8367035388946533,1.852578580379486,1.612790822982788,2.8537940979003906,3.5834717750549316,1.3675525188446045
1.9375384781095717,0,2.0880988359451296,1.795579195022583,1.8477689027786255,1.6081178188323975,2.7537620067596436,3.3157246112823486,1.5292731523513794,2.1049270153045656,1.8367035388946533,1.852578580379486,1.612790822982788,2.8537940979003906,3.5834717750549316,1.3675525188446045
1.9864003790749445,2.1043631553649904,2.0880988359451296,1.795579195022583,1.8477689027786255,1.6081178188323975,2.7537620067596436,3.3157246112823486,1.5292731523513794,2.1043631553649904,1.794952630996704,1.8403910398483276,1.6319661140441895,2.863337993621826,3.5869832038879395,1.3682210445404053
1.9685886833402846,0,2.0880988359451296,1.795579195022583,1.8477689027786255,1.6081178188323975,2.7537620067596436,3.3157246112823486,1.5292731523513794,2.1043631553649904,1.794952630996704,1.8403910398483276,1.6319661140441895,2.863337993621826,3.5869832038879395,1.3682210445404053
1.9988627301322088,2.0950034618377686,2.0880988359451296,1.795579195022583,1.8477689027786255,1.6081178188323975,2.7537620067596436,3.3157246112823486,1.5292731523513794,2.0950034618377686,1.8154245615005493,1.8400583863258362,1.612198829650879,2.831676483154297,3.5461673736572266,1.3840409517288208
1.9951763815350003,0,2.0880988359451296,1.795579195022583,1.8477689027786255,1.6081178188323975,2.7537620067596436,3.3157246112823486,1.5292731523513794,2.0950034618377686,1.8154245615005493,1.8400583863258362,1.612198829650879,2.831676483154297,3.5461673736572266,1.3840409517288208
2.0003774166107178,2.101390266418457,2.0880988359451296,1.795579195022583,1.8477689027786255,1.6081178188323975,2.7537620067596436,3.3157246112823486,1.5292731523513794,2.101390266418457,1.8776304721832275,1.857859194278717,1.623143196105957,2.7890313863754272,3.5250301361083984,1.428114891052246
1.955909013748169,0,2.0880988359451296,1.795579195022583,1.8477689027786255,1.6081178188323975,2.7537620067596436,3.3157246112823486,1.5292731523513794,2.101390266418457,1.8776304721832275,1.857859194278717,1.623143196105957,2.7890313863754272,3.5250301361083984,1.428114891052246
2.099451197518243,2.3012112379074097,2.0880988359451296,1.795579195022583,1.8477689027786255,1.6081178188323975,2.7537620067596436,3.3157246112823486,1.5292731523513794,2.3012112379074097,2.032691717147827,2.153847187757492,1.9998019933700562,2.762451648712158,2.9746999740600586,1.9486591815948486
2.0375209781858654,0,2.0880988359451296,1.795579195022583,1.8477689027786255,1.6081178188323975,2.7537620067596436,3.3157246112823486,1.5292731523513794,2.3012112379074097,2.032691717147827,2.153847187757492,1.9998019933700562,2.762451648712158,2.9746999740600586,1.9486591815948486
1.9763915141423543,2.2444674491882326,2.0880988359451296,1.795579195022583,1.8477689027786255,1.6081178188323975,2.7537620067596436,3.3157246112823486,1.5292731523513794,2.2444674491882326,2.0336074829101562,1.989398181438446,1.794511079788208,3.045250654220581,3.9946346282958984,1.3037173748016357
2.0999993483225503,0,2.0880988359451296,1.795579195022583,1.8477689027786255,1.6081178188323975,2.7537620067596436,3.3157246112823486,1.5292731523513794,2.2444674491882326,2.0336074829101562,1.989398181438446,1.794511079788208,3.045250654220581,3.9946346282958984,1.3037173748016357
1.9971006446414523,2.0861811876296996,2.0861811876296996,1.7855170965194702,1.8357142508029938,1.5964871644973755,2.819623589515686,3.463911533355713,1.4096544981002808,2.0861811876296996,1.7855170965194702,1.8357142508029938,1.5964871644973755,2.819623589515686,3.463911533355713,1.4096544981002808
1.9427284797032673,0,2.0861811876296996,1.7855170965194702,1.8357142508029938,1.5964871644973755,2.819623589515686,3.463911533355713,1.4096544981002808,2.0861811876296996,1.7855170965194702,1.8357142508029938,1.5964871644973755,2.819623589515686,3.463911533355713,1.4096544981002808
1.9902063740624323,2.105431413650513,2.0861811876296996,1.7855170965194702,1.8357142508029938,1.5964871644973755,2.819623589515686,3.463911533355713,1.4096544981002808,2.105431413650513,1.7983030080795288,1.8756553530693054,1.625718116760254,2.7858874797821045,3.291477680206299,1.5313609838485718
1.9195889631907146,0,2.0861811876296996,1.7855170965194702,1.8357142508029938,1.5964871644973755,2.819623589515686,3.463911533355713,1.4096544981002808,2.105431413650513,1.7983030080795288,1.8756553530693054,1.625718116760254,2.7858874797821045,3.291477680206299,1.5313609838485718
1.9977270629670885,2.0981740713119508,2.0861811876296996,1.7855170965194702,1.8357142508029938,1.5964871644973755,2.819623589515686,3.463911533355713,1.4096544981002808,2.0981740713119508,1.7854468822479248,1.8621947467327118,1.6254552602767944,2.7736846208572388,3.2949392795562744,1.5325989723205566
1.9580691787931654,0,2.0861811876296996,1.7855170965194702,1.8357142508029938,1.5964871644973755,2.819623589515686,3.463911533355713,1.4096544981002808,2.0981740713119508,1.7854468822479248,1.8621947467327118,1.6254552602767944,2.7736846208572388,3.2949392795562744,1.5325989723205566
1.9770491123199463,2.098987317085266,2.0861811876296996,1.7855170965194702,1.8357142508029938,1.5964871644973755,2.819623589515686,3.463911533355713,1.4096544981002808,2.098987317085266,1.7812950611114502,1.8586780726909637,1.6113661527633667,2.8077971935272217,3.3548383712768555,1.4866809844970703
2.002777576446533,0,2.0861811876296996,1.7855170965194702,1.8357142508029938,1.5964871644973755,2.819623589515686,3.463911533355713,1.4096544981002808,2.098987317085266,1.7812950611114502,1.8586780726909637,1.6113661527633667,2.8077971935272217,3.3548383712768555,1.4866809844970703
1.9662912951575384,2.1478237867355348,2.0861811876296996,1.7855170965194702,1.8357142508029938,1.5964871644973755,2.819623589515686,3.463911533355713,1.4096544981002808,2.1478237867355348,1.8707009553909302,1.8815239071846008,1.689488410949707,2.9337291717529297,3.7722530364990234,1.3114712238311768
2.0417198737462363,0,2.0861811876296996,1.7855170965194702,1.8357142508029938,1.5964871644973755,2.819623589515686,3.463911533355713,1.4096544981002808,2.1478237867355348,1.8707009553909302,1.8815239071846008,1.689488410949707,2.9337291717529297,3.7722530364990234,1.3114712238311768
1.9552836418151855,2.0754695177078246,2.0754695177078246,1.7864283323287964,1.8294960856437683,1.5869643688201904,2.779767394065857,3.401371479034424,1.4444200992584229,2.0754695177078246,1.7864283323287964,1.8294960856437683,1.5869643688201904,2.779767394065857,3.401371479034424,1.4444200992584229
1.9515889353222318,0,2.0754695177078246,1.7864283323287964,1.8294960856437683,1.5869643688201904,2.779767394065857,3.401371479034424,1.4444200992584229,2.0754695177078246,1.7864283323287964,1.8294960856437683,1.5869643688201904,2.779767394065857,3.401371479034424,1.4444200992584229
1.9527625507778592,2.0812010526657105,2.0754695177078246,1.7864283323287964,1.8294960856437683,1.5869643688201904,2.779767394065857,3.401371479034424,1.4444200992584229,2.0812010526657105,1.777091145515442,1.833300232887268,1.5940804481506348,2.800118565559387,3.4152989387512207,1.4345965385437012
1.9331038263108995,0,2.0754695177078246,1.7864283323287964,1.8294960856437683,1.5869643688201904,2.779767394065857,3.401371479034424,1.4444200992584229,2.0812010526657105,1.777091145515442,1.833300232887268,1.5940804481506348,2.800118565559387,3.4152989387512207,1.4345965385437012
1.9621615277396307,2.2312240839004516,2.0754695177078246,1.7864283323287964,1.8294960856437683,1.5869643688201904,2.779767394065857,3.401371479034424,1.4444200992584229,2.2312240839004516,1.9535932540893555,2.058296889066696,1.8390358686447144,2.7786635160446167,3.070361852645874,1.806164264678955
2.0583610667122736,0,2.0754695177078246,1.7864283323287964,1.8294960856437683,1.5869643688201904,2.779767394065857,3.401371479034424,1.4444200992584229,2.2312240839004516,1.9535932540893555,2.058296889066696,1.8390358686447144,2.7786635160446167,3.070361852645874,1.806164264678955
1.9393237431844075,2.092704153060913,2.0754695177078246,1.7864283323287964,1.8294960856437683,1.5869643688201904,2.779767394065857,3.401371479034424,1.4444200992584229,2.092704153060913,1.7947081327438354,1.8508996963500977,1.5812842845916748,2.840848445892334,3.448798656463623,1.4058314561843872
2.0503811173968844,0,2.0754695177078246,1.7864283323287964,1.8294960856437683,1.5869643688201904,2.779767394065857,3.401371479034424,1.4444200992584229,2.092704153060913,1.7947081327438354,1.8508996963500977,1.5812842845916748,2.840848445892334,3.448798656463623,1.4058314561843872
2.0137796931796603,2.139389157295227,2.0754695177078246,1.7864283323287964,1.8294960856437683,1.5869643688201904,2.779767394065857,3.401371479034424,1.4444200992584229,2.139389157295227,1.8298077583312988,1.923094391822815,1.6751370429992676,2.80389666557312,3.2501683235168457,1.5842076539993286
1.9915286037656996,0,2.0754695177078246,1.7864283323287964,1.8294960856437683,1.5869643688201904,2.779767394065857,3.401371479034424,1.4444200992584229,2.139389157295227,1.8298077583312988,1.923094391822815,1.6751370429992676,2.80389666557312,3.2501683235168457,1.5842076539993286
1.9872335460450914,2.3170920610427856,2.0754695177078246,1.7864283323287964,1.8294960856437683,1.5869643688201904,2.779767394065857,3.401371479034424,1.4444200992584229,2.3170920610427856,2.0278663635253906,2.1628888845443726,2.019145965576172,2.7966816425323486,3.01668643951416,1.9450846910476685
2.0289180278778076,0,2.0754695177078246,1.7864283323287964,1.8294960856437683,1.5869643688201904,2.779767394065857,3.401371479034424,1.4444200992584229,2.3170920610427856,2.0278663635253906,2.1628888845443726,2.019145965576172,2.7966816425323486,3.01668643951416,1.9450846910476685
2.052094022432963,2.073010563850403,2.073010563850403,1.7694318294525146,1.8304935991764069,1.6325675249099731,2.7212393283843994,3.291935443878174,1.5205748081207275,2.073010563850403,1.7694318294525146,1.8304935991764069,1.6325675249099731,2.7212393283843994,3.291935443878174,1.5205748081207275
1.9966365761227078,0,2.073010563850403,1.7694318294525146,1.8304935991764069,1.6325675249099731,2.7212393283843994,3.291935443878174,1.5205748081207275,2.073010563850403,1.7694318294525146,1.8304935991764069,1.6325675249099731,2.7212393283843994,3.291935443878174,1.5205748081207275
1.977319942580329,2.0892660140991213,2.073010563850403,1.7694318294525146,1.8304935991764069,1.6325675249099731,2.7212393283843994,3.291935443878174,1.5205748081207275,2.0892660140991213,1.7514996528625488,1.82615327835083,1.628645420074463,2.828824281692505,3.48468017578125,1.408536434173584
1.9442424244350858,0,2.073010563850403,1.7694318294525146,1.8304935991764069,1.6325675249099731,2.7212393283843994,3.291935443878174,1.5205748081207275,2.0892660140991213,1.7514996528625488,1.82615327835083,1.628645420074463,2.828824281692505,3.48468017578125,1.408536434173584
1.9506219625473022,2.125338387489319,2.073010563850403,1.7694318294525146,1.8304935991764069,1.6325675249099731,2.7212393283843994,3.291935443878174,1.5205748081207275,2.125338387489319,1.8255293369293213,1.8545539379119873,1.6692955493927002,2.9085530042648315,3.7192444801330566,1.3147610425949097
1.9897901614507039,0,2.073010563850403,1.7694318294525146,1.8304935991764069,1.6325675249099731,2.7212393283843994,3.291935443878174,1.5205748081207275,2.125338387489319,1.8255293369293213,1.8545539379119873,1.6692955493927002,2.9085530042648315,3.7192444801330566,1.3147610425949097
1.9567103915744357,2.0721500873565675,2.0721500873565675,1.806532621383667,1.8384719491004944,1.5720903873443604,2.7621333599090576,3.355534553527832,1.4578607082366943,2.0721500873565675,1.806532621383667,1.8384719491004944,1.5720903873443604,2.7621333599090576,3.355534553527832,1.4578607082366943
1.9642814662721422,0,2.0721500873565675,1.806532621383667,1.8384719491004944,1.5720903873443604,2.7621333599090576,3.355534553527832,1.4578607082366943,2.0721500873565675,1.806532621383667,1.8384719491004944,1.5720903873443604,2.7621333599090576,3.355534553527832,1.4578607082366943
1.9954076475567288,2.081449055671692,2.0721500873565675,1.806532621383667,1.8384719491004944,1.5720903873443604,2.7621333599090576,3.355534553527832,1.4578607082366943,2.081449055671692,1.8028624057769775,1.8562692403793335,1.588263988494873,2.7538950443267822,3.2767019271850586,1.5083287954330444
2.0469481547673545,0,2.0721500873565675,1.806532621383667,1.8384719491004944,1.5720903873443604,2.7621333599090576,3.355534553527832,1.4578607082366943,2.081449055671692,1.8028624057769775,1.8562692403793335,1.588263988494873,2.7538950443267822,3.2767019271850586,1.5083287954330444
1.9876447783576117,2.1145015239715574,2.0721500873565675,1.806532621383667,1.8384719491004944,1.5720903873443604,2.7621333599090576,3.355534553527832,1.4578607082366943,2.1145015239715574,1.8060808181762695,1.8915754556655884,1.6600213050842285,2.7642236948013306,3.234328508377075,1.577958106994629
1.9604545434315999,0,2.0721500873565675,1.806532621383667,1.8384719491004944,1.5720903873443604,2.7621333599090576,3.355534553527832,1.4578607082366943,2.1145015239715574,1.8060808181762695,1.8915754556655884,1.6600213050842285,2.7642236948013306,3.234328508377075,1.577958106994629
1.961265312300788,2.091880536079407,2.0721500873565675,1.806532621383667,1.8384719491004944,1.5720903873443604,2.7621333599090576,3.355534553527832,1.4578607082366943,2.091880536079407,1.7616629600524902,1.821673333644867,1.6378583908081055,2.8408886194229126,3.5562682151794434,1.3781040906906128
1.9213169548246596,0,2.0721500873565675,1.806532621383667,1.8384719491004944,1.5720903873443604,2.7621333599090576,3.355534553527832,1.4578607082366943,2.091880536079407,1.7616629600524902,1.821673333644867,1.6378583908081055,2.8408886194229126,3.5562682151794434,1.3781040906906128
2.003889653417799,2.106536865234375,2.0721500873565675,1.806532621383667,1.8384719491004944,1.5720903873443604,2.7621333599090576,3.355534553527832,1.4578607082366943,2.106536865234375,1.8013653755187988,1.840581089258194,1.6416031122207642,2.872324824333191,3.6266591548919678,1.3450661897659302
1.9620441065894232,0,2.0721500873565675,1.806532621383667,1.8384719491004944,1.5720903873443604,2.7621333599090576,3.355534553527832,1.4578607082366943,2.106536865234375,1.8013653755187988,1.840581089258194,1.6416031122207642,2.872324824333191,3.6266591548919678,1.3450661897659302
1.990140888426039,2.180902528762817,2.0721500873565675,1.806532621383667,1.8384719491004944,1.5720903873443604,2.7621333599090576,3.355534553527832,1.4578607082366943,2.180902528762817,1.9009687900543213,1.9963355660438538,1.7613885402679443,2.76082444190979,3.099632740020752,1.7205064296722412
1.9972718556722004,0,2.0721500873565675,1.806532621383667,1.8384719491004944,1.5720903873443604,2.7621333599090576,3.355534553527832,1.4578607082366943,2.180902528762817,1.9009687900543213,1.9963355660438538,1.7613885402679443,2.76082444190979,3.099632740020752,1.7205064296722412
1.9397966066996257,2.084339714050293,2.0721500873565675,1.806532621383667,1.8384719491004944,1.5720903873443604,2.7621333599090576,3.355534553527832,1.4578607082366943,2.084339714050293,1.7869603633880615,1.8350288271903992,1.593919277191162,2.8233935832977295,3.4745118618011475,1.3940317630767822
1.9496569236119587,0,2.0721500873565675,1.806532621383667,1.8384719491004944,1.5720903873443604,2.7621333599090576,3.355534553527832,1.4578607082366943,2.084339714050293,1.7869603633880615,1.8350288271903992,1.593919277191162,2.8233935832977295,3.4745118618011475,1.3940317630767822
1.9683720138337877,2.079563570022583,2.0721500873565675,1.806532621383667,1.8384719491004944,1.5720903873443604,2.7621333599090576,3.355534553527832,1.4578607082366943,2.079563570022583,1.7898824214935303,1.8476229310035706,1.580503225326538,2.7774689197540283,3.324714183807373,1.47249436378479
1.952248626285129,0,2.0721500873565675,1.806532621383667,1.8384719491004944,1.5720903873443604,2.7621333599090576,3.355534553527832,1.4578607082366943,2.079563570022583,1.7898824214935303,1.8476229310035706,1.580503225326538,2.7774689197540283,3.324714183807373,1.47249436378479
2.0790552298227944,2.231333303451538,2.0721500873565675,1.806532621383667,1.8384719491004944,1.5720903873443604,2.7621333599090576,3.355534553527832,1.4578607082366943,2.231333303451538,2.0159549713134766,1.9740993976593018,1.7896909713745117,3.022987127304077,3.971177577972412,1.3050463199615479
1.9659443431430392,0,2.0721500873565675,1.806532621383667,1.8384719491004944,1.5720903873443604,2.7621333599090576,3.355534553527832,1.4578607082366943,2.231333303451538,2.0159549713134766,1.9740993976593018,1.7896909713745117,3.022987127304077,3.971177577972412,1.3050463199615479
1.9963356653849285,2.1105807065963744,2.0721500873565675,1.806532621383667,1.8384719491004944,1.5720903873443604,2.7621333599090576,3.355534553527832,1.4578607082366943,2.1105807065963744,1.824737310409546,1.900295615196228,1.6806423664093018,2.7164413928985596,3.1618173122406006,1.6146410703659058
1.9796327882342868,0,2.0721500873565675,1.806532621383667,1.8384719491004944,1.5720903873443604,2.7621333599090576,3.355534553527832,1.4578607082366943,2.1105807065963744,1.824737310409546,1.900295615196228,1.6806423664093018,2.7164413928985596,3.1618173122406006,1.6146410703659058
1.9163282579845853,2.0734206199645997,2.0721500873565675,1.806532621383667,1.8384719491004944,1.5720903873443604,2.7621333599090576,3.355534553527832,1.4578607082366943,2.0734206199645997,1.7982940673828125,1.8470962643623352,1.5946919918060303,2.731114387512207,3.2651238441467285,1.5118882656097412
1.9285207192103069,0,2.0721500873565675,1.806532621383667,1.8384719491004944,1.5720903873443604,2.7621333599090576,3.355534553527832,1.4578607082366943,2.0734206199645997,1.7982940673828125,1.8470962643623352,1.5946919918060303,2.731114387512207,3.2651238441467285,1.5118882656097412
1.9353188143836126,2.0787893295288087,2.0721500873565675,1.806532621383667,1.8384719491004944,1.5720903873443604,2.7621333599090576,3.355534553527832,1.4578607082366943,2.0787893295288087,1.7808592319488525,1.8455326557159424,1.6023454666137695,2.7546184062957764,3.291170120239258,1.5015051364898682
1.938468125131395,0,2.0721500873565675,1.806532621383667,1.8384719491004944,1.5720903873443604,2.7621333599090576,3.355534553527832,1.4578607082366943,2.0787893295288087,1.7808592319488525,1.8455326557159424,1.6023454666137695,2.7546184062957764,3.291170120239258,1.5015051364898682
1.9913523594538372,2.1175751447677613,2.0721500873565675,1.806532621383667,1.8384719491004944,1.5720903873443604,2.7621333599090576,3.355534553527832,1.4578607082366943,2.1175751447677613,1.7749437093734741,1.877244085073471,1.6529942750930786,2.830431342124939,3.3547680377960205,1.4990750551223755
1.9461436933941312,0,2.0721500873565675,1.806532621383667,1.8384719491004944,1.5720903873443604,2.7621333599090576,3.355534553527832,1.4578607082366943,2.1175751447677613,1.7749437093734741,1.877244085073471,1.6529942750930786,2.830431342124939,3.3547680377960205,1.4990750551223755
1.9148898786968656,2.1762388229370115,2.0721500873565675,1.806532621383667,1.8384719491004944,1.5720903873443604,2.7621333599090576,3.355534553527832,1.4578607082366943,2.1762388229370115,1.8399351835250854,1.9612940847873688,1.747637152671814,2.84811794757843,3.27856707572937,1.5973858833312988
1.9620084232754178,0,2.0721500873565675,1.806532621383667,1.8384719491004944,1.5720903873443604,2.7621333599090576,3.355534553527832,1.4578607082366943,2.1762388229370115,1.8399351835250854,1.9612940847873688,1.747637152671814,2.84811794757843,3.27856707572937,1.5973858833312988
1.918139722612169,2.0988932847976685,2.0721500873565675,1.806532621383667,1.8384719491004944,1.5720903873443604,2.7621333599090576,3.355534553527832,1.4578607082366943,2.0988932847976685,1.7951335906982422,1.8742840886116028,1.6390926837921143,2.7653679847717285,3.2629594802856445,1.5295041799545288
1.966203663084242,0,2.0721500873565675,1.806532621383667,1.8384719491004944,1.5720903873443604,2.7621333599090576,3.355534553527832,1.4578607082366943,2.0988932847976685,1.7951335906982422,1.8742840886116028,1.6390926837921143,2.7653679847717285,3.2629594802856445,1.5295041799545288
1.9334808985392253,2.0812328815460206,2.0721500873565675,1.806532621383667,1.8384719491004944,1.5720903873443604,2.7621333599090576,3.355534553527832,1.4578607082366943,2.0812328815460206,1.7895009517669678,1.8335171937942505,1.5891227722167969,2.8180774450302124,3.4702107906341553,1.391385793685913
1.953343802028232,0,2.0721500873565675,1.806532621383667,1.8384719491004944,1.5720903873443604,2.7621333599090576,3.355534553527832,1.4578607082366943,2.0812328815460206,1.7895009517669678,1.8335171937942505,1.5891227722167969,2.8180774450302124,3.4702107906341553,1.391385793685913
1.928980893558926,2.110886836051941,2.0721500873565675,1.806532621383667,1.8384719491004944,1.5720903873443604,2.7621333599090576,3.355534553527832,1.4578607082366943,2.110886836051941,1.838157057762146,1.907132238149643,1.6623684167861938,2.7285444736480713,3.1672425270080566,1.5968197584152222
1.927734719382392,0,2.0721500873565675,1.806532621383667,1.8384719491004944,1.5720903873443604,2.7621333599090576,3.355534553527832,1.4578607082366943,2.110886836051941,1.838157057762146,1.907132238149643,1.6623684167861938,2.7285444736480713,3.1672425270080566,1.5968197584152222
1.931109454896715,2.083832573890686,2.0721500873565675,1.806532621383667,1.8384719491004944,1.5720903873443604,2.7621333599090576,3.355534553527832,1.4578607082366943,2.083832573890686,1.7979376316070557,1.8617150485515594,1.6250330209732056,2.7309597730636597,3.2359676361083984,1.5342726707458496
1.964646617571513,0,2.0721500873565675,1.806532621383667,1.8384719491004944,1.5720903873443604,2.7621333599090576,3.355534553527832,1.4578607082366943,2.083832573890686,1.7979376316070557,1.8617150485515594,1.6250330209732056,2.7309597730636597,3.2359676361083984,1.5342726707458496
2.073855307367113,2.1536068439483644,2.0721500873565675,1.806532621383667,1.8384719491004944,1.5720903873443604,2.7621333599090576,3.355534553527832,1.4578607082366943,2.1536068439483644,1.844010591506958,1.9472678303718567,1.7318694591522217,2.7830272912979126,3.196873903274536,1.6260995864868164
1.9479657941394382,0,2.0721500873565675,1.806532621383667,1.8384719491004944,1.5720903873443604,2.7621333599090576,3.355534553527832,1.4578607082366943,2.1536068439483644,1.844010591506958,1.9472678303718567,1.7318694591522217,2.7830272912979126,3.196873903274536,1.6260995864868164
1.946509877840678,2.254146432876587,2.0721500873565675,1.806532621383667,1.8384719491004944,1.5720903873443604,2.7621333599090576,3.355534553527832,1.4578607082366943,2.254146432876587,2.045807361602783,1.9917850196361542,1.8283494710922241,3.0476043224334717,4.048032760620117,1.3013666868209839
2.163328528404236,0,2.0721500873565675,1.806532621383667,1.8384719491004944,1.5720903873443604,2.7621333599090576,3.355534553527832,1.4578607082366943,2.254146432876587,2.045807361602783,1.9917850196361542,1.8283494710922241,3.0476043224334717,4.048032760620117,1.3013666868209839
1.9790742132398818,2.0621792316436767,2.0621792316436767,1.7972931861877441,1.813495695590973,1.5872056484222412,2.748961567878723,3.425732374191284,1.4284741878509521,2.0621792316436767,1.7972931861877441,1.813495695590973,1.5872056484222412,2.748961567878723,3.425732374191284,1.4284741878509521
1.9405116770002577,0,2.0621792316436767,1.7972931861877441,1.813495695590973,1.5872056484222412,2.748961567878723,3.425732374191284,1.4284741878509521,2.0621792316436767,1.7972931861877441,1.813495695590973,1.5872056484222412,2.748961567878723,3.425732374191284,1.4284741878509521
1.9363074037763808,2.089128112792969,2.0621792316436767,1.7972931861877441,1.813495695590973,1.5872056484222412,2.748961567878723,3.425732374191284,1.4284741878509521,2.089128112792969,1.7940645217895508,1.8664103150367737,1.644073724746704,2.7330362796783447,3.2326340675354004,1.5414297580718994
1.9667655759387546,0,2.0621792316436767,1.7972931861877441,1.813495695590973,1.5872056484222412,2.748961567878723,3.425732374191284,1.4284741878509521,2.089128112792969,1.7940645217895508,1.8664103150367737,1.644073724746704,2.7330362796783447,3.2326340675354004,1.5414297580718994
1.9219688574473064,2.070944905281067,2.0621792316436767,1.7972931861877441,1.813495695590973,1.5872056484222412,2.748961567878723,3.425732374191284,1.4284741878509521,2.070944905281067,1.7571256160736084,1.8227736055850983,1.6023255586624146,2.7734673023223877,3.3724169731140137,1.4483387470245361
1.9468929767608643,0,2.0621792316436767,1.7972931861877441,1.813495695590973,1.5872056484222412,2.748961567878723,3.425732374191284,1.4284741878509521,2.070944905281067,1.7571256160736084,1.8227736055850983,1.6023255586624146,2.7734673023223877,3.3724169731140137,1.4483387470245361
1.9391538169648912,2.0936567783355713,2.0621792316436767,1.7972931861877441,1.813495695590973,1.5872056484222412,2.748961567878723,3.425732374191284,1.4284741878509521,2.0936567783355713,1.8374286890029907,1.8422236740589142,1.6032294034957886,2.8342772722244263,3.577746629714966,1.3590712547302246
1.9673835966322157,0,2.0621792316436767,1.7972931861877441,1.813495695590973,1.5872056484222412,2.748961567878723,3.425732374191284,1.4284741878509521,2.0936567783355713,1.8374286890029907,1.8422236740589142,1.6032294034957886,2.8342772722244263,3.577746629714966,1.3590712547302246
1.9571407503551908,2.0951857805252074,2.0621792316436767,1.7972931861877441,1.813495695590973,1.5872056484222412,2.748961567878723,3.425732374191284,1.4284741878509521,2.0951857805252074,1.7714964151382446,1.8278531432151794,1.638221263885498,2.855398654937744,3.580598831176758,1.3554139137268066
1.9336742957433064,0,2.0621792316436767,1.7972931861877441,1.813495695590973,1.5872056484222412,2.748961567878723,3.425732374191284,1.4284741878509521,2.0951857805252074,1.7714964151382446,1.8278531432151794,1.638221263885498,2.855398654937744,3.580598831176758,1.3554139137268066
1.916279461648729,2.078551721572876,2.0621792316436767,1.7972931861877441,1.813495695590973,1.5872056484222412,2.748961567878723,3.425732374191284,1.4284741878509521,2.078551721572876,1.7571256160736084,1.825821578502655,1.6055524349212646,2.8097294569015503,3.435976266860962,1.4106216430664062
1.9446217086580064,0,2.0621792316436767,1.7972931861877441,1.813495695590973,1.5872056484222412,2.748961567878723,3.425732374191284,1.4284741878509521,2.078551721572876,1.7571256160736084,1.825821578502655,1.6055524349212646,2.8097294569015503,3.435976266860962,1.4106216430664062
1.9159775442547269,2.1056193113327026,2.0621792316436767,1.7972931861877441,1.813495695590973,1.5872056484222412,2.748961567878723,3.425732374191284,1.4284741878509521,2.1056193113327026,1.791826844215393,1.8807305097579956,1.652040719985962,2.776449680328369,3.265671730041504,1.53132963180542
1.9464668300416734,0,2.0621792316436767,1.7972931861877441,1.813495695590973,1.5872056484222412,2.748961567878723,3.425732374191284,1.4284741878509521,2.1056193113327026,1.791826844215393,1.8807305097579956,1.652040719985962,2.776449680328369,3.265671730041504,1.53132963180542
1.9803676472769842,2.1219780683517455,2.0621792316436767,1.7972931861877441,1.813495695590973,1.5872056484222412,2.748961567878723,3.425732374191284,1.4284741878509521,2.1219780683517455,1.8137619495391846,1.9065572023391724,1.6863727569580078,2.7686238288879395,3.2249155044555664,1.5725079774856567
1.927964448928833,0,2.0621792316436767,1.7972931861877441,1.813495695590973,1.5872056484222412,2.748961567878723,3.425732374191284,1.4284741878509521,2.1219780683517455,1.8137619495391846,1.9065572023391724,1.6863727569580078,2.7686238288879395,3.2249155044555664,1.5725079774856567
1.9175143904156156,2.067953038215637,2.0621792316436767,1.7972931861877441,1.813495695590973,1.5872056484222412,2.748961567878723,3.425732374191284,1.4284741878509521,2.067953038215637,1.756672978401184,1.8196035027503967,1.5919780731201172,2.7756330966949463,3.378176212310791,1.4398479461669922
1.918497814072503,0,2.0621792316436767,1.7972931861877441,1.813495695590973,1.5872056484222412,2.748961567878723,3.425732374191284,1.4284741878509521,2.067953038215637,1.756672978401184,1.8196035027503967,1.5919780731201172,2.7756330966949463,3.378176212310791,1.4398479461669922
1.9901956982082791,2.0781224727630616,2.0621792316436767,1.7972931861877441,1.813495695590973,1.5872056484222412,2.748961567878723,3.425732374191284,1.4284741878509521,2.0781224727630616,1.8101491928100586,1.8277592062950134,1.5870821475982666,2.808534622192383,3.5134129524230957,1.3763117790222168
2.0070612298117743,0,2.0621792316436767,1.7972931861877441,1.813495695590973,1.5872056484222412,2.748961567878723,3.425732374191284,1.4284741878509521,2.0781224727630616,1.8101491928100586,1.8277592062950134,1.5870821475982666,2.808534622192383,3.5134129524230957,1.3763117790222168
1.956428223186069,2.0763264179229735,2.0621792316436767,1.7972931861877441,1.813495695590973,1.5872056484222412,2.748961567878723,3.425732374191284,1.4284741878509521,2.0763264179229735,1.8027782440185547,1.8581751585006714,1.6124072074890137,2.714867353439331,3.2149977684020996,1.5367119312286377
1.9534030225541856,0,2.0621792316436767,1.7972931861877441,1.813495695590973,1.5872056484222412,2.748961567878723,3.425732374191284,1.4284741878509521,2.0763264179229735,1.8027782440185547,1.8581751585006714,1.6124072074890137,2.714867353439331,3.2149977684020996,1.5367119312286377
1.9209191004435222,2.0695656299591065,2.0621792316436767,1.7972931861877441,1.813495695590973,1.5872056484222412,2.748961567878723,3.425732374191284,1.4284741878509521,2.0695656299591065,1.7804638147354126,1.837352454662323,1.5888218879699707,2.7502347230911255,3.300809144973755,1.478073000907898
1.9201675123638577,0,2.0621792316436767,1.7972931861877441,1.813495695590973,1.5872056484222412,2.748961567878723,3.425732374191284,1.4284741878509521,2.0695656299591065,1.7804638147354126,1.837352454662323,1.5888218879699707,2.7502347230911255,3.300809144973755,1.478073000907898
1.987927754720052,2.0793933629989625,2.0621792316436767,1.7972931861877441,1.813495695590973,1.5872056484222412,2.748961567878723,3.425732374191284,1.4284741878509521,2.0793933629989625,1.8112154006958008,1.8644165992736816,1.6017143726348877,2.7313138246536255,3.2291064262390137,1.5214093923568726
1.9561450481414795,0,2.0621792316436767,1.7972931861877441,1.813495695590973,1.5872056484222412,2.748961567878723,3.425732374191284,1.4284741878509521,2.0793933629989625,1.8112154006958008,1.8644165992736816,1.6017143726348877,2.7313138246536255,3.2291064262390137,1.5214093923568726
1.9547629488839044,2.069956398010254,2.0621792316436767,1.7972931861877441,1.813495695590973,1.5872056484222412,2.748961567878723,3.425732374191284,1.4284741878509521,2.069956398010254,1.7935538291931152,1.8314911723136902,1.5672070980072021,2.785532236099243,3.399414539337158,1.4179565906524658
1.9038113355636597,0,2.0621792316436767,1.7972931861877441,1.813495695590973,1.5872056484222412,2.748961567878723,3.425732374191284,1.4284741878509521,2.069956398010254,1.7935538291931152,1.8314911723136902,1.5672070980072021,2.785532236099243,3.399414539337158,1.4179565906524658
1.9527136484781902,2.091886854171753,2.0621792316436767,1.7972931861877441,1.813495695590973,1.5872056484222412,2.748961567878723,3.425732374191284,1.4284741878509521,2.091886854171753,1.8426302671432495,1.8412757813930511,1.6014143228530884,2.8247547149658203,3.5710811614990234,1.3658802509307861
2.062099814414978,0,2.0621792316436767,1.7972931861877441,1.813495695590973,1.5872056484222412,2.748961567878723,3.425732374191284,1.4284741878509521,2.091886854171753,1.8426302671432495,1.8412757813930511,1.6014143228530884,2.8247547149658203,3.5710811614990234,1.3658802509307861
2.0121799574957953,2.0664049863815306,2.0621792316436767,1.7972931861877441,1.813495695590973,1.5872056484222412,2.748961567878723,3.425732374191284,1.4284741878509521,2.0664049863815306,1.808980107307434,1.8438941836357117,1.5763330459594727,2.7262232303619385,3.271162986755371,1.4942653179168701
1.939166956477695,0,2.0621792316436767,1.7972931861877441,1.813495695590973,1.5872056484222412,2.748961567878723,3.425732374191284,1.4284741878509521,2.0664049863815306,1.808980107307434,1.8438941836357117,1.5763330459594727,2.7262232303619385,3.271162986755371,1.4942653179168701
2.0338524844911365,2.100175166130066,2.0621792316436767,1.7972931861877441,1.813495695590973,1.5872056484222412,2.748961567878723,3.425732374191284,1.4284741878509521,2.100175166130066,1.8153903484344482,1.89010888338089,1.650712490081787,2.730439782142639,3.1819372177124023,1.573893427848816
1.9885659217834473,0,2.0621792316436767,1.7972931861877441,1.813495695590973,1.5872056484222412,2.748961567878723,3.425732374191284,1.4284741878509521,2.100175166130066,1.8153903484344482,1.89010888338089,1.650712490081787,2.730439782142639,3.1819372177124023,1.573893427848816
1.9490497377183702,2.06524076461792,2.0621792316436767,1.7972931861877441,1.813495695590973,1.5872056484222412,2.748961567878723,3.425732374191284,1.4284741878509521,2.06524076461792,1.803887128829956,1.8265994787216187,1.563966989517212,2.7695095539093018,3.404362440109253,1.4193305969238281
1.9198574490017362,0,2.0621792316436767,1.7972931861877441,1.813495695590973,1.5872056484222412,2.748961567878723,3.425732374191284,1.4284741878509521,2.06524076461792,1.803887128829956,1.8265994787216187,1.563966989517212,2.7695095539093018,3.404362440109253,1.4193305969238281
1.9217209021250408,2.078825330734253,2.0621792316436767,1.7972931861877441,1.813495695590973,1.5872056484222412,2.748961567878723,3.425732374191284,1.4284741878509521,2.078825330734253,1.785083293914795,1.8338929414749146,1.5839366912841797,2.821606159210205,3.4617438316345215,1.3818943500518799
1.92810767226749,0,2.0621792316436767,1.7972931861877441,1.813495695590973,1.5872056484222412,2.748961567878723,3.425732374191284,1.4284741878509521,2.078825330734253,1.785083293914795,1.8338929414749146,1.5839366912841797,2.821606159210205,3.4617438316345215,1.3818943500518799
1.909176230430603,2.090625762939453,2.0621792316436767,1.7972931861877441,1.813495695590973,1.5872056484222412,2.748961567878723,3.425732374191284,1.4284741878509521,2.090625762939453,1.8321688175201416,1.8415911793708801,1.5918419361114502,2.83790922164917,3.5656332969665527,1.353299617767334
1.9710398250155978,0,2.0621792316436767,1.7972931861877441,1.813495695590973,1.5872056484222412,2.748961567878723,3.425732374191284,1.4284741878509521,2.090625762939453,1.8321688175201416,1.8415911793708801,1.5918419361114502,2.83790922164917,3.5656332969665527,1.353299617767334
1.9479537275102403,2.088181209564209,2.0621792316436767,1.7972931861877441,1.813495695590973,1.5872056484222412,2.748961567878723,3.425732374191284,1.4284741878509521,2.088181209564209,1.781282901763916,1.8618572354316711,1.6322081089019775,2.7552071809768677,3.2577593326568604,1.517000675201416
1.9319504764344957,0,2.0621792316436767,1.7972931861877441,1.813495695590973,1.5872056484222412,2.748961567878723,3.425732374191284,1.4284741878509521,2.088181209564209,1.781282901763916,1.8618572354316711,1.6322081089019775,2.7552071809768677,3.2577593326568604,1.517000675201416
1.947656234105428,2.142884850502014,2.0621792316436767,1.7972931861877441,1.813495695590973,1.5872056484222412,2.748961567878723,3.425732374191284,1.4284741878509521,2.142884850502014,1.8116339445114136,1.9253286123275757,1.7224924564361572,2.801560878753662,3.247567653656006,1.5771760940551758
1.9704688787460327,0,2.0621792316436767,1.7972931861877441,1.813495695590973,1.5872056484222412,2.748961567878723,3.425732374191284,1.4284741878509521,2.142884850502014,1.8116339445114136,1.9253286123275757,1.7224924564361572,2.801560878753662,3.247567653656006,1.5771760940551758
1.947788291507297,2.0795042753219604,2.0621792316436767,1.7972931861877441,1.813495695590973,1.5872056484222412,2.748961567878723,3.425732374191284,1.4284741878509521,2.0795042753219604,1.8119381666183472,1.8233197629451752,1.6009784936904907,2.8068928718566895,3.5453615188598633,1.3708189725875854
1.9695724381340876,0,2.0621792316436767,1.7972931861877441,1.813495695590973,1.5872056484222412,2.748961567878723,3.425732374191284,1.4284741878509521,2.0795042753219604,1.8119381666183472,1.8233197629451752,1.6009784936904907,2.8068928718566895,3.5453615188598633,1.3708189725875854
1.9180547926161025,2.054853010177612,2.054853010177612,1.766722559928894,1.8118914663791656,1.5786789655685425,2.7359230518341064,3.336404323577881,1.457017421722412,2.054853010177612,1.766722559928894,1.8118914663791656,1.5786789655685425,2.7359230518341064,3.336404323577881,1.457017421722412
1.912470155292087,0,2.054853010177612,1.766722559928894,1.8118914663791656,1.5786789655685425,2.7359230518341064,3.336404323577881,1.457017421722412,2.054853010177612,1.766722559928894,1.8118914663791656,1.5786789655685425,2.7359230518341064,3.336404323577881,1.457017421722412
1.924360579914517,2.066993546485901,2.054853010177612,1.766722559928894,1.8118914663791656,1.5786789655685425,2.7359230518341064,3.336404323577881,1.457017421722412,2.066993546485901,1.7870371341705322,1.8420058190822601,1.6010996103286743,2.7146819829940796,3.2365145683288574,1.5174670219421387
1.907185475031535,0,2.054853010177612,1.766722559928894,1.8118914663791656,1.5786789655685425,2.7359230518341064,3.336404323577881,1.457017421722412,2.066993546485901,1.7870371341705322,1.8420058190822601,1.6010996103286743,2.7146819829940796,3.2365145683288574,1.5174670219421387
1.911601185798645,2.063349413871765,2.054853010177612,1.766722559928894,1.8118914663791656,1.5786789655685425,2.7359230518341064,3.336404323577881,1.457017421722412,2.063349413871765,1.755575180053711,1.8147136270999908,1.5868288278579712,2.775997519493103,3.3911197185516357,1.4223480224609375
1.9388009442223444,0,2.054853010177612,1.766722559928894,1.8118914663791656,1.5786789655685425,2.7359230518341064,3.336404323577881,1.457017421722412,2.063349413871765,1.755575180053711,1.8147136270999908,1.5868288278579712,2.775997519493103,3.3911197185516357,1.4223480224609375
1.9441171089808147,2.067029047012329,2.054853010177612,1.766722559928894,1.8118914663791656,1.5786789655685425,2.7359230518341064,3.336404323577881,1.457017421722412,2.067029047012329,1.768009901046753,1.8291360139846802,1.579789161682129,2.7700212001800537,3.3393073081970215,1.4473037719726562
1.9464205238554213,0,2.054853010177612,1.766722559928894,1.8118914663791656,1.5786789655685425,2.7359230518341064,3.336404323577881,1.457017421722412,2.067029047012329,1.768009901046753,1.8291360139846802,1.579789161682129,2.7700212001800537,3.3393073081970215,1.4473037719726562
1.9120132128397624,2.0683878898620605,2.054853010177612,1.766722559928894,1.8118914663791656,1.5786789655685425,2.7359230518341064,3.336404323577881,1.457017421722412,2.0683878898620605,1.78169584274292,1.84030419588089,1.5817210674285889,2.747695207595825,3.2792863845825195,1.4831321239471436
1.948469082514445,0,2.054853010177612,1.766722559928894,1.8118914663791656,1.5786789655685425,2.7359230518341064,3.336404323577881,1.457017421722412,2.0683878898620605,1.78169584274292,1.84030419588089,1.5817210674285889,2.747695207595825,3.2792863845825195,1.4831321239471436
1.918696986304389,2.068414068222046,2.054853010177612,1.766722559928894,1.8118914663791656,1.5786789655685425,2.7359230518341064,3.336404323577881,1.457017421722412,2.068414068222046,1.7598752975463867,1.823924571275711,1.5842045545578003,2.787694811820984,3.3836464881896973,1.4226008653640747
1.9457577334509955,0,2.054853010177612,1.766722559928894,1.8118914663791656,1.5786789655685425,2.7359230518341064,3.336404323577881,1.457017421722412,2.068414068222046,1.7598752975463867,1.823924571275711,1.5842045545578003,2.787694811820984,3.3836464881896973,1.4226008653640747
1.9180509646733601,2.0614411354064943,2.054853010177612,1.766722559928894,1.8118914663791656,1.5786789655685425,2.7359230518341064,3.336404323577881,1.457017421722412,2.0614411354064943,1.7790789604187012,1.8294932842254639,1.5708212852478027,2.744293451309204,3.299592971801758,1.4687185287475586
1.922328061527676,0,2.054853010177612,1.766722559928894,1.8118914663791656,1.5786789655685425,2.7359230518341064,3.336404323577881,1.457017421722412,2.0614411354064943,1.7790789604187012,1.8294932842254639,1.5708212852478027,2.744293451309204,3.299592971801758,1.4687185287475586
1.9445453352398343,2.0579836845397947,2.054853010177612,1.766722559928894,1.8118914663791656,1.5786789655685425,2.7359230518341064,3.336404323577881,1.457017421722412,2.0579836845397947,1.7903645038604736,1.8247308731079102,1.5637288093566895,2.7388296127319336,3.3231935501098633,1.4581658840179443
1.9728500180774264,0,2.054853010177612,1.766722559928894,1.8118914663791656,1.5786789655685425,2.7359230518341064,3.336404323577881,1.457017421722412,2.0579836845397947,1.7903645038604736,1.8247308731079102,1.5637288093566895,2.7388296127319336,3.3231935501098633,1.4581658840179443
1.9968713521957397,2.1071093797683718,2.054853010177612,1.766722559928894,1.8118914663791656,1.5786789655685425,2.7359230518341064,3.336404323577881,1.457017421722412,2.1071093797683718,1.9108070135116577,1.8738116323947906,1.6005109548568726,2.8004674911499023,3.52781343460083,1.423293948173523
2.0049805111355252,0,2.054853010177612,1.766722559928894,1.8118914663791656,1.5786789655685425,2.7359230518341064,3.336404323577881,1.457017421722412,2.1071093797683718,1.9108070135116577,1.8738116323947906,1.6005109548568726,2.8004674911499023,3.52781343460083,1.423293948173523
1.9966466029485066,2.1280689239501953,2.054853010177612,1.766722559928894,1.8118914663791656,1.5786789655685425,2.7359230518341064,3.336404323577881,1.457017421722412,2.1280689239501953,1.9487905502319336,1.8938054144382477,1.6222811937332153,2.8296613693237305,3.6039633750915527,1.4099501371383667
2.0123524268468223,0,2.054853010177612,1.766722559928894,1.8118914663791656,1.5786789655685425,2.7359230518341064,3.336404323577881,1.457017421722412,2.1280689239501953,1.9487905502319336,1.8938054144382477,1.6222811937332153,2.8296613693237305,3.6039633750915527,1.4099501371383667
1.9417496654722426,2.057100534439087,2.054853010177612,1.766722559928894,1.8118914663791656,1.5786789655685425,2.7359230518341064,3.336404323577881,1.457017421722412,2.057100534439087,1.773552656173706,1.8231459259986877,1.5881364345550537,2.720750331878662,3.284158706665039,1.4823129177093506
2.0842858288023205,0,2.054853010177612,1.766722559928894,1.8118914663791656,1.5786789655685425,2.7359230518341064,3.336404323577881,1.457017421722412,2.057100534439087,1.773552656173706,1.8231459259986877,1.5881364345550537,2.720750331878662,3.284158706665039,1.4823129177093506
2.0282678074306912,2.1469170808792115,2.054853010177612,1.766722559928894,1.8118914663791656,1.5786789655685425,2.7359230518341064,3.336404323577881,1.457017421722412,2.1469170808792115,1.8223114013671875,1.9382143914699554,1.775800108909607,2.7559245824813843,3.1794145107269287,1.6246247291564941
1.9674913220935397,0,2.054853010177612,1.766722559928894,1.8118914663791656,1.5786789655685425,2.7359230518341064,3.336404323577881,1.457017421722412,2.1469170808792115,1.8223114013671875,1.9382143914699554,1.775800108909607,2.7559245824813843,3.1794145107269287,1.6246247291564941
1.9197292592790391,2.0537930965423583,2.0537930965423583,1.7342621088027954,1.8002739548683167,1.6028575897216797,2.739830732345581,3.349947452545166,1.4521843194961548,2.0537930965423583,1.7342621088027954,1.8002739548683167,1.6028575897216797,2.739830732345581,3.349947452545166,1.4521843194961548
1.8919039169947307,0,2.0537930965423583,1.7342621088027954,1.8002739548683167,1.6028575897216797,2.739830732345581,3.349947452545166,1.4521843194961548,2.0537930965423583,1.7342621088027954,1.8002739548683167,1.6028575897216797,2.739830732345581,3.349947452545166,1.4521843194961548
1.9690303670035467,2.121472692489624,2.0537930965423583,1.7342621088027954,1.8002739548683167,1.6028575897216797,2.739830732345581,3.349947452545166,1.4521843194961548,2.121472692489624,1.8933563232421875,1.8655647039413452,1.6414575576782227,2.86552095413208,3.696953296661377,1.3415076732635498
2.0524470143847995,0,2.0537930965423583,1.7342621088027954,1.8002739548683167,1.6028575897216797,2.739830732345581,3.349947452545166,1.4521843194961548,2.121472692489624,1.8933563232421875,1.8655647039413452,1.6414575576782227,2.86552095413208,3.696953296661377,1.3415076732635498
2.1183190743128457,2.126804780960083,2.0537930965423583,1.7342621088027954,1.8002739548683167,1.6028575897216797,2.739830732345581,3.349947452545166,1.4521843194961548,2.126804780960083,1.9473662376403809,1.8850581645965576,1.6391396522521973,2.8172541856765747,3.628147840499878,1.4130096435546875
1.9658087756898668,0,2.0537930965423583,1.7342621088027954,1.8002739548683167,1.6028575897216797,2.739830732345581,3.349947452545166,1.4521843194961548,2.126804780960083,1.9473662376403809,1.8850581645965576,1.6391396522521973,2.8172541856765747,3.628147840499878,1.4130096435546875
1.981877737575107,2.067183780670166,2.0537930965423583,1.7342621088027954,1.8002739548683167,1.6028575897216797,2.739830732345581,3.349947452545166,1.4521843194961548,2.067183780670166,1.725996971130371,1.8039700984954834,1.6221439838409424,2.788119316101074,3.4344961643218994,1.4115393161773682
1.8907793362935383,0,2.0537930965423583,1.7342621088027954,1.8002739548683167,1.6028575897216797,2.739830732345581,3.349947452545166,1.4521843194961548,2.067183780670166,1.725996971130371,1.8039700984954834,1.6221439838409424,2.788119316101074,3.4344961643218994,1.4115393161773682
1.9695157210032146,2.060106945037842,2.0537930965423583,1.7342621088027954,1.8002739548683167,1.6028575897216797,2.739830732345581,3.349947452545166,1.4521843194961548,2.060106945037842,1.7510823011398315,1.8177414536476135,1.5986218452453613,2.7450945377349854,3.320009708404541,1.4606415033340454
1.9265733295016818,0,2.0537930965423583,1.7342621088027954,1.8002739548683167,1.6028575897216797,2.739830732345581,3.349947452545166,1.4521843194961548,2.060106945037842,1.7510823011398315,1.8177414536476135,1.5986218452453613,2.7450945377349854,3.320009708404541,1.4606415033340454
1.929462922943963,2.068382215499878,2.0537930965423583,1.7342621088027954,1.8002739548683167,1.6028575897216797,2.739830732345581,3.349947452545166,1.4521843194961548,2.068382215499878,1.8025805950164795,1.8543304204940796,1.6199240684509277,2.684610605239868,3.1769847869873047,1.550185203552246
1.9170512623257108,0,2.0537930965423583,1.7342621088027954,1.8002739548683167,1.6028575897216797,2.739830732345581,3.349947452545166,1.4521843194961548,2.068382215499878,1.8025805950164795,1.8543304204940796,1.6199240684509277,2.684610605239868,3.1769847869873047,1.550185203552246
1.9257855150434706,2.0533260822296144,2.0533260822296144,1.7491878271102905,1.8072589337825775,1.5859404802322388,2.744274616241455,3.34382963180542,1.4429528713226318,2.0533260822296144,1.7491878271102905,1.8072589337825775,1.5859404802322388,2.744274616241455,3.34382963180542,1.4429528713226318
1.9331607686148748,0,2.0533260822296144,1.7491878271102905,1.8072589337825775,1.5859404802322388,2.744274616241455,3.34382963180542,1.4429528713226318,2.0533260822296144,1.7491878271102905,1.8072589337825775,1.5859404802322388,2.744274616241455,3.34382963180542,1.4429528713226318
1.945424993832906,2.0563644409179687,2.0533260822296144,1.7491878271102905,1.8072589337825775,1.5859404802322388,2.744274616241455,3.34382963180542,1.4429528713226318,2.0563644409179687,1.7487609386444092,1.8134580850601196,1.5923337936401367,2.737600088119507,3.3112235069274902,1.4655272960662842
1.930673148896959,0,2.0533260822296144,1.7491878271102905,1.8072589337825775,1.5859404802322388,2.744274616241455,3.34382963180542,1.4429528713226318,2.0563644409179687,1.7487609386444092,1.8134580850601196,1.5923337936401367,2.737600088119507,3.3112235069274902,1.4655272960662842
1.944867147339715,2.0818036079406737,2.0533260822296144,1.7491878271102905,1.8072589337825775,1.5859404802322388,2.744274616241455,3.34382963180542,1.4429528713226318,2.0818036079406737,1.7545900344848633,1.843288004398346,1.6203527450561523,2.783361077308655,3.3231029510498047,1.467353105545044
1.929127163357205,0,2.0533260822296144,1.7491878271102905,1.8072589337825775,1.5859404802322388,2.744274616241455,3.34382963180542,1.4429528713226318,2.0818036079406737,1.7545900344848633,1.843288004398346,1.6203527450561523,2.783361077308655,3.3231029510498047,1.467353105545044
1.906462099817064,2.0622625827789305,2.0533260822296144,1.7491878271102905,1.8072589337825775,1.5859404802322388,2.744274616241455,3.34382963180542,1.4429528713226318,2.0622625827789305,1.7891242504119873,1.8391135931015015,1.5809407234191895,2.7252784967422485,3.2532918453216553,1.4906909465789795
1.9169446494844224,0,2.0533260822296144,1.7491878271102905,1.8072589337825775,1.5859404802322388,2.744274616241455,3.34382963180542,1.4429528713226318,2.0622625827789305,1.7891242504119873,1.8391135931015015,1.5809407234191895,2.7252784967422485,3.2532918453216553,1.4906909465789795
1.9208220773273044,2.054857873916626,2.0533260822296144,1.7491878271102905,1.8072589337825775,1.5859404802322388,2.744274616241455,3.34382963180542,1.4429528713226318,2.054857873916626,1.7676689624786377,1.8147307634353638,1.5660829544067383,2.752518057823181,3.347533941268921,1.4355013370513916
1.905736459626092,0,2.0533260822296144,1.7491878271102905,1.8072589337825775,1.5859404802322388,2.744274616241455,3.34382963180542,1.4429528713226318,2.054857873916626,1.7676689624786377,1.8147307634353638,1.5660829544067383,2.752518057823181,3.347533941268921,1.4355013370513916
1.921461476220025,2.077341365814209,2.0533260822296144,1.7491878271102905,1.8072589337825775,1.5859404802322388,2.744274616241455,3.34382963180542,1.4429528713226318,2.077341365814209,1.7487819194793701,1.8365038633346558,1.6262645721435547,2.767390012741089,3.3125929832458496,1.4768803119659424
1.9308754338158503,0,2.0533260822296144,1.7491878271102905,1.8072589337825775,1.5859404802322388,2.744274616241455,3.34382963180542,1.4429528713226318,2.077341365814209,1.7487819194793701,1.8365038633346558,1.6262645721435547,2.767390012741089,3.3125929832458496,1.4768803119659424
1.9303557475407918,2.0812986135482787,2.0533260822296144,1.7491878271102905,1.8072589337825775,1.5859404802322388,2.744274616241455,3.34382963180542,1.4429528713226318,2.0812986135482787,1.7952613830566406,1.8202406764030457,1.6072962284088135,2.827994704246521,3.572845697402954,1.347946047782898
1.9285230504141913,0,2.0533260822296144,1.7491878271102905,1.8072589337825775,1.5859404802322388,2.744274616241455,3.34382963180542,1.4429528713226318,2.0812986135482787,1.7952613830566406,1.8202406764030457,1.6072962284088135,2.827994704246521,3.572845697402954,1.347946047782898
1.9466412862141926,2.0744781732559203,2.0533260822296144,1.7491878271102905,1.8072589337825775,1.5859404802322388,2.744274616241455,3.34382963180542,1.4429528713226318,2.0744781732559203,1.831272006034851,1.8265458941459656,1.5821573734283447,2.7850812673568726,3.5086803436279297,1.3887989521026611
1.9490989049275715,0,2.0533260822296144,1.7491878271102905,1.8072589337825775,1.5859404802322388,2.744274616241455,3.34382963180542,1.4429528713226318,2.0744781732559203,1.831272006034851,1.8265458941459656,1.5821573734283447,2.7850812673568726,3.5086803436279297,1.3887989521026611
1.9499669075012207,2.087434911727905,2.0533260822296144,1.7491878271102905,1.8072589337825775,1.5859404802322388,2.744274616241455,3.34382963180542,1.4429528713226318,2.087434911727905,1.8711639642715454,1.8453835844993591,1.5923919677734375,2.7810699939727783,3.5153255462646484,1.4114786386489868
1.9653790924284193,0,2.0533260822296144,1.7491878271102905,1.8072589337825775,1.5859404802322388,2.744274616241455,3.34382963180542,1.4429528713226318,2.087434911727905,1.8711639642715454,1.8453835844993591,1.5923919677734375,2.7810699939727783,3.5153255462646484,1.4114786386489868
1.946570912996928,2.0612080812454225,2.0533260822296144,1.7491878271102905,1.8072589337825775,1.5859404802322388,2.744274616241455,3.34382963180542,1.4429528713226318,2.0612080812454225,1.8114153146743774,1.8193385601043701,1.5660865306854248,2.7543952465057373,3.420353412628174,1.419748067855835
1.926349057091607,0,2.0533260822296144,1.7491878271102905,1.8072589337825775,1.5859404802322388,2.744274616241455,3.34382963180542,1.4429528713226318,2.0612080812454225,1.8114153146743774,1.8193385601043701,1.5660865306854248,2.7543952465057373,3.420353412628174,1.419748067855835
1.9074389272265964,2.054584002494812,2.0533260822296144,1.7491878271102905,1.8072589337825775,1.5859404802322388,2.744274616241455,3.34382963180542,1.4429528713226318,2.054584002494812,1.7839007377624512,1.812065213918686,1.564022183418274,2.7512770891189575,3.3861169815063477,1.42244291305542
1.9212723970413208,0,2.0533260822296144,1.7491878271102905,1.8072589337825775,1.5859404802322388,2.744274616241455,3.34382963180542,1.4429528713226318,2.054584002494812,1.7839007377624512,1.812065213918686,1.564022183418274,2.7512770891189575,3.3861169815063477,1.42244291305542
1.8862445089552138,2.0549209117889404,2.0533260822296144,1.7491878271102905,1.8072589337825775,1.5859404802322388,2.744274616241455,3.34382963180542,1.4429528713226318,2.0549209117889404,1.7637872695922852,1.811190903186798,1.5707461833953857,2.7568206787109375,3.3671984672546387,1.4264297485351562
1.9237909846835666,0,2.0533260822296144,1.7491878271102905,1.8072589337825775,1.5859404802322388,2.744274616241455,3.34382963180542,1.4429528713226318,2.0549209117889404,1.7637872695922852,1.811190903186798,1.5707461833953857,2.7568206787109375,3.3671984672546387,1.4264297485351562
1.9289337793986003,2.057358956336975,2.0533260822296144,1.7491878271102905,1.8072589337825775,1.5859404802322388,2.744274616241455,3.34382963180542,1.4429528713226318,2.057358956336975,1.7762727737426758,1.8114462792873383,1.5680655241012573,2.768817186355591,3.4124603271484375,1.4048221111297607
1.921283139122857,0,2.0533260822296144,1.7491878271102905,1.8072589337825775,1.5859404802322388,2.744274616241455,3.34382963180542,1.4429528713226318,2.057358956336975,1.7762727737426758,1.8114462792873383,1.5680655241012573,2.768817186355591,3.4124603271484375,1.4048221111297607
1.9078056414922078,2.0565622568130495,2.0533260822296144,1.7491878271102905,1.8072589337825775,1.5859404802322388,2.744274616241455,3.34382963180542,1.4429528713226318,2.0565622568130495,1.7647515535354614,1.8180970549583435,1.5725679397583008,2.7499746084213257,3.329632043838501,1.445542573928833
1.9162865214877658,0,2.0533260822296144,1.7491878271102905,1.8072589337825775,1.5859404802322388,2.744274616241455,3.34382963180542,1.4429528713226318,2.0565622568130495,1.7647515535354614,1.8180970549583435,1.5725679397583008,2.7499746084213257,3.329632043838501,1.445542573928833
1.9123263359069824,2.0757790327072145,2.0533260822296144,1.7491878271102905,1.8072589337825775,1.5859404802322388,2.744274616241455,3.34382963180542,1.4429528713226318,2.0757790327072145,1.7917819023132324,1.8589556515216827,1.6213089227676392,2.718276858329773,3.205603837966919,1.5292506217956543
1.9201162258783977,0,2.0533260822296144,1.7491878271102905,1.8072589337825775,1.5859404802322388,2.744274616241455,3.34382963180542,1.4429528713226318,2.0757790327072145,1.7917819023132324,1.8589556515216827,1.6213089227676392,2.718276858329773,3.205603837966919,1.5292506217956543
1.9096899694866605,2.055737543106079,2.0533260822296144,1.7491878271102905,1.8072589337825775,1.5859404802322388,2.744274616241455,3.34382963180542,1.4429528713226318,2.055737543106079,1.7594707012176514,1.810691922903061,1.5744625329971313,2.7626811265945435,3.3759984970092773,1.4193922281265259
1.9101017978456285,0,2.0533260822296144,1.7491878271102905,1.8072589337825775,1.5859404802322388,2.744274616241455,3.34382963180542,1.4429528713226318,2.055737543106079,1.7594707012176514,1.810691922903061,1.5744625329971313,2.7626811265945435,3.3759984970092773,1.4193922281265259
1.9078516960144043,2.0574129819869995,2.0533260822296144,1.7491878271102905,1.8072589337825775,1.5859404802322388,2.744274616241455,3.34382963180542,1.4429528713226318,2.0574129819869995,1.7780486345291138,1.8122448325157166,1.5676965713500977,2.7687660455703735,3.412346601486206,1.403787612915039
1.939255608452691,0,2.0533260822296144,1.7491878271102905,1.8072589337825775,1.5859404802322388,2.744274616241455,3.34382963180542,1.4429528713226318,2.0574129819869995,1.7780486345291138,1.8122448325157166,1.5676965713500977,2.7687660455703735,3.412346601486206,1.403787612915039
1.9197014172871907,2.05584237575531,2.0533260822296144,1.7491878271102905,1.8072589337825775,1.5859404802322388,2.744274616241455,3.34382963180542,1.4429528713226318,2.05584237575531,1.8014655113220215,1.8177420794963837,1.556735873222351,2.7450406551361084,3.378779888153076,1.430929183959961
1.9083631038665771,0,2.0533260822296144,1.7491878271102905,1.8072589337825775,1.5859404802322388,2.744274616241455,3.34382963180542,1.4429528713226318,2.05584237575531,1.8014655113220215,1.8177420794963837,1.556735873222351,2.7450406551361084,3.378779888153076,1.430929183959961
1.9187808169258966,2.0738312244415282,2.0533260822296144,1.7491878271102905,1.8072589337825775,1.5859404802322388,2.744274616241455,3.34382963180542,1.4429528713226318,2.0738312244415282,1.8008629083633423,1.8221770226955414,1.5836440324783325,2.810587167739868,3.517836093902588,1.3634748458862305
1.9406403700510662,0,2.0533260822296144,1.7491878271102905,1.8072589337825775,1.5859404802322388,2.744274616241455,3.34382963180542,1.4429528713226318,2.0738312244415282,1.8008629083633423,1.8221770226955414,1.5836440324783325,2.810587167739868,3.517836093902588,1.3634748458862305
1.922916955418057,2.05655779838562,2.0533260822296144,1.7491878271102905,1.8072589337825775,1.5859404802322388,2.744274616241455,3.34382963180542,1.4429528713226318,2.05655779838562,1.7560629844665527,1.8148735165596008,1.5746405124664307,2.7564125061035156,3.340097427368164,1.439260482788086
1.9660949044757419,0,2.0533260822296144,1.7491878271102905,1.8072589337825775,1.5859404802322388,2.744274616241455,3.34382963180542,1.4429528713226318,2.05655779838562,1.7560629844665527,1.8148735165596008,1.5746405124664307,2.7564125061035156,3.340097427368164,1.439260482788086
1.8925477663675945,2.0695547580718996,2.0533260822296144,1.7491878271102905,1.8072589337825775,1.5859404802322388,2.744274616241455,3.34382963180542,1.4429528713226318,2.0695547580718996,1.8185456991195679,1.8605439066886902,1.6054985523223877,2.6894125938415527,3.179239511489868,1.544904351234436
2.002296699417962,0,2.0533260822296144,1.7491878271102905,1.8072589337825775,1.5859404802322388,2.744274616241455,3.34382963180542,1.4429528713226318,2.0695547580718996,1.8185456991195679,1.8605439066886902,1.6054985523223877,2.6894125938415527,3.179239511489868,1.544904351234436
1.9313547478781805,2.062232756614685,2.0533260822296144,1.7491878271102905,1.8072589337825775,1.5859404802322388,2.744274616241455,3.34382963180542,1.4429528713226318,2.062232756614685,1.804861068725586,1.8448442220687866,1.57728910446167,2.713453769683838,3.234541893005371,1.5021060705184937
1.9310492542054918,0,2.0533260822296144,1.7491878271102905,1.8072589337825775,1.5859404802322388,2.744274616241455,3.34382963180542,1.4429528713226318,2.062232756614685,1.804861068725586,1.8448442220687866,1.57728910446167,2.713453769683838,3.234541893005371,1.5021060705184937
1.9473303688897028,2.086588430404663,2.0533260822296144,1.7491878271102905,1.8072589337825775,1.5859404802322388,2.744274616241455,3.34382963180542,1.4429528713226318,2.086588430404663,1.8198798894882202,1.8329569101333618,1.5960583686828613,2.8369897603988647,3.577970027923584,1.3430243730545044
2.007300270928277,0,2.0533260822296144,1.7491878271102905,1.8072589337825775,1.5859404802322388,2.744274616241455,3.34382963180542,1.4429528713226318,2.086588430404663,1.8198798894882202,1.8329569101333618,1.5960583686828613,2.8369897603988647,3.577970027923584,1.3430243730545044
1.9726964500215318,2.0581698179244996,2.0533260822296144,1.7491878271102905,1.8072589337825775,1.5859404802322388,2.744274616241455,3.34382963180542,1.4429528713226318,2.0581698179244996,1.8206381797790527,1.8246919810771942,1.557911992073059,2.734422206878662,3.369264841079712,1.4434545040130615
1.8978406985600789,0,2.0533260822296144,1.7491878271102905,1.8072589337825775,1.5859404802322388,2.744274616241455,3.34382963180542,1.4429528713226318,2.0581698179244996,1.8206381797790527,1.8246919810771942,1.557911992073059,2.734422206878662,3.369264841079712,1.4434545040130615
1.9001769887076483,2.064834237098694,2.0533260822296144,1.7491878271102905,1.8072589337825775,1.5859404802322388,2.744274616241455,3.34382963180542,1.4429528713226318,2.064834237098694,1.7821955680847168,1.81265327334404,1.582166075706482,2.7932257652282715,3.482395648956299,1.3733580112457275
1.9899049864874945,0,2.0533260822296144,1.7491878271102905,1.8072589337825775,1.5859404802322388,2.744274616241455,3.34382963180542,1.4429528713226318,2.064834237098694,1.7821955680847168,1.81265327334404,1.582166075706482,2.7932257652282715,3.482395648956299,1.3733580112457275
1.9166038831075032,2.054531717300415,2.0533260822296144,1.7491878271102905,1.8072589337825775,1.5859404802322388,2.744274616241455,3.34382963180542,1.4429528713226318,2.054531717300415,1.8030974864959717,1.8269459009170532,1.5549259185791016,2.725191593170166,3.303720474243164,1.46425199508667
1.9306928316752117,0,2.0533260822296144,1.7491878271102905,1.8072589337825775,1.5859404802322388,2.744274616241455,3.34382963180542,1.4429528713226318,2.054531717300415,1.8030974864959717,1.8269459009170532,1.5549259185791016,2.725191593170166,3.303720474243164,1.46425199508667
1.9682647784550984,2.07960524559021,2.0533260822296144,1.7491878271102905,1.8072589337825775,1.5859404802322388,2.744274616241455,3.34382963180542,1.4429528713226318,2.07960524559021,1.7496318817138672,1.8381316661834717,1.617818832397461,2.7928669452667236,3.350289821624756,1.4448416233062744
1.9485143555535211,0,2.0533260822296144,1.7491878271102905,1.8072589337825775,1.5859404802322388,2.744274616241455,3.34382963180542,1.4429528713226318,2.07960524559021,1.7496318817138672,1.8381316661834717,1.617818832397461,2.7928669452667236,3.350289821624756,1.4448416233062744
1.901408314704895,2.0751277923583986,2.0533260822296144,1.7491878271102905,1.8072589337825775,1.5859404802322388,2.744274616241455,3.34382963180542,1.4429528713226318,2.0751277923583986,1.7614121437072754,1.8420041799545288,1.612562894821167,2.7664417028427124,3.3002538681030273,1.468780517578125
1.92222879992591,0,2.0533260822296144,1.7491878271102905,1.8072589337825775,1.5859404802322388,2.744274616241455,3.34382963180542,1.4429528713226318,2.0751277923583986,1.7614121437072754,1.8420041799545288,1.612562894821167,2.7664417028427124,3.3002538681030273,1.468780517578125
1.9105722506841023,2.0555882453918457,2.0533260822296144,1.7491878271102905,1.8072589337825775,1.5859404802322388,2.744274616241455,3.34382963180542,1.4429528713226318,2.0555882453918457,1.7681363821029663,1.8144637048244476,1.5654278993606567,2.763706922531128,3.3712596893310547,1.4169631004333496
1.8970982763502333,0,2.0533260822296144,1.7491878271102905,1.8072589337825775,1.5859404802322388,2.744274616241455,3.34382963180542,1.4429528713226318,2.0555882453918457,1.7681363821029663,1.8144637048244476,1.5654278993606567,2.763706922531128,3.3712596893310547,1.4169631004333496
1.9163137012057834,2.052294445037842,2.052294445037842,1.7580260038375854,1.8045108616352081,1.571813702583313,2.7606916427612305,3.3912055492401123,1.4102492332458496,2.052294445037842,1.7580260038375854,1.8045108616352081,1.571813702583313,2.7606916427612305,3.3912055492401123,1.4102492332458496
1.9064027865727742,0,2.052294445037842,1.7580260038375854,1.8045108616352081,1.571813702583313,2.7606916427612305,3.3912055492401123,1.4102492332458496,2.052294445037842,1.7580260038375854,1.8045108616352081,1.571813702583313,2.7606916427612305,3.3912055492401123,1.4102492332458496
1.9095578723483615,2.059296488761902,2.052294445037842,1.7580260038375854,1.8045108616352081,1.571813702583313,2.7606916427612305,3.3912055492401123,1.4102492332458496,2.059296488761902,1.7584060430526733,1.8226907849311829,1.5877914428710938,2.7454147338867188,3.3046698570251465,1.4594554901123047
1.9085293081071641,0,2.052294445037842,1.7580260038375854,1.8045108616352081,1.571813702583313,2.7606916427612305,3.3912055492401123,1.4102492332458496,2.059296488761902,1.7584060430526733,1.8226907849311829,1.5877914428710938,2.7454147338867188,3.3046698570251465,1.4594554901123047
1.9303394158681233,2.0541147232055663,2.052294445037842,1.7580260038375854,1.8045108616352081,1.571813702583313,2.7606916427612305,3.3912055492401123,1.4102492332458496,2.0541147232055663,1.8094687461853027,1.825912594795227,1.5588936805725098,2.7148042917251587,3.3037893772125244,1.4726026058197021
1.9027361737357245,0,2.052294445037842,1.7580260038375854,1.8045108616352081,1.571813702583313,2.7606916427612305,3.3912055492401123,1.4102492332458496,2.0541147232055663,1.8094687461853027,1.825912594795227,1.5588936805725098,2.7148042917251587,3.3037893772125244,1.4726026058197021
1.932542986339993,2.0546334981918335,2.052294445037842,1.7580260038375854,1.8045108616352081,1.571813702583313,2.7606916427612305,3.3912055492401123,1.4102492332458496,2.0546334981918335,1.7778358459472656,1.8082411289215088,1.5647234916687012,2.765175938606262,3.4177825450897217,1.4002562761306763
1.9444522195392184,0,2.052294445037842,1.7580260038375854,1.8045108616352081,1.571813702583313,2.7606916427612305,3.3912055492401123,1.4102492332458496,2.0546334981918335,1.7778358459472656,1.8082411289215088,1.5647234916687012,2.765175938606262,3.4177825450897217,1.4002562761306763
1.9549480941560533,2.046595883369446,2.046595883369446,1.7743021249771118,1.8044478297233582,1.5590014457702637,2.732656717300415,3.3551278114318848,1.4343624114990234,2.046595883369446,1.7743021249771118,1.8044478297233582,1.5590014457702637,2.732656717300415,3.3551278114318848,1.4343624114990234
1.9618098470899794,0,2.046595883369446,1.7743021249771118,1.8044478297233582,1.5590014457702637,2.732656717300415,3.3551278114318848,1.4343624114990234,2.046595883369446,1.7743021249771118,1.8044478297233582,1.5590014457702637,2.732656717300415,3.3551278114318848,1.4343624114990234
1.9390367534425523,2.046033000946045,2.046033000946045,1.7882013320922852,1.8126482665538788,1.5651341676712036,2.7005409002304077,3.292025566101074,1.4757477045059204,2.046033000946045,1.7882013320922852,1.8126482665538788,1.5651341676712036,2.7005409002304077,3.292025566101074,1.4757477045059204
1.9101216793060303,0,2.046033000946045,1.7882013320922852,1.8126482665538788,1.5651341676712036,2.7005409002304077,3.292025566101074,1.4757477045059204,2.046033000946045,1.7882013320922852,1.8126482665538788,1.5651341676712036,2.7005409002304077,3.292025566101074,1.4757477045059204
1.9055455260806613,2.0512871503829957,2.046033000946045,1.7882013320922852,1.8126482665538788,1.5651341676712036,2.7005409002304077,3.292025566101074,1.4757477045059204,2.0512871503829957,1.757514238357544,1.807052344083786,1.5711480379104614,2.751687169075012,3.3613414764404297,1.4243991374969482
1.93715234597524,0,2.046033000946045,1.7882013320922852,1.8126482665538788,1.5651341676712036,2.7005409002304077,3.292025566101074,1.4757477045059204,2.0512871503829957,1.757514238357544,1.807052344083786,1.5711480379104614,2.751687169075012,3.3613414764404297,1.4243991374969482
1.9670199818081326,2.0567556858062743,2.046033000946045,1.7882013320922852,1.8126482665538788,1.5651341676712036,2.7005409002304077,3.292025566101074,1.4757477045059204,2.0567556858062743,1.7863471508026123,1.805631846189499,1.5739201307296753,2.7660481929779053,3.456183433532715,1.391414761543274
1.9375778304206,0,2.046033000946045,1.7882013320922852,1.8126482665538788,1.5651341676712036,2.7005409002304077,3.292025566101074,1.4757477045059204,2.0567556858062743,1.7863471508026123,1.805631846189499,1.5739201307296753,2.7660481929779053,3.456183433532715,1.391414761543274
1.9942992395824857,2.0723255395889284,2.046033000946045,1.7882013320922852,1.8126482665538788,1.5651341676712036,2.7005409002304077,3.292025566101074,1.4757477045059204,2.0723255395889284,1.7260186672210693,1.817785531282425,1.624855637550354,2.7898130416870117,3.3853769302368164,1.4311273097991943
1.9392852120929294,0,2.046033000946045,1.7882013320922852,1.8126482665538788,1.5651341676712036,2.7005409002304077,3.292025566101074,1.4757477045059204,2.0723255395889284,1.7260186672210693,1.817785531282425,1.624855637550354,2.7898130416870117,3.3853769302368164,1.4311273097991943
1.9236132303873699,2.054883670806885,2.046033000946045,1.7882013320922852,1.8126482665538788,1.5651341676712036,2.7005409002304077,3.292025566101074,1.4757477045059204,2.054883670806885,1.7904781103134155,1.8116953670978546,1.5627402067184448,2.7547298669815063,3.40637469291687,1.4117403030395508
1.9798687431547377,0,2.046033000946045,1.7882013320922852,1.8126482665538788,1.5651341676712036,2.7005409002304077,3.292025566101074,1.4757477045059204,2.054883670806885,1.7904781103134155,1.8116953670978546,1.5627402067184448,2.7547298669815063,3.40637469291687,1.4117403030395508
1.9294513728883531,2.0532337188720704,2.046033000946045,1.7882013320922852,1.8126482665538788,1.5651341676712036,2.7005409002304077,3.292025566101074,1.4757477045059204,2.0532337188720704,1.8048958778381348,1.8271247148513794,1.5596256256103516,2.7097370624542236,3.280392646789551,1.482172966003418
1.9263492690192328,0,2.046033000946045,1.7882013320922852,1.8126482665538788,1.5651341676712036,2.7005409002304077,3.292025566101074,1.4757477045059204,2.0532337188720704,1.8048958778381348,1.8271247148513794,1.5596256256103516,2.7097370624542236,3.280392646789551,1.482172966003418
1.933831148677402,2.0722801446914674,2.046033000946045,1.7882013320922852,1.8126482665538788,1.5651341676712036,2.7005409002304077,3.292025566101074,1.4757477045059204,2.0722801446914674,1.7339215278625488,1.8246175050735474,1.6210811138153076,2.7811983823776245,3.352850914001465,1.444001317024231
1.8873604668511286,0,2.046033000946045,1.7882013320922852,1.8126482665538788,1.5651341676712036,2.7005409002304077,3.292025566101074,1.4757477045059204,2.0722801446914674,1.7339215278625488,1.8246175050735474,1.6210811138153076,2.7811983823776245,3.352850914001465,1.444001317024231
1.8975116279390123,2.0576261043548585,2.046033000946045,1.7882013320922852,1.8126482665538788,1.5651341676712036,2.7005409002304077,3.292025566101074,1.4757477045059204,2.0576261043548585,1.7444758415222168,1.8124973773956299,1.586785078048706,2.762630343437195,3.3510079383850098,1.4316089153289795
1.9013032118479412,0,2.046033000946045,1.7882013320922852,1.8126482665538788,1.5651341676712036,2.7005409002304077,3.292025566101074,1.4757477045059204,2.0576261043548585,1.7444758415222168,1.8124973773956299,1.586785078048706,2.762630343437195,3.3510079383850098,1.4316089153289795
1.9082036283281114,2.0512358427047728,2.046033000946045,1.7882013320922852,1.8126482665538788,1.5651341676712036,2.7005409002304077,3.292025566101074,1.4757477045059204,2.0512358427047728,1.7628320455551147,1.8077576756477356,1.5645551681518555,2.7529940605163574,3.3651766777038574,1.4228038787841797
1.8812453481886122,0,2.046033000946045,1.7882013320922852,1.8126482665538788,1.5651341676712036,2.7005409002304077,3.292025566101074,1.4757477045059204,2.0512358427047728,1.7628320455551147,1.8077576756477356,1.5645551681518555,2.7529940605163574,3.3651766777038574,1.4228038787841797
1.931477665901184,2.0495731353759767,2.046033000946045,1.7882013320922852,1.8126482665538788,1.5651341676712036,2.7005409002304077,3.292025566101074,1.4757477045059204,2.0495731353759767,1.7823799848556519,1.8153198957443237,1.5566461086273193,2.7253575325012207,3.3108415603637695,1.4581245183944702
1.9113456805547078,0,2.046033000946045,1.7882013320922852,1.8126482665538788,1.5651341676712036,2.7005409002304077,3.292025566101074,1.4757477045059204,2.0495731353759767,1.7823799848556519,1.8153198957443237,1.5566461086273193,2.7253575325012207,3.3108415603637695,1.4581245183944702
1.8977630403306749,2.048816704750061,2.046033000946045,1.7882013320922852,1.8126482665538788,1.5651341676712036,2.7005409002304077,3.292025566101074,1.4757477045059204,2.048816704750061,1.763946533203125,1.8106278777122498,1.566206932067871,2.7305482625961304,3.312685012817383,1.4528335332870483
1.916529655456543,0,2.046033000946045,1.7882013320922852,1.8126482665538788,1.5651341676712036,2.7005409002304077,3.292025566101074,1.4757477045059204,2.048816704750061,1.763946533203125,1.8106278777122498,1.566206932067871,2.7305482625961304,3.312685012817383,1.4528335332870483
1.9199325111177232,2.06391978263855,2.046033000946045,1.7882013320922852,1.8126482665538788,1.5651341676712036,2.7005409002304077,3.292025566101074,1.4757477045059204,2.06391978263855,1.7449853420257568,1.823123276233673,1.6026861667633057,2.7588313817977905,3.317826509475708,1.4542646408081055
1.9096764193640814,0,2.046033000946045,1.7882013320922852,1.8126482665538788,1.5651341676712036,2.7005409002304077,3.292025566101074,1.4757477045059204,2.06391978263855,1.7449853420257568,1.823123276233673,1.6026861667633057,2.7588313817977905,3.317826509475708,1.4542646408081055
1.8948254585266113,2.054996967315674,2.046033000946045,1.7882013320922852,1.8126482665538788,1.5651341676712036,2.7005409002304077,3.292025566101074,1.4757477045059204,2.054996967315674,1.7545273303985596,1.8143388330936432,1.5754762887954712,2.7540061473846436,3.3351879119873047,1.4369689226150513
1.893415543768141,0,2.046033000946045,1.7882013320922852,1.8126482665538788,1.5651341676712036,2.7005409002304077,3.292025566101074,1.4757477045059204,2.054996967315674,1.7545273303985596,1.8143388330936432,1.5754762887954712,2.7540061473846436,3.3351879119873047,1.4369689226150513
1.9243568976720173,2.0652405261993407,2.046033000946045,1.7882013320922852,1.8126482665538788,1.5651341676712036,2.7005409002304077,3.292025566101074,1.4757477045059204,2.0652405261993407,1.7651753425598145,1.8372259140014648,1.6039605140686035,2.7319493293762207,3.2493062019348145,1.4931681156158447
1.9194872114393446,0,2.046033000946045,1.7882013320922852,1.8126482665538788,1.5651341676712036,2.7005409002304077,3.292025566101074,1.4757477045059204,2.0652405261993407,1.7651753425598145,1.8372259140014648,1.6039605140686035,2.7319493293762207,3.2493062019348145,1.4931681156158447
1.8916313250859578,2.0512853384017946,2.046033000946045,1.7882013320922852,1.8126482665538788,1.5651341676712036,2.7005409002304077,3.292025566101074,1.4757477045059204,2.0512853384017946,1.7684732675552368,1.8170300126075745,1.568847894668579,2.727850556373596,3.2933754920959473,1.4634044170379639
1.9161121845245361,0,2.046033000946045,1.7882013320922852,1.8126482665538788,1.5651341676712036,2.7005409002304077,3.292025566101074,1.4757477045059204,2.0512853384017946,1.7684732675552368,1.8170300126075745,1.568847894668579,2.727850556373596,3.2933754920959473,1.4634044170379639
1.9072832266489665,2.0566590309143065,2.046033000946045,1.7882013320922852,1.8126482665538788,1.5651341676712036,2.7005409002304077,3.292025566101074,1.4757477045059204,2.0566590309143065,1.7780190706253052,1.8315152823925018,1.5847595930099487,2.7124691009521484,3.2396748065948486,1.4955782890319824
1.9157509141498141,0,2.046033000946045,1.7882013320922852,1.8126482665538788,1.5651341676712036,2.7005409002304077,3.292025566101074,1.4757477045059204,2.0566590309143065,1.7780190706253052,1.8315152823925018,1.5847595930099487,2.7124691009521484,3.2396748065948486,1.4955782890319824
1.9564352565341525,2.0754781007766723,2.046033000946045,1.7882013320922852,1.8126482665538788,1.5651341676712036,2.7005409002304077,3.292025566101074,1.4757477045059204,2.0754781007766723,1.737899899482727,1.8312402963638306,1.623276948928833,2.7817517518997192,3.3376190662384033,1.4527101516723633
1.903410792350769,0,2.046033000946045,1.7882013320922852,1.8126482665538788,1.5651341676712036,2.7005409002304077,3.292025566101074,1.4757477045059204,2.0754781007766723,1.737899899482727,1.8312402963638306,1.623276948928833,2.7817517518997192,3.3376190662384033,1.4527101516723633
1.9139260980818007,2.052933669090271,2.046033000946045,1.7882013320922852,1.8126482665538788,1.5651341676712036,2.7005409002304077,3.292025566101074,1.4757477045059204,2.052933669090271,1.7785366773605347,1.8234314024448395,1.5662554502487183,2.7250081300735474,3.2796194553375244,1.4698599576950073
1.8866413301891751,0,2.046033000946045,1.7882013320922852,1.8126482665538788,1.5651341676712036,2.7005409002304077,3.292025566101074,1.4757477045059204,2.052933669090271,1.7785366773605347,1.8234314024448395,1.5662554502487183,2.7250081300735474,3.2796194553375244,1.4698599576950073
1.912849611706204,2.060322308540344,2.046033000946045,1.7882013320922852,1.8126482665538788,1.5651341676712036,2.7005409002304077,3.292025566101074,1.4757477045059204,2.060322308540344,1.7409931421279907,1.8102989792823792,1.591834545135498,2.7787963151931763,3.3902175426483154,1.4111912250518799
1.8965365886688232,0,2.046033000946045,1.7882013320922852,1.8126482665538788,1.5651341676712036,2.7005409002304077,3.292025566101074,1.4757477045059204,2.060322308540344,1.7409931421279907,1.8102989792823792,1.591834545135498,2.7787963151931763,3.3902175426483154,1.4111912250518799
1.9170649581485324,2.0559470653533936,2.046033000946045,1.7882013320922852,1.8126482665538788,1.5651341676712036,2.7005409002304077,3.292025566101074,1.4757477045059204,2.0559470653533936,1.7820777893066406,1.816650539636612,1.5549193620681763,2.7654330730438232,3.3833389282226562,1.4118720293045044
1.951700422498915,0,2.046033000946045,1.7882013320922852,1.8126482665538788,1.5651341676712036,2.7005409002304077,3.292025566101074,1.4757477045059204,2.0559470653533936,1.7820777893066406,1.816650539636612,1.5549193620681763,2.7654330730438232,3.3833389282226562,1.4118720293045044
1.9082242250442505,2.0554210901260377,2.046033000946045,1.7882013320922852,1.8126482665538788,1.5651341676712036,2.7005409002304077,3.292025566101074,1.4757477045059204,2.0554210901260377,1.7852189540863037,1.8140743374824524,1.5575449466705322,2.762087106704712,3.395859718322754,1.4101673364639282
1.9131523105833266,0,2.046033000946045,1.7882013320922852,1.8126482665538788,1.5651341676712036,2.7005409002304077,3.292025566101074,1.4757477045059204,2.0554210901260377,1.7852189540863037,1.8140743374824524,1.5575449466705322,2.762087106704712,3.395859718322754,1.4101673364639282
1.9149556424882677,2.0556223392486572,2.046033000946045,1.7882013320922852,1.8126482665538788,1.5651341676712036,2.7005409002304077,3.292025566101074,1.4757477045059204,2.0556223392486572,1.7709665298461914,1.8240681290626526,1.5691719055175781,2.741202235221863,3.297236919403076,1.455568790435791
1.9186965492036607,0,2.046033000946045,1.7882013320922852,1.8126482665538788,1.5651341676712036,2.7005409002304077,3.292025566101074,1.4757477045059204,2.0556223392486572,1.7709665298461914,1.8240681290626526,1.5691719055175781,2.741202235221863,3.297236919403076,1.455568790435791
1.9050573375489976,2.053692936897278,2.046033000946045,1.7882013320922852,1.8126482665538788,1.5651341676712036,2.7005409002304077,3.292025566101074,1.4757477045059204,2.053692936897278,1.7639732360839844,1.8178662955760956,1.570576786994934,2.7432477474212646,3.31355357170105,1.4474191665649414
1.9033060471216838,0,2.046033000946045,1.7882013320922852,1.8126482665538788,1.5651341676712036,2.7005409002304077,3.292025566101074,1.4757477045059204,2.053692936897278,1.7639732360839844,1.8178662955760956,1.570576786994934,2.7432477474212646,3.31355357170105,1.4474191665649414
1.9034072425630357,2.0544491052627563,2.046033000946045,1.7882013320922852,1.8126482665538788,1.5651341676712036,2.7005409002304077,3.292025566101074,1.4757477045059204,2.0544491052627563,1.7611814737319946,1.8164014220237732,1.5681984424591064,2.752987504005432,3.330930709838867,1.4368906021118164
1.9008933570649889,0,2.046033000946045,1.7882013320922852,1.8126482665538788,1.5651341676712036,2.7005409002304077,3.292025566101074,1.4757477045059204,2.0544491052627563,1.7611814737319946,1.8164014220237732,1.5681984424591064,2.752987504005432,3.330930709838867,1.4368906021118164
1.9212190442615085,2.0610390186309813,2.046033000946045,1.7882013320922852,1.8126482665538788,1.5651341676712036,2.7005409002304077,3.292025566101074,1.4757477045059204,2.0610390186309813,1.750067949295044,1.8226837515830994,1.591101884841919,2.7572667598724365,3.3150362968444824,1.4494917392730713
1.9029987520641751,0,2.046033000946045,1.7882013320922852,1.8126482665538788,1.5651341676712036,2.7005409002304077,3.292025566101074,1.4757477045059204,2.0610390186309813,1.750067949295044,1.8226837515830994,1.591101884841919,2.7572667598724365,3.3150362968444824,1.4494917392730713
1.9278108146455553,2.0819640874862673,2.046033000946045,1.7882013320922852,1.8126482665538788,1.5651341676712036,2.7005409002304077,3.292025566101074,1.4757477045059204,2.0819640874862673,1.8006757497787476,1.8738186955451965,1.6522278785705566,2.6979830265045166,3.154270648956299,1.560950756072998
1.9585494995117188,0,2.046033000946045,1.7882013320922852,1.8126482665538788,1.5651341676712036,2.7005409002304077,3.292025566101074,1.4757477045059204,2.0819640874862673,1.8006757497787476,1.8738186955451965,1.6522278785705566,2.6979830265045166,3.154270648956299,1.560950756072998
1.9151149988174438,2.0508562326431274,2.046033000946045,1.7882013320922852,1.8126482665538788,1.5651341676712036,2.7005409002304077,3.292025566101074,1.4757477045059204,2.0508562326431274,1.781766653060913,1.824546754360199,1.5831618309020996,2.6926491260528564,3.2338063716888428,1.5040544271469116
1.909918440712823,0,2.046033000946045,1.7882013320922852,1.8126482665538788,1.5651341676712036,2.7005409002304077,3.292025566101074,1.4757477045059204,2.0508562326431274,1.781766653060913,1.824546754360199,1.5831618309020996,2.6926491260528564,3.2338063716888428,1.5040544271469116
1.8978048430548773,2.0473118305206297,2.046033000946045,1.7882013320922852,1.8126482665538788,1.5651341676712036,2.7005409002304077,3.292025566101074,1.4757477045059204,2.0473118305206297,1.763418197631836,1.808559000492096,1.5652742385864258,2.7272934913635254,3.3124616146087646,1.453279733657837
1.9064378870858087,0,2.046033000946045,1.7882013320922852,1.8126482665538788,1.5651341676712036,2.7005409002304077,3.292025566101074,1.4757477045059204,2.0473118305206297,1.763418197631836,1.808559000492096,1.5652742385864258,2.7272934913635254,3.3124616146087646,1.453279733657837
1.920389387342665,2.047871136665344,2.046033000946045,1.7882013320922852,1.8126482665538788,1.5651341676712036,2.7005409002304077,3.292025566101074,1.4757477045059204,2.047871136665344,1.77736496925354,1.8099392652511597,1.5547192096710205,2.7318187952041626,3.333329677581787,1.4436339139938354
1.909196760919359,0,2.046033000946045,1.7882013320922852,1.8126482665538788,1.5651341676712036,2.7005409002304077,3.292025566101074,1.4757477045059204,2.047871136665344,1.77736496925354,1.8099392652511597,1.5547192096710205,2.7318187952041626,3.333329677581787,1.4436339139938354
1.9120065768559773,2.0677241325378417,2.046033000946045,1.7882013320922852,1.8126482665538788,1.5651341676712036,2.7005409002304077,3.292025566101074,1.4757477045059204,2.0677241325378417,1.7266550064086914,1.8171255588531494,1.6197047233581543,2.7777689695358276,3.3600504398345947,1.436722993850708
1.928012490272522,0,2.046033000946045,1.7882013320922852,1.8126482665538788,1.5651341676712036,2.7005409002304077,3.292025566101074,1.4757477045059204,2.0677241325378417,1.7266550064086914,1.8171255588531494,1.6197047233581543,2.7777689695358276,3.3600504398345947,1.436722993850708
1.939412964714898,2.0538931369781492,2.046033000946045,1.7882013320922852,1.8126482665538788,1.5651341676712036,2.7005409002304077,3.292025566101074,1.4757477045059204,2.0538931369781492,1.7415732145309448,1.8102179765701294,1.5885589122772217,2.7481335401535034,3.3271005153656006,1.4430664777755737
1.9543872939215765,0,2.046033000946045,1.7882013320922852,1.8126482665538788,1.5651341676712036,2.7005409002304077,3.292025566101074,1.4757477045059204,2.0538931369781492,1.7415732145309448,1.8102179765701294,1.5885589122772217,2.7481335401535034,3.3271005153656006,1.4430664777755737
1.960642139116923,2.0654918909072877,2.046033000946045,1.7882013320922852,1.8126482665538788,1.5651341676712036,2.7005409002304077,3.292025566101074,1.4757477045059204,2.0654918909072877,1.7327569723129272,1.8012225031852722,1.6140975952148438,2.8017044067382812,3.478130340576172,1.3771960735321045
1.9275626209047105,0,2.046033000946045,1.7882013320922852,1.8126482665538788,1.5651341676712036,2.7005409002304077,3.292025566101074,1.4757477045059204,2.0654918909072877,1.7327569723129272,1.8012225031852722,1.6140975952148438,2.8017044067382812,3.478130340576172,1.3771960735321045
1.9052102698220148,2.0482961416244505,2.046033000946045,1.7882013320922852,1.8126482665538788,1.5651341676712036,2.7005409002304077,3.292025566101074,1.4757477045059204,2.0482961416244505,1.7547311782836914,1.803849846124649,1.5666581392288208,2.7478796243667603,3.356480360031128,1.4243321418762207
1.890014926592509,0,2.046033000946045,1.7882013320922852,1.8126482665538788,1.5651341676712036,2.7005409002304077,3.292025566101074,1.4757477045059204,2.0482961416244505,1.7547311782836914,1.803849846124649,1.5666581392288208,2.7478796243667603,3.356480360031128,1.4243321418762207
1.883823487493727,2.045770692825317,2.045770692825317,1.7638050317764282,1.806657761335373,1.5599995851516724,2.7294657230377197,3.3199100494384766,1.4461174011230469,2.045770692825317,1.7638050317764282,1.806657761335373,1.5599995851516724,2.7294657230377197,3.3199100494384766,1.4461174011230469
1.8919647799597845,0,2.045770692825317,1.7638050317764282,1.806657761335373,1.5599995851516724,2.7294657230377197,3.3199100494384766,1.4461174011230469,2.045770692825317,1.7638050317764282,1.806657761335373,1.5599995851516724,2.7294657230377197,3.3199100494384766,1.4461174011230469
1.8625504440731473,2.0497316122055054,2.045770692825317,1.7638050317764282,1.806657761335373,1.5599995851516724,2.7294657230377197,3.3199100494384766,1.4461174011230469,2.0497316122055054,1.766425371170044,1.804751068353653,1.5634890794754028,2.7530229091644287,3.3833813667297363,1.4126977920532227
1.9054654704199896,0,2.045770692825317,1.7638050317764282,1.806657761335373,1.5599995851516724,2.7294657230377197,3.3199100494384766,1.4461174011230469,2.0497316122055054,1.766425371170044,1.804751068353653,1.5634890794754028,2.7530229091644287,3.3833813667297363,1.4126977920532227
1.8937819136513605,2.050607180595398,2.045770692825317,1.7638050317764282,1.806657761335373,1.5599995851516724,2.7294657230377197,3.3199100494384766,1.4461174011230469,2.050607180595398,1.758814811706543,1.8154463171958923,1.5765101909637451,2.727895975112915,3.288146495819092,1.4619189500808716
1.9057110018200345,0,2.045770692825317,1.7638050317764282,1.806657761335373,1.5599995851516724,2.7294657230377197,3.3199100494384766,1.4461174011230469,2.050607180595398,1.758814811706543,1.8154463171958923,1.5765101909637451,2.727895975112915,3.288146495819092,1.4619189500808716
1.8950173060099285,2.0645760536193847,2.045770692825317,1.7638050317764282,1.806657761335373,1.5599995851516724,2.7294657230377197,3.3199100494384766,1.4461174011230469,2.0645760536193847,1.7662007808685303,1.839431881904602,1.6100621223449707,2.724719285964966,3.2341747283935547,1.4971787929534912
1.8797167936960857,0,2.045770692825317,1.7638050317764282,1.806657761335373,1.5599995851516724,2.7294657230377197,3.3199100494384766,1.4461174011230469,2.0645760536193847,1.7662007808685303,1.839431881904602,1.6100621223449707,2.724719285964966,3.2341747283935547,1.4971787929534912
1.905705451965332,2.0669005632400514,2.045770692825317,1.7638050317764282,1.806657761335373,1.5599995851516724,2.7294657230377197,3.3199100494384766,1.4461174011230469,2.0669005632400514,1.7513052225112915,1.8329222798347473,1.6070175170898438,2.755624294281006,3.289187431335449,1.4649314880371094
1.894412292374505,0,2.045770692825317,1.7638050317764282,1.806657761335373,1.5599995851516724,2.7294657230377197,3.3199100494384766,1.4461174011230469,2.0669005632400514,1.7513052225112915,1.8329222798347473,1.6070175170898438,2.755624294281006,3.289187431335449,1.4649314880371094
1.8886116478178236,2.0515841007232667,2.045770692825317,1.7638050317764282,1.806657761335373,1.5599995851516724,2.7294657230377197,3.3199100494384766,1.4461174011230469,2.0515841007232667,1.7718169689178467,1.8219038844108582,1.5682218074798584,2.725425958633423,3.275092124938965,1.4670298099517822
1.8872128062778049,0,2.045770692825317,1.7638050317764282,1.806657761335373,1.5599995851516724,2.7294657230377197,3.3199100494384766,1.4461174011230469,2.0515841007232667,1.7718169689178467,1.8219038844108582,1.5682218074798584,2.725425958633423,3.275092124938965,1.4670298099517822
1.9009382592307196,2.0492490768432616,2.045770692825317,1.7638050317764282,1.806657761335373,1.5599995851516724,2.7294657230377197,3.3199100494384766,1.4461174011230469,2.0492490768432616,1.7637457847595215,1.8049737811088562,1.5596978664398193,2.7565293312072754,3.3803529739379883,1.409743070602417
1.892682433128357,0,2.045770692825317,1.7638050317764282,1.806657761335373,1.5599995851516724,2.7294657230377197,3.3199100494384766,1.4461174011230469,2.0492490768432616,1.7637457847595215,1.8049737811088562,1.5596978664398193,2.7565293312072754,3.3803529739379883,1.409743070602417
1.903915868865119,2.0492687463760375,2.045770692825317,1.7638050317764282,1.806657761335373,1.5599995851516724,2.7294657230377197,3.3199100494384766,1.4461174011230469,2.0492687463760375,1.7542475461959839,1.8065926432609558,1.5670385360717773,2.750514030456543,3.350191116333008,1.4240295886993408
1.8967009915245905,0,2.045770692825317,1.7638050317764282,1.806657761335373,1.5599995851516724,2.7294657230377197,3.3199100494384766,1.4461174011230469,2.0492687463760375,1.7542475461959839,1.8065926432609558,1.5670385360717773,2.750514030456543,3.350191116333008,1.4240295886993408
1.9078420003255208,2.054283094406128,2.045770692825317,1.7638050317764282,1.806657761335373,1.5599995851516724,2.7294657230377197,3.3199100494384766,1.4461174011230469,2.054283094406128,1.7479310035705566,1.8138950169086456,1.5823417901992798,2.750149130821228,3.3229219913482666,1.4408444166183472
1.920333120557997,0,2.045770692825317,1.7638050317764282,1.806657761335373,1.5599995851516724,2.7294657230377197,3.3199100494384766,1.4461174011230469,2.054283094406128,1.7479310035705566,1.8138950169086456,1.5823417901992798,2.750149130821228,3.3229219913482666,1.4408444166183472
1.9641950395372179,2.0639928579330444,2.045770692825317,1.7638050317764282,1.806657761335373,1.5599995851516724,2.7294657230377197,3.3199100494384766,1.4461174011230469,2.0639928579330444,1.7312757968902588,1.8086700737476349,1.6032673120498657,2.7938880920410156,3.418914794921875,1.3976449966430664
1.8843045896954007,0,2.045770692825317,1.7638050317764282,1.806657761335373,1.5599995851516724,2.7294657230377197,3.3199100494384766,1.4461174011230469,2.0639928579330444,1.7312757968902588,1.8086700737476349,1.6032673120498657,2.7938880920410156,3.418914794921875,1.3976449966430664
1.8973753319846258,2.0490818500518797,2.045770692825317,1.7638050317764282,1.806657761335373,1.5599995851516724,2.7294657230377197,3.3199100494384766,1.4461174011230469,2.0490818500518797,1.7696852684020996,1.812081515789032,1.5561578273773193,2.742393970489502,3.3319902420043945,1.4347782135009766
1.9041699568430583,0,2.045770692825317,1.7638050317764282,1.806657761335373,1.5599995851516724,2.7294657230377197,3.3199100494384766,1.4461174011230469,2.0490818500518797,1.7696852684020996,1.812081515789032,1.5561578273773193,2.742393970489502,3.3319902420043945,1.4347782135009766
1.9092011319266424,2.0571721315383913,2.045770692825317,1.7638050317764282,1.806657761335373,1.5599995851516724,2.7294657230377197,3.3199100494384766,1.4461174011230469,2.0571721315383913,1.7531062364578247,1.8226211071014404,1.5928246974945068,2.7397243976593018,3.288001537322998,1.4604809284210205
1.8919962247212727,0,2.045770692825317,1.7638050317764282,1.806657761335373,1.5599995851516724,2.7294657230377197,3.3199100494384766,1.4461174011230469,2.0571721315383913,1.7531062364578247,1.8226211071014404,1.5928246974945068,2.7397243976593018,3.288001537322998,1.4604809284210205
1.895308494567871,2.052371621131897,2.045770692825317,1.7638050317764282,1.806657761335373,1.5599995851516724,2.7294657230377197,3.3199100494384766,1.4461174011230469,2.052371621131897,1.7556414604187012,1.8171131312847137,1.5844837427139282,2.731413960456848,3.290142059326172,1.4589049816131592
1.9023131132125854,0,2.045770692825317,1.7638050317764282,1.806657761335373,1.5599995851516724,2.7294657230377197,3.3199100494384766,1.4461174011230469,2.052371621131897,1.7556414604187012,1.8171131312847137,1.5844837427139282,2.731413960456848,3.290142059326172,1.4589049816131592
1.9095683495203655,2.046584892272949,2.045770692825317,1.7638050317764282,1.806657761335373,1.5599995851516724,2.7294657230377197,3.3199100494384766,1.4461174011230469,2.046584892272949,1.7691477537155151,1.8046667575836182,1.5569541454315186,2.740946054458618,3.3584747314453125,1.424930453300476
1.886828237109714,0,2.045770692825317,1.7638050317764282,1.806657761335373,1.5599995851516724,2.7294657230377197,3.3199100494384766,1.4461174011230469,2.046584892272949,1.7691477537155151,1.8046667575836182,1.5569541454315186,2.740946054458618,3.3584747314453125,1.424930453300476
1.9115303224987454,2.0547635555267334,2.045770692825317,1.7638050317764282,1.806657761335373,1.5599995851516724,2.7294657230377197,3.3199100494384766,1.4461174011230469,2.0547635555267334,1.7467862367630005,1.800871580839157,1.5838643312454224,2.7764792442321777,3.4269089698791504,1.3902087211608887
1.8848494953579373,0,2.045770692825317,1.7638050317764282,1.806657761335373,1.5599995851516724,2.7294657230377197,3.3199100494384766,1.4461174011230469,2.0547635555267334,1.7467862367630005,1.800871580839157,1.5838643312454224,2.7764792442321777,3.4269089698791504,1.3902087211608887
1.8929531971613567,2.0438332080841066,2.0438332080841066,1.7791571617126465,1.8043973445892334,1.5539677143096924,2.7229857444763184,3.3406641483306885,1.4400696754455566,2.0438332080841066,1.7791571617126465,1.8043973445892334,1.5539677143096924,2.7229857444763184,3.3406641483306885,1.4400696754455566
1.903992732365926,0,2.0438332080841066,1.7791571617126465,1.8043973445892334,1.5539677143096924,2.7229857444763184,3.3406641483306885,1.4400696754455566,2.0438332080841066,1.7791571617126465,1.8043973445892334,1.5539677143096924,2.7229857444763184,3.3406641483306885,1.4400696754455566
1.8923480378256903,2.0508846759796144,2.0438332080841066,1.7791571617126465,1.8043973445892334,1.5539677143096924,2.7229857444763184,3.3406641483306885,1.4400696754455566,2.0508846759796144,1.746968388557434,1.8079524040222168,1.579045295715332,2.748758554458618,3.3386895656585693,1.4308925867080688
1.8965346945656671,0,2.0438332080841066,1.7791571617126465,1.8043973445892334,1.5539677143096924,2.7229857444763184,3.3406641483306885,1.4400696754455566,2.0508846759796144,1.746968388557434,1.8079524040222168,1.579045295715332,2.748758554458618,3.3386895656585693,1.4308925867080688
1.891512049569024,2.0627458095550537,2.0438332080841066,1.7791571617126465,1.8043973445892334,1.5539677143096924,2.7229857444763184,3.3406641483306885,1.4400696754455566,2.0627458095550537,1.7364474534988403,1.8184548020362854,1.6031179428100586,2.7695021629333496,3.341197967529297,1.4351593255996704
1.9096980492273967,0,2.0438332080841066,1.7791571617126465,1.8043973445892334,1.5539677143096924,2.7229857444763184,3.3406641483306885,1.4400696754455566,2.0627458095550537,1.7364474534988403,1.8184548020362854,1.6031179428100586,2.7695021629333496,3.341197967529297,1.4351593255996704
1.8872751659817166,2.0551462888717653,2.0438332080841066,1.7791571617126465,1.8043973445892334,1.5539677143096924,2.7229857444763184,3.3406641483306885,1.4400696754455566,2.0551462888717653,1.7702981233596802,1.8076115846633911,1.5650174617767334,2.7761706113815308,3.427508592605591,1.3880746364593506
1.8910530673133001,0,2.0438332080841066,1.7791571617126465,1.8043973445892334,1.5539677143096924,2.7229857444763184,3.3406641483306885,1.4400696754455566,2.0551462888717653,1.7702981233596802,1.8076115846633911,1.5650174617767334,2.7761706113815308,3.427508592605591,1.3880746364593506
1.912891878022088,2.051684260368347,2.0438332080841066,1.7791571617126465,1.8043973445892334,1.5539677143096924,2.7229857444763184,3.3406641483306885,1.4400696754455566,2.051684260368347,1.768271803855896,1.8053181171417236,1.564258337020874,2.763022303581238,3.405574083328247,1.3998465538024902
1.8901297913657293,0,2.0438332080841066,1.7791571617126465,1.8043973445892334,1.5539677143096924,2.7229857444763184,3.3406641483306885,1.4400696754455566,2.051684260368347,1.768271803855896,1.8053181171417236,1.564258337020874,2.763022303581238,3.405574083328247,1.3998465538024902
1.898971610599094,2.0566085815429687,2.0438332080841066,1.7791571617126465,1.8043973445892334,1.5539677143096924,2.7229857444763184,3.3406641483306885,1.4400696754455566,2.0566085815429687,1.7637161016464233,1.8288213610649109,1.5953125953674316,2.7198779582977295,3.2472152709960938,1.4842582941055298
1.9002859724892511,0,2.0438332080841066,1.7791571617126465,1.8043973445892334,1.5539677143096924,2.7229857444763184,3.3406641483306885,1.4400696754455566,2.0566085815429687,1.7637161016464233,1.8288213610649109,1.5953125953674316,2.7198779582977295,3.2472152709960938,1.4842582941055298
1.8943725956810846,2.053453731536865,2.0438332080841066,1.7791571617126465,1.8043973445892334,1.5539677143096924,2.7229857444763184,3.3406641483306885,1.4400696754455566,2.053453731536865,1.747756004333496,1.810448944568634,1.5766799449920654,2.7591733932495117,3.348742961883545,1.4244859218597412
1.9320750898785062,0,2.0438332080841066,1.7791571617126465,1.8043973445892334,1.5539677143096924,2.7229857444763184,3.3406641483306885,1.4400696754455566,2.053453731536865,1.747756004333496,1.810448944568634,1.5766799449920654,2.7591733932495117,3.348742961883545,1.4244859218597412
1.8994828065236409,2.0499412536621096,2.0438332080841066,1.7791571617126465,1.8043973445892334,1.5539677143096924,2.7229857444763184,3.3406641483306885,1.4400696754455566,2.0499412536621096,1.7564005851745605,1.8068401217460632,1.565708875656128,2.7544167041778564,3.359982967376709,1.4187633991241455
1.8883985545900133,0,2.0438332080841066,1.7791571617126465,1.8043973445892334,1.5539677143096924,2.7229857444763184,3.3406641483306885,1.4400696754455566,2.0499412536621096,1.7564005851745605,1.8068401217460632,1.565708875656128,2.7544167041778564,3.359982967376709,1.4187633991241455
1.890356222788493,2.050594353675842,2.0438332080841066,1.7791571617126465,1.8043973445892334,1.5539677143096924,2.7229857444763184,3.3406641483306885,1.4400696754455566,2.050594353675842,1.7478713989257812,1.8058550953865051,1.5732016563415527,2.7558752298355103,3.3572745323181152,1.420148253440857
1.8995695908864338,0,2.0438332080841066,1.7791571617126465,1.8043973445892334,1.5539677143096924,2.7229857444763184,3.3406641483306885,1.4400696754455566,2.050594353675842,1.7478713989257812,1.8058550953865051,1.5732016563415527,2.7558752298355103,3.3572745323181152,1.420148253440857
1.8703514734903972,2.0515106201171873,2.0438332080841066,1.7791571617126465,1.8043973445892334,1.5539677143096924,2.7229857444763184,3.3406641483306885,1.4400696754455566,2.0515106201171873,1.7487156391143799,1.807575762271881,1.5733773708343506,2.7574915885925293,3.3554887771606445,1.4204769134521484
1.9001684718661838,0,2.0438332080841066,1.7791571617126465,1.8043973445892334,1.5539677143096924,2.7229857444763184,3.3406641483306885,1.4400696754455566,2.0515106201171873,1.7487156391143799,1.807575762271881,1.5733773708343506,2.7574915885925293,3.3554887771606445,1.4204769134521484
1.9018747806549072,2.060897946357727,2.0438332080841066,1.7791571617126465,1.8043973445892334,1.5539677143096924,2.7229857444763184,3.3406641483306885,1.4400696754455566,2.060897946357727,1.7398110628128052,1.8198024034500122,1.60368013381958,2.7577391862869263,3.319571018218994,1.4455201625823975
1.8991244501537747,0,2.0438332080841066,1.7791571617126465,1.8043973445892334,1.5539677143096924,2.7229857444763184,3.3406641483306885,1.4400696754455566,2.060897946357727,1.7398110628128052,1.8198024034500122,1.60368013381958,2.7577391862869263,3.319571018218994,1.4455201625823975
1.9132707118988037,2.050261449813843,2.0438332080841066,1.7791571617126465,1.8043973445892334,1.5539677143096924,2.7229857444763184,3.3406641483306885,1.4400696754455566,2.050261449813843,1.75286066532135,1.8081335425376892,1.5689613819122314,2.7521296739578247,3.346407890319824,1.425225853919983
1.907364050547282,0,2.0438332080841066,1.7791571617126465,1.8043973445892334,1.5539677143096924,2.7229857444763184,3.3406641483306885,1.4400696754455566,2.050261449813843,1.75286066532135,1.8081335425376892,1.5689613819122314,2.7521296739578247,3.346407890319824,1.425225853919983
1.8926016357209947,2.0497541666030883,2.0438332080841066,1.7791571617126465,1.8043973445892334,1.5539677143096924,2.7229857444763184,3.3406641483306885,1.4400696754455566,2.0497541666030883,1.7672349214553833,1.819165199995041,1.5732980966567993,2.7192556858062744,3.269618511199951,1.4697264432907104
1.8763669199413724,0,2.0438332080841066,1.7791571617126465,1.8043973445892334,1.5539677143096924,2.7229857444763184,3.3406641483306885,1.4400696754455566,2.0497541666030883,1.7672349214553833,1.819165199995041,1.5732980966567993,2.7192556858062744,3.269618511199951,1.4697264432907104
1.8888823588689168,2.050073170661926,2.0438332080841066,1.7791571617126465,1.8043973445892334,1.5539677143096924,2.7229857444763184,3.3406641483306885,1.4400696754455566,2.050073170661926,1.7474188804626465,1.8098947405815125,1.5792655944824219,2.739593744277954,3.3137118816375732,1.4444938898086548
1.8852566480636597,0,2.0438332080841066,1.7791571617126465,1.8043973445892334,1.5539677143096924,2.7229857444763184,3.3406641483306885,1.4400696754455566,2.050073170661926,1.7474188804626465,1.8098947405815125,1.5792655944824219,2.739593744277954,3.3137118816375732,1.4444938898086548
1.9056395557191637,2.050025200843811,2.0438332080841066,1.7791571617126465,1.8043973445892334,1.5539677143096924,2.7229857444763184,3.3406641483306885,1.4400696754455566,2.050025200843811,1.7546781301498413,1.8114985823631287,1.5710210800170898,2.7426849603652954,3.3197529315948486,1.4390568733215332
1.9026740392049153,0,2.0438332080841066,1.7791571617126465,1.8043973445892334,1.5539677143096924,2.7229857444763184,3.3406641483306885,1.4400696754455566,2.050025200843811,1.7546781301498413,1.8114985823631287,1.5710210800170898,2.7426849603652954,3.3197529315948486,1.4390568733215332
1.8749253617392645,2.046335744857788,2.0438332080841066,1.7791571617126465,1.8043973445892334,1.5539677143096924,2.7229857444763184,3.3406641483306885,1.4400696754455566,2.046335744857788,1.7589184045791626,1.8038734793663025,1.5621075630187988,2.7429845333099365,3.350419521331787,1.424683690071106
1.8921115795771282,0,2.0438332080841066,1.7791571617126465,1.8043973445892334,1.5539677143096924,2.7229857444763184,3.3406641483306885,1.4400696754455566,2.046335744857788,1.7589184045791626,1.8038734793663025,1.5621075630187988,2.7429845333099365,3.350419521331787,1.424683690071106
1.906888445218404,2.058314061164856,2.0438332080841066,1.7791571617126465,1.8043973445892334,1.5539677143096924,2.7229857444763184,3.3406641483306885,1.4400696754455566,2.058314061164856,1.7327735424041748,1.8117735981941223,1.5990593433380127,2.7643887996673584,3.34628963470459,1.4309598207473755
1.9143603642781575,0,2.0438332080841066,1.7791571617126465,1.8043973445892334,1.5539677143096924,2.7229857444763184,3.3406641483306885,1.4400696754455566,2.058314061164856,1.7327735424041748,1.8117735981941223,1.5990593433380127,2.7643887996673584,3.34628963470459,1.4309598207473755
1.9012760718663533,2.047433853149414,2.0438332080841066,1.7791571617126465,1.8043973445892334,1.5539677143096924,2.7229857444763184,3.3406641483306885,1.4400696754455566,2.047433853149414,1.758575439453125,1.807441771030426,1.5619008541107178,2.7428468465805054,3.3349783420562744,1.4309992790222168
1.8890085220336914,0,2.0438332080841066,1.7791571617126465,1.8043973445892334,1.5539677143096924,2.7229857444763184,3.3406641483306885,1.4400696754455566,2.047433853149414,1.758575439453125,1.807441771030426,1.5619008541107178,2.7428468465805054,3.3349783420562744,1.4309992790222168
1.8901948266559176,2.0483736276626585,2.0438332080841066,1.7791571617126465,1.8043973445892334,1.5539677143096924,2.7229857444763184,3.3406641483306885,1.4400696754455566,2.0483736276626585,1.7585722208023071,1.8109806180000305,1.5674479007720947,2.737090826034546,3.3148515224456787,1.4416663646697998
1.8953957027859158,0,2.0438332080841066,1.7791571617126465,1.8043973445892334,1.5539677143096924,2.7229857444763184,3.3406641483306885,1.4400696754455566,2.0483736276626585,1.7585722208023071,1.8109806180000305,1.5674479007720947,2.737090826034546,3.3148515224456787,1.4416663646697998
1.88304955429501,2.055094075202942,2.0438332080841066,1.7791571617126465,1.8043973445892334,1.5539677143096924,2.7229857444763184,3.3406641483306885,1.4400696754455566,2.055094075202942,1.7466264963150024,1.8127368688583374,1.581127405166626,2.761252760887146,3.3459384441375732,1.425210952758789
1.8928028610017564,0,2.0438332080841066,1.7791571617126465,1.8043973445892334,1.5539677143096924,2.7229857444763184,3.3406641483306885,1.4400696754455566,2.055094075202942,1.7466264963150024,1.8127368688583374,1.581127405166626,2.761252760887146,3.3459384441375732,1.425210952758789
1.914843824174669,2.0477001667022705,2.0438332080841066,1.7791571617126465,1.8043973445892334,1.5539677143096924,2.7229857444763184,3.3406641483306885,1.4400696754455566,2.0477001667022705,1.7692253589630127,1.8125386834144592,1.5581748485565186,2.734032392501831,3.314535617828369,1.4430358409881592
1.8892564906014337,0,2.0438332080841066,1.7791571617126465,1.8043973445892334,1.5539677143096924,2.7229857444763184,3.3406641483306885,1.4400696754455566,2.0477001667022705,1.7692253589630127,1.8125386834144592,1.5581748485565186,2.734032392501831,3.314535617828369,1.4430358409881592
1.9204594161775377,2.0540005922317506,2.0438332080841066,1.7791571617126465,1.8043973445892334,1.5539677143096924,2.7229857444763184,3.3406641483306885,1.4400696754455566,2.0540005922317506,1.7355467081069946,1.8080942630767822,1.5921964645385742,2.755551338195801,3.342015504837036,1.431157112121582
1.8783273564444647,0,2.0438332080841066,1.7791571617126465,1.8043973445892334,1.5539677143096924,2.7229857444763184,3.3406641483306885,1.4400696754455566,2.0540005922317506,1.7355467081069946,1.8080942630767822,1.5921964645385742,2.755551338195801,3.342015504837036,1.431157112121582
1.8822017908096313,2.043721055984497,2.043721055984497,1.7609806060791016,1.804218053817749,1.5582823753356934,2.729360342025757,3.322092056274414,1.4406216144561768,2.043721055984497,1.7609806060791016,1.804218053817749,1.5582823753356934,2.729360342025757,3.322092056274414,1.4406216144561768
1.8975035084618463,0,2.043721055984497,1.7609806060791016,1.804218053817749,1.5582823753356934,2.729360342025757,3.322092056274414,1.4406216144561768,2.043721055984497,1.7609806060791016,1.804218053817749,1.5582823753356934,2.729360342025757,3.322092056274414,1.4406216144561768
1.8826312356524997,2.047639036178589,2.043721055984497,1.7609806060791016,1.804218053817749,1.5582823753356934,2.729360342025757,3.322092056274414,1.4406216144561768,2.047639036178589,1.7513306140899658,1.8080722093582153,1.5718050003051758,2.7368011474609375,3.315779685974121,1.4414572715759277
1.8945552508036296,0,2.043721055984497,1.7609806060791016,1.804218053817749,1.5582823753356934,2.729360342025757,3.322092056274414,1.4406216144561768,2.047639036178589,1.7513306140899658,1.8080722093582153,1.5718050003051758,2.7368011474609375,3.315779685974121,1.4414572715759277
1.901519192589654,2.0477325439453127,2.043721055984497,1.7609806060791016,1.804218053817749,1.5582823753356934,2.729360342025757,3.322092056274414,1.4406216144561768,2.0477325439453127,1.7508755922317505,1.7981580197811127,1.5708738565444946,2.7578576803207397,3.3957083225250244,1.401197910308838
1.8754614194234211,0,2.043721055984497,1.7609806060791016,1.804218053817749,1.5582823753356934,2.729360342025757,3.322092056274414,1.4406216144561768,2.0477325439453127,1.7508755922317505,1.7981580197811127,1.5708738565444946,2.7578576803207397,3.3957083225250244,1.401197910308838
1.901511788368225,2.044349789619446,2.043721055984497,1.7609806060791016,1.804218053817749,1.5582823753356934,2.729360342025757,3.322092056274414,1.4406216144561768,2.044349789619446,1.772737741470337,1.8085914850234985,1.5548067092895508,2.7246850728988647,3.31528639793396,1.4448343515396118
1.8802693684895833,0,2.043721055984497,1.7609806060791016,1.804218053817749,1.5582823753356934,2.729360342025757,3.322092056274414,1.4406216144561768,2.044349789619446,1.772737741470337,1.8085914850234985,1.5548067092895508,2.7246850728988647,3.31528639793396,1.4448343515396118
1.8889567719565497,2.051435375213623,2.043721055984497,1.7609806060791016,1.804218053817749,1.5582823753356934,2.729360342025757,3.322092056274414,1.4406216144561768,2.051435375213623,1.741284966468811,1.8062788844108582,1.584597110748291,2.7537044286727905,3.3494603633880615,1.4238859415054321
1.89107166396247,0,2.043721055984497,1.7609806060791016,1.804218053817749,1.5582823753356934,2.729360342025757,3.322092056274414,1.4406216144561768,2.051435375213623,1.741284966468811,1.8062788844108582,1.584597110748291,2.7537044286727905,3.3494603633880615,1.4238859415054321
1.9110868506961398,2.046818733215332,2.043721055984497,1.7609806060791016,1.804218053817749,1.5582823753356934,2.729360342025757,3.322092056274414,1.4406216144561768,2.046818733215332,1.7797787189483643,1.8178321719169617,1.5612061023712158,2.7133243083953857,3.276083469390869,1.4664602279663086
1.8991774320602417,0,2.043721055984497,1.7609806060791016,1.804218053817749,1.5582823753356934,2.729360342025757,3.322092056274414,1.4406216144561768,2.046818733215332,1.7797787189483643,1.8178321719169617,1.5612061023712158,2.7133243083953857,3.276083469390869,1.4664602279663086
1.898424016104804,2.052741456031799,2.043721055984497,1.7609806060791016,1.804218053817749,1.5582823753356934,2.729360342025757,3.322092056274414,1.4406216144561768,2.052741456031799,1.7507014274597168,1.8161824941635132,1.5855653285980225,2.739443778991699,3.3011257648468018,1.4485529661178589
1.8808407915963068,0,2.043721055984497,1.7609806060791016,1.804218053817749,1.5582823753356934,2.729360342025757,3.322092056274414,1.4406216144561768,2.052741456031799,1.7507014274597168,1.8161824941635132,1.5855653285980225,2.739443778991699,3.3011257648468018,1.4485529661178589
1.8774444792005751,2.0507570266723634,2.043721055984497,1.7609806060791016,1.804218053817749,1.5582823753356934,2.729360342025757,3.322092056274414,1.4406216144561768,2.0507570266723634,1.7535240650177002,1.8153519332408905,1.5841513872146606,2.7309869527816772,3.2917656898498535,1.454135775566101
1.903459906578064,0,2.043721055984497,1.7609806060791016,1.804218053817749,1.5582823753356934,2.729360342025757,3.322092056274414,1.4406216144561768,2.0507570266723634,1.7535240650177002,1.8153519332408905,1.5841513872146606,2.7309869527816772,3.2917656898498535,1.454135775566101
1.9022023015552096,2.045817470550537,2.043721055984497,1.7609806060791016,1.804218053817749,1.5582823753356934,2.729360342025757,3.322092056274414,1.4406216144561768,2.045817470550537,1.7600085735321045,1.8094999194145203,1.5673067569732666,2.7275192737579346,3.3043627738952637,1.4467334747314453
1.8925596740510728,0,2.043721055984497,1.7609806060791016,1.804218053817749,1.5582823753356934,2.729360342025757,3.322092056274414,1.4406216144561768,2.045817470550537,1.7600085735321045,1.8094999194145203,1.5673067569732666,2.7275192737579346,3.3043627738952637,1.4467334747314453
1.886551022529602,2.052219367027283,2.043721055984497,1.7609806060791016,1.804218053817749,1.5582823753356934,2.729360342025757,3.322092056274414,1.4406216144561768,2.052219367027283,1.7503209114074707,1.8162287175655365,1.588861346244812,2.733574151992798,3.291736602783203,1.4547662734985352
1.8673797845840454,0,2.043721055984497,1.7609806060791016,1.804218053817749,1.5582823753356934,2.729360342025757,3.322092056274414,1.4406216144561768,2.052219367027283,1.7503209114074707,1.8162287175655365,1.588861346244812,2.733574151992798,3.291736602783203,1.4547662734985352
1.8931678136189778,2.0456436395645143,2.043721055984497,1.7609806060791016,1.804218053817749,1.5582823753356934,2.729360342025757,3.322092056274414,1.4406216144561768,2.0456436395645143,1.7648489475250244,1.8087952733039856,1.5596389770507812,2.732467770576477,3.319091320037842,1.438794732093811
1.9143098725212946,0,2.043721055984497,1.7609806060791016,1.804218053817749,1.5582823753356934,2.729360342025757,3.322092056274414,1.4406216144561768,2.0456436395645143,1.7648489475250244,1.8087952733039856,1.5596389770507812,2.732467770576477,3.319091320037842,1.438794732093811
1.8786970774332683,2.0494656324386598,2.043721055984497,1.7609806060791016,1.804218053817749,1.5582823753356934,2.729360342025757,3.322092056274414,1.4406216144561768,2.0494656324386598,1.7583894729614258,1.8027540743350983,1.5652929544448853,2.7627559900283813,3.3965675830841064,1.3981337547302246
1.8662027385499742,0,2.043721055984497,1.7609806060791016,1.804218053817749,1.5582823753356934,2.729360342025757,3.322092056274414,1.4406216144561768,2.0494656324386598,1.7583894729614258,1.8027540743350983,1.5652929544448853,2.7627559900283813,3.3965675830841064,1.3981337547302246
1.8921592235565186,2.047471117973328,2.043721055984497,1.7609806060791016,1.804218053817749,1.5582823753356934,2.729360342025757,3.322092056274414,1.4406216144561768,2.047471117973328,1.75278639793396,1.8040468096733093,1.5654664039611816,2.7508366107940674,3.356525182723999,1.4174295663833618
1.88528753651513,0,2.043721055984497,1.7609806060791016,1.804218053817749,1.5582823753356934,2.729360342025757,3.322092056274414,1.4406216144561768,2.047471117973328,1.75278639793396,1.8040468096733093,1.5654664039611816,2.7508366107940674,3.356525182723999,1.4174295663833618
1.8744708829455905,2.050704097747803,2.043721055984497,1.7609806060791016,1.804218053817749,1.5582823753356934,2.729360342025757,3.322092056274414,1.4406216144561768,2.050704097747803,1.7487484216690063,1.8121682107448578,1.580238699913025,2.7412272691726685,3.3115172386169434,1.4420788288116455
1.8889554341634114,0,2.043721055984497,1.7609806060791016,1.804218053817749,1.5582823753356934,2.729360342025757,3.322092056274414,1.4406216144561768,2.050704097747803,1.7487484216690063,1.8121682107448578,1.580238699913025,2.7412272691726685,3.3115172386169434,1.4420788288116455
1.890522625711229,2.049739718437195,2.043721055984497,1.7609806060791016,1.804218053817749,1.5582823753356934,2.729360342025757,3.322092056274414,1.4406216144561768,2.049739718437195,1.7467608451843262,1.8061048090457916,1.57361900806427,2.7537741661071777,3.3502697944641113,1.4207704067230225
1.8679612477620442,0,2.043721055984497,1.7609806060791016,1.804218053817749,1.5582823753356934,2.729360342025757,3.322092056274414,1.4406216144561768,2.049739718437195,1.7467608451843262,1.8061048090457916,1.57361900806427,2.7537741661071777,3.3502697944641113,1.4207704067230225
1.9232917096879747,2.0477773666381838,2.043721055984497,1.7609806060791016,1.804218053817749,1.5582823753356934,2.729360342025757,3.322092056274414,1.4406216144561768,2.0477773666381838,1.75697922706604,1.8091796040534973,1.5646450519561768,2.7424917221069336,3.3268685340881348,1.432279109954834
1.8788886997434828,0,2.043721055984497,1.7609806060791016,1.804218053817749,1.5582823753356934,2.729360342025757,3.322092056274414,1.4406216144561768,2.0477773666381838,1.75697922706604,1.8091796040534973,1.5646450519561768,2.7424917221069336,3.3268685340881348,1.432279109954834
1.890376541349623,2.055341935157776,2.043721055984497,1.7609806060791016,1.804218053817749,1.5582823753356934,2.729360342025757,3.322092056274414,1.4406216144561768,2.055341935157776,1.7476781606674194,1.8188647031784058,1.592944622039795,2.74248206615448,3.2978062629699707,1.451122760772705
1.9024471176995172,0,2.043721055984497,1.7609806060791016,1.804218053817749,1.5582823753356934,2.729360342025757,3.322092056274414,1.4406216144561768,2.055341935157776,1.7476781606674194,1.8188647031784058,1.592944622039795,2.74248206615448,3.2978062629699707,1.451122760772705
1.8941097656885784,2.047920751571655,2.043721055984497,1.7609806060791016,1.804218053817749,1.5582823753356934,2.729360342025757,3.322092056274414,1.4406216144561768,2.047920751571655,1.7595741748809814,1.8028778433799744,1.561434030532837,2.757103204727173,3.383277416229248,1.4043891429901123
1.892518440882365,0,2.043721055984497,1.7609806060791016,1.804218053817749,1.5582823753356934,2.729360342025757,3.322092056274414,1.4406216144561768,2.047920751571655,1.7595741748809814,1.8028778433799744,1.561434030532837,2.757103204727173,3.383277416229248,1.4043891429901123
1.8892702923880682,2.046845531463623,2.043721055984497,1.7609806060791016,1.804218053817749,1.5582823753356934,2.729360342025757,3.322092056274414,1.4406216144561768,2.046845531463623,1.7566338777542114,1.805628389120102,1.5633918046951294,2.745601177215576,3.345348358154297,1.422999620437622
1.8930306964450412,0,2.043721055984497,1.7609806060791016,1.804218053817749,1.5582823753356934,2.729360342025757,3.322092056274414,1.4406216144561768,2.046845531463623,1.7566338777542114,1.805628389120102,1.5633918046951294,2.745601177215576,3.345348358154297,1.422999620437622
1.890032794740465,2.0471855878829954,2.043721055984497,1.7609806060791016,1.804218053817749,1.5582823753356934,2.729360342025757,3.322092056274414,1.4406216144561768,2.0471855878829954,1.752990961074829,1.8071053624153137,1.5700223445892334,2.740282416343689,3.3281476497650146,1.4323498010635376
1.895745423105028,0,2.043721055984497,1.7609806060791016,1.804218053817749,1.5582823753356934,2.729360342025757,3.322092056274414,1.4406216144561768,2.0471855878829954,1.752990961074829,1.8071053624153137,1.5700223445892334,2.740282416343689,3.3281476497650146,1.4323498010635376
1.8879954814910889,2.0462738513946532,2.043721055984497,1.7609806060791016,1.804218053817749,1.5582823753356934,2.729360342025757,3.322092056274414,1.4406216144561768,2.0462738513946532,1.7563767433166504,1.8065390586853027,1.5657649040222168,2.7386823892593384,3.3297269344329834,1.4318628311157227
1.8869471814897325,0,2.043721055984497,1.7609806060791016,1.804218053817749,1.5582823753356934,2.729360342025757,3.322092056274414,1.4406216144561768,2.0462738513946532,1.7563767433166504,1.8065390586853027,1.5657649040222168,2.7386823892593384,3.3297269344329834,1.4318628311157227
1.8833335373136733,2.0446316719055178,2.043721055984497,1.7609806060791016,1.804218053817749,1.5582823753356934,2.729360342025757,3.322092056274414,1.4406216144561768,2.0446316719055178,1.761291265487671,1.8070619702339172,1.562615156173706,2.7298444509506226,3.316638708114624,1.4395630359649658
1.883714583184984,0,2.043721055984497,1.7609806060791016,1.804218053817749,1.5582823753356934,2.729360342025757,3.322092056274414,1.4406216144561768,2.0446316719055178,1.761291265487671,1.8070619702339172,1.562615156173706,2.7298444509506226,3.316638708114624,1.4395630359649658
1.8937209579679701,2.050438928604126,2.043721055984497,1.7609806060791016,1.804218053817749,1.5582823753356934,2.729360342025757,3.322092056274414,1.4406216144561768,2.050438928604126,1.7486337423324585,1.8095157742500305,1.5766513347625732,2.749059796333313,3.333975315093994,1.4287899732589722
1.9064644310209486,0,2.043721055984497,1.7609806060791016,1.804218053817749,1.5582823753356934,2.729360342025757,3.322092056274414,1.4406216144561768,2.050438928604126,1.7486337423324585,1.8095157742500305,1.5766513347625732,2.749059796333313,3.333975315093994,1.4287899732589722
1.8789066076278687,2.0483967781066896,2.043721055984497,1.7609806060791016,1.804218053817749,1.5582823753356934,2.729360342025757,3.322092056274414,1.4406216144561768,2.0483967781066896,1.7549642324447632,1.8031607866287231,1.5657904148101807,2.757140874862671,3.3773574829101562,1.4069474935531616
1.8921024534437392,0,2.043721055984497,1.7609806060791016,1.804218053817749,1.5582823753356934,2.729360342025757,3.322092056274414,1.4406216144561768,2.0483967781066896,1.7549642324447632,1.8031607866287231,1.5657904148101807,2.757140874862671,3.3773574829101562,1.4069474935531616
1.8768053584628634,2.0472928285598755,2.043721055984497,1.7609806060791016,1.804218053817749,1.5582823753356934,2.729360342025757,3.322092056274414,1.4406216144561768,2.0472928285598755,1.752866268157959,1.8015671074390411,1.5676254034042358,2.752896547317505,3.372882604598999,1.4101793766021729
1.8874496089087591,0,2.043721055984497,1.7609806060791016,1.804218053817749,1.5582823753356934,2.729360342025757,3.322092056274414,1.4406216144561768,2.0472928285598755,1.752866268157959,1.8015671074390411,1.5676254034042358,2.752896547317505,3.372882604598999,1.4101793766021729
1.9038488732443914,2.046830677986145,2.043721055984497,1.7609806060791016,1.804218053817749,1.5582823753356934,2.729360342025757,3.322092056274414,1.4406216144561768,2.046830677986145,1.7534821033477783,1.8020275831222534,1.5650248527526855,2.7515244483947754,3.3669276237487793,1.4125975370407104
1.8843527370029025,0,2.043721055984497,1.7609806060791016,1.804218053817749,1.5582823753356934,2.729360342025757,3.322092056274414,1.4406216144561768,2.046830677986145,1.7534821033477783,1.8020275831222534,1.5650248527526855,2.7515244483947754,3.3669276237487793,1.4125975370407104
1.9060415029525757,2.0488979816436768,2.043721055984497,1.7609806060791016,1.804218053817749,1.5582823753356934,2.729360342025757,3.322092056274414,1.4406216144561768,2.0488979816436768,1.7450780868530273,1.7991636395454407,1.574986219406128,2.761599063873291,3.391685962677002,1.4012274742126465
1.8790130880143907,0,2.043721055984497,1.7609806060791016,1.804218053817749,1.5582823753356934,2.729360342025757,3.322092056274414,1.4406216144561768,2.0488979816436768,1.7450780868530273,1.7991636395454407,1.574986219406128,2.761599063873291,3.391685962677002,1.4012274742126465
1.8848418527179294,2.045729923248291,2.043721055984497,1.7609806060791016,1.804218053817749,1.5582823753356934,2.729360342025757,3.322092056274414,1.4406216144561768,2.045729923248291,1.7532448768615723,1.79798424243927,1.5654077529907227,2.752511143684387,3.3849828243255615,1.4049746990203857
1.8880001968807645,0,2.043721055984497,1.7609806060791016,1.804218053817749,1.5582823753356934,2.729360342025757,3.322092056274414,1.4406216144561768,2.045729923248291,1.7532448768615723,1.79798424243927,1.5654077529907227,2.752511143684387,3.3849828243255615,1.4049746990203857
1.8812361823187933,2.0472309827804565,2.043721055984497,1.7609806060791016,1.804218053817749,1.5582823753356934,2.729360342025757,3.322092056274414,1.4406216144561768,2.0472309827804565,1.7472584247589111,1.80509552359581,1.5739368200302124,2.742175579071045,3.3324227333068848,1.4306085109710693
1.895891096856859,0,2.043721055984497,1.7609806060791016,1.804218053817749,1.5582823753356934,2.729360342025757,3.322092056274414,1.4406216144561768,2.0472309827804565,1.7472584247589111,1.80509552359581,1.5739368200302124,2.742175579071045,3.3324227333068848,1.4306085109710693
1.8760674794514973,2.0472922563552856,2.043721055984497,1.7609806060791016,1.804218053817749,1.5582823753356934,2.729360342025757,3.322092056274414,1.4406216144561768,2.0472922563552856,1.7497564554214478,1.8079068660736084,1.5763847827911377,2.7345798015594482,3.313429832458496,1.4411604404449463
1.8924706512027316,0,2.043721055984497,1.7609806060791016,1.804218053817749,1.5582823753356934,2.729360342025757,3.322092056274414,1.4406216144561768,2.0472922563552856,1.7497564554214478,1.8079068660736084,1.5763847827911377,2.7345798015594482,3.313429832458496,1.4411604404449463
1.9008768267101712,2.0453022003173826,2.043721055984497,1.7609806060791016,1.804218053817749,1.5582823753356934,2.729360342025757,3.322092056274414,1.4406216144561768,2.0453022003173826,1.7527179718017578,1.8009774684906006,1.5658297538757324,2.744823694229126,3.3570032119750977,1.4183158874511719
1.9061610698699951,0,2.043721055984497,1.7609806060791016,1.804218053817749,1.5582823753356934,2.729360342025757,3.322092056274414,1.4406216144561768,2.0453022003173826,1.7527179718017578,1.8009774684906006,1.5658297538757324,2.744823694229126,3.3570032119750977,1.4183158874511719
1.8818682034810383,2.044679951667786,2.043721055984497,1.7609806060791016,1.804218053817749,1.5582823753356934,2.729360342025757,3.322092056274414,1.4406216144561768,2.044679951667786,1.7497789859771729,1.8009656071662903,1.5687816143035889,2.739810824394226,3.3440988063812256,1.4252175092697144
1.8826140032874212,0,2.043721055984497,1.7609806060791016,1.804218053817749,1.5582823753356934,2.729360342025757,3.322092056274414,1.4406216144561768,2.044679951667786,1.7497789859771729,1.8009656071662903,1.5687816143035889,2.739810824394226,3.3440988063812256,1.4252175092697144
1.8864575492011175,2.0465906620025636,2.043721055984497,1.7609806060791016,1.804218053817749,1.5582823753356934,2.729360342025757,3.322092056274414,1.4406216144561768,2.0465906620025636,1.74525785446167,1.7994422912597656,1.5721585750579834,2.7517017126083374,3.3683085441589355,1.4121334552764893
1.8858899407916598,0,2.043721055984497,1.7609806060791016,1.804218053817749,1.5582823753356934,2.729360342025757,3.322092056274414,1.4406216144561768,2.0465906620025636,1.74525785446167,1.7994422912597656,1.5721585750579834,2.7517017126083374,3.3683085441589355,1.4121334552764893
1.8920096688800387,2.0513103008270264,2.043721055984497,1.7609806060791016,1.804218053817749,1.5582823753356934,2.729360342025757,3.322092056274414,1.4406216144561768,2.0513103008270264,1.7444140911102295,1.8118669390678406,1.5877506732940674,2.740273118019104,3.309657335281372,1.443840503692627
1.8933003213670518,0,2.043721055984497,1.7609806060791016,1.804218053817749,1.5582823753356934,2.729360342025757,3.322092056274414,1.4406216144561768,2.0513103008270264,1.7444140911102295,1.8118669390678406,1.5877506732940674,2.740273118019104,3.309657335281372,1.443840503692627
1.8939729266696506,2.0488248586654665,2.043721055984497,1.7609806060791016,1.804218053817749,1.5582823753356934,2.729360342025757,3.322092056274414,1.4406216144561768,2.0488248586654665,1.7462939023971558,1.7987532019615173,1.5743598937988281,2.7623727321624756,3.3966803550720215,1.3987250328063965
1.8790538178549872,0,2.043721055984497,1.7609806060791016,1.804218053817749,1.5582823753356934,2.729360342025757,3.322092056274414,1.4406216144561768,2.0488248586654665,1.7462939023971558,1.7987532019615173,1.5743598937988281,2.7623727321624756,3.3966803550720215,1.3987250328063965
1.8709120485517714,2.046221375465393,2.043721055984497,1.7609806060791016,1.804218053817749,1.5582823753356934,2.729360342025757,3.322092056274414,1.4406216144561768,2.046221375465393,1.7520403861999512,1.8037072122097015,1.5665947198867798,2.7443963289260864,3.344639301300049,1.4236791133880615
1.9169580803977118,0,2.043721055984497,1.7609806060791016,1.804218053817749,1.5582823753356934,2.729360342025757,3.322092056274414,1.4406216144561768,2.046221375465393,1.7520403861999512,1.8037072122097015,1.5665947198867798,2.7443963289260864,3.344639301300049,1.4236791133880615
1.8692259788513184,2.045990777015686,2.043721055984497,1.7609806060791016,1.804218053817749,1.5582823753356934,2.729360342025757,3.322092056274414,1.4406216144561768,2.045990777015686,1.753675103187561,1.803074836730957,1.5650713443756104,2.7451246976852417,3.3503715991973877,1.4209580421447754
1.8722937636905246,0,2.043721055984497,1.7609806060791016,1.804218053817749,1.5582823753356934,2.729360342025757,3.322092056274414,1.4406216144561768,2.045990777015686,1.753675103187561,1.803074836730957,1.5650713443756104,2.7451246976852417,3.3503715991973877,1.4209580421447754
1.8722851276397705,2.046252393722534,2.043721055984497,1.7609806060791016,1.804218053817749,1.5582823753356934,2.729360342025757,3.322092056274414,1.4406216144561768,2.046252393722534,1.7456977367401123,1.8008106350898743,1.5717039108276367,2.747329592704773,3.35451602935791,1.419201135635376
1.8882434633043077,0,2.043721055984497,1.7609806060791016,1.804218053817749,1.5582823753356934,2.729360342025757,3.322092056274414,1.4406216144561768,2.046252393722534,1.7456977367401123,1.8008106350898743,1.5717039108276367,2.747329592704773,3.35451602935791,1.419201135635376
1.8974184725019667,2.043977880477905,2.043721055984497,1.7609806060791016,1.804218053817749,1.5582823753356934,2.729360342025757,3.322092056274414,1.4406216144561768,2.043977880477905,1.756150484085083,1.8024727702140808,1.562493085861206,2.736175775527954,3.337254524230957,1.428894281387329
1.9128714402516682,0,2.043721055984497,1.7609806060791016,1.804218053817749,1.5582823753356934,2.729360342025757,3.322092056274414,1.4406216144561768,2.043977880477905,1.756150484085083,1.8024727702140808,1.562493085861206,2.736175775527954,3.337254524230957,1.428894281387329
1.864265865749783,2.0472575664520263,2.043721055984497,1.7609806060791016,1.804218053817749,1.5582823753356934,2.729360342025757,3.322092056274414,1.4406216144561768,2.0472575664520263,1.7449500560760498,1.8044376373291016,1.5770339965820312,2.7415034770965576,3.33219051361084,1.4312968254089355
1.897392299440172,0,2.043721055984497,1.7609806060791016,1.804218053817749,1.5582823753356934,2.729360342025757,3.322092056274414,1.4406216144561768,2.0472575664520263,1.7449500560760498,1.8044376373291016,1.5770339965820312,2.7415034770965576,3.33219051361084,1.4312968254089355
1.9039204253090753,2.045121169090271,2.043721055984497,1.7609806060791016,1.804218053817749,1.5582823753356934,2.729360342025757,3.322092056274414,1.4406216144561768,2.045121169090271,1.7580498456954956,1.7987783551216125,1.5617079734802246,2.749178171157837,3.3810505867004395,1.407491683959961
1.8757083415985107,0,2.043721055984497,1.7609806060791016,1.804218053817749,1.5582823753356934,2.729360342025757,3.322092056274414,1.4406216144561768,2.045121169090271,1.7580498456954956,1.7987783551216125,1.5617079734802246,2.749178171157837,3.3810505867004395,1.407491683959961
1.8817085027694702,2.044515919685364,2.043721055984497,1.7609806060791016,1.804218053817749,1.5582823753356934,2.729360342025757,3.322092056274414,1.4406216144561768,2.044515919685364,1.754969596862793,1.8051545321941376,1.566355586051941,2.7315744161605835,3.3188254833221436,1.438105583190918
1.8971360524495442,0,2.043721055984497,1.7609806060791016,1.804218053817749,1.5582823753356934,2.729360342025757,3.322092056274414,1.4406216144561768,2.044515919685364,1.754969596862793,1.8051545321941376,1.566355586051941,2.7315744161605835,3.3188254833221436,1.438105583190918
1.893242809507582,2.052297592163086,2.043721055984497,1.7609806060791016,1.804218053817749,1.5582823753356934,2.729360342025757,3.322092056274414,1.4406216144561768,2.052297592163086,1.7506815195083618,1.8177173435688019,1.5928069353103638,2.7293165922164917,3.2819337844848633,1.4593663215637207
1.8888622257444594,0,2.043721055984497,1.7609806060791016,1.804218053817749,1.5582823753356934,2.729360342025757,3.322092056274414,1.4406216144561768,2.052297592163086,1.7506815195083618,1.8177173435688019,1.5928069353103638,2.7293165922164917,3.2819337844848633,1.4593663215637207
1.8858801126480103,2.047692155838013,2.043721055984497,1.7609806060791016,1.804218053817749,1.5582823753356934,2.729360342025757,3.322092056274414,1.4406216144561768,2.047692155838013,1.7418980598449707,1.8023505210876465,1.5783905982971191,2.7474987506866455,3.3477821350097656,1.4231746196746826
1.8857823875215318,0,2.043721055984497,1.7609806060791016,1.804218053817749,1.5582823753356934,2.729360342025757,3.322092056274414,1.4406216144561768,2.047692155838013,1.7418980598449707,1.8023505210876465,1.5783905982971191,2.7474987506866455,3.3477821350097656,1.4231746196746826
1.8843135436375935,2.0453168153762817,2.043721055984497,1.7609806060791016,1.804218053817749,1.5582823753356934,2.729360342025757,3.322092056274414,1.4406216144561768,2.0453168153762817,1.7493764162063599,1.8053640723228455,1.5743005275726318,2.7304822206497192,3.312561511993408,1.4419426918029785
1.880604969130622,0,2.043721055984497,1.7609806060791016,1.804218053817749,1.5582823753356934,2.729360342025757,3.322092056274414,1.4406216144561768,2.0453168153762817,1.7493764162063599,1.8053640723228455,1.5743005275726318,2.7304822206497192,3.312561511993408,1.4419426918029785
1.8926227225197687,2.044847297668457,2.043721055984497,1.7609806060791016,1.804218053817749,1.5582823753356934,2.729360342025757,3.322092056274414,1.4406216144561768,2.044847297668457,1.761523723602295,1.810819149017334,1.5702505111694336,2.7172372341156006,3.2844958305358887,1.4579877853393555
1.9055739243825276,0,2.043721055984497,1.7609806060791016,1.804218053817749,1.5582823753356934,2.729360342025757,3.322092056274414,1.4406216144561768,2.044847297668457,1.761523723602295,1.810819149017334,1.5702505111694336,2.7172372341156006,3.2844958305358887,1.4579877853393555
1.895410868856642,2.0494268417358397,2.043721055984497,1.7609806060791016,1.804218053817749,1.5582823753356934,2.729360342025757,3.322092056274414,1.4406216144561768,2.0494268417358397,1.7445447444915771,1.8093154430389404,1.58514404296875,2.7378411293029785,3.3126540184020996,1.441763162612915
1.907886849509345,0,2.043721055984497,1.7609806060791016,1.804218053817749,1.5582823753356934,2.729360342025757,3.322092056274414,1.4406216144561768,2.0494268417358397,1.7445447444915771,1.8093154430389404,1.58514404296875,2.7378411293029785,3.3126540184020996,1.441763162612915
1.8880131509568956,2.0454379320144653,2.043721055984497,1.7609806060791016,1.804218053817749,1.5582823753356934,2.729360342025757,3.322092056274414,1.4406216144561768,2.0454379320144653,1.7673975229263306,1.7992639541625977,1.558577060699463,2.7484538555145264,3.393224000930786,1.4043073654174805
1.889003528489007,0,2.043721055984497,1.7609806060791016,1.804218053817749,1.5582823753356934,2.729360342025757,3.322092056274414,1.4406216144561768,2.0454379320144653,1.7673975229263306,1.7992639541625977,1.558577060699463,2.7484538555145264,3.393224000930786,1.4043073654174805
1.87076731522878,2.0545360803604127,2.043721055984497,1.7609806060791016,1.804218053817749,1.5582823753356934,2.729360342025757,3.322092056274414,1.4406216144561768,2.0545360803604127,1.7526476383209229,1.8221417963504791,1.5976768732070923,2.728874683380127,3.2721543312072754,1.464606523513794
1.8835767242643568,0,2.043721055984497,1.7609806060791016,1.804218053817749,1.5582823753356934,2.729360342025757,3.322092056274414,1.4406216144561768,2.0545360803604127,1.7526476383209229,1.8221417963504791,1.5976768732070923,2.728874683380127,3.2721543312072754,1.464606523513794
1.8878643380271063,2.0469633102416993,2.043721055984497,1.7609806060791016,1.804218053817749,1.5582823753356934,2.729360342025757,3.322092056274414,1.4406216144561768,2.0469633102416993,1.7494900226593018,1.7976424098014832,1.56996750831604,2.7577699422836304,3.3939177989959717,1.3998191356658936
1.8868461317486234,0,2.043721055984497,1.7609806060791016,1.804218053817749,1.5582823753356934,2.729360342025757,3.322092056274414,1.4406216144561768,2.0469633102416993,1.7494900226593018,1.7976424098014832,1.56996750831604,2.7577699422836304,3.3939177989959717,1.3998191356658936
1.8803773323694866,2.0460295915603637,2.043721055984497,1.7609806060791016,1.804218053817749,1.5582823753356934,2.729360342025757,3.322092056274414,1.4406216144561768,2.0460295915603637,1.7517881393432617,1.807346135377884,1.5730124711990356,2.7319257259368896,3.3110556602478027,1.4414958953857422
1.8825355238384671,0,2.043721055984497,1.7609806060791016,1.804218053817749,1.5582823753356934,2.729360342025757,3.322092056274414,1.4406216144561768,2.0460295915603637,1.7517881393432617,1.807346135377884,1.5730124711990356,2.7319257259368896,3.3110556602478027,1.4414958953857422
1.8746737639109294,2.0437849521636964,2.043721055984497,1.7609806060791016,1.804218053817749,1.5582823753356934,2.729360342025757,3.322092056274414,1.4406216144561768,2.0437849521636964,1.7578403949737549,1.8035430908203125,1.5623009204864502,2.733660340309143,3.331130027770996,1.4314627647399902
1.8939972718556721,0,2.043721055984497,1.7609806060791016,1.804218053817749,1.5582823753356934,2.729360342025757,3.322092056274414,1.4406216144561768,2.0437849521636964,1.7578403949737549,1.8035430908203125,1.5623009204864502,2.733660340309143,3.331130027770996,1.4314627647399902
1.914717435836792,2.0559016466140747,2.043721055984497,1.7609806060791016,1.804218053817749,1.5582823753356934,2.729360342025757,3.322092056274414,1.4406216144561768,2.0559016466140747,1.7551300525665283,1.8253141045570374,1.6002347469329834,2.727950096130371,3.265138626098633,1.4682432413101196
1.8819318347507052,0,2.043721055984497,1.7609806060791016,1.804218053817749,1.5582823753356934,2.729360342025757,3.322092056274414,1.4406216144561768,2.0559016466140747,1.7551300525665283,1.8253141045570374,1.6002347469329834,2.727950096130371,3.265138626098633,1.4682432413101196
1.8901245594024658,2.046726441383362,2.043721055984497,1.7609806060791016,1.804218053817749,1.5582823753356934,2.729360342025757,3.322092056274414,1.4406216144561768,2.046726441383362,1.7471394538879395,1.800525963306427,1.5710177421569824,2.751446843147278,3.366086483001709,1.4125813245773315
1.8699313799540203,0,2.043721055984497,1.7609806060791016,1.804218053817749,1.5582823753356934,2.729360342025757,3.322092056274414,1.4406216144561768,2.046726441383362,1.7471394538879395,1.800525963306427,1.5710177421569824,2.751446843147278,3.366086483001709,1.4125813245773315
1.899295727411906,2.053239345550537,2.043721055984497,1.7609806060791016,1.804218053817749,1.5582823753356934,2.729360342025757,3.322092056274414,1.4406216144561768,2.053239345550537,1.7483783960342407,1.8176965117454529,1.5931572914123535,2.7353413105010986,3.2898106575012207,1.453978419303894
1.8875476386811998,0,2.043721055984497,1.7609806060791016,1.804218053817749,1.5582823753356934,2.729360342025757,3.322092056274414,1.4406216144561768,2.053239345550537,1.7483783960342407,1.8176965117454529,1.5931572914123535,2.7353413105010986,3.2898106575012207,1.453978419303894
1.8864163292778864,2.0429379463195803,2.0429379463195803,1.7560343742370605,1.8007628321647644,1.5612537860870361,2.735753059387207,3.3417773246765137,1.4258954524993896,2.0429379463195803,1.7560343742370605,1.8007628321647644,1.5612537860870361,2.735753059387207,3.3417773246765137,1.4258954524993896
1.8863584730360243,0,2.0429379463195803,1.7560343742370605,1.8007628321647644,1.5612537860870361,2.735753059387207,3.3417773246765137,1.4258954524993896,2.0429379463195803,1.7560343742370605,1.8007628321647644,1.5612537860870361,2.735753059387207,3.3417773246765137,1.4258954524993896
1.8869009017944336,2.0469370126724242,2.0429379463195803,1.7560343742370605,1.8007628321647644,1.5612537860870361,2.735753059387207,3.3417773246765137,1.4258954524993896,2.0469370126724242,1.7537091970443726,1.8103691935539246,1.5760843753814697,2.7288670539855957,3.299760103225708,1.447157382965088
1.8809499873055353,0,2.0429379463195803,1.7560343742370605,1.8007628321647644,1.5612537860870361,2.735753059387207,3.3417773246765137,1.4258954524993896,2.0469370126724242,1.7537091970443726,1.8103691935539246,1.5760843753814697,2.7288670539855957,3.299760103225708,1.447157382965088
1.8855467902289496,2.046947550773621,2.0429379463195803,1.7560343742370605,1.8007628321647644,1.5612537860870361,2.735753059387207,3.3417773246765137,1.4258954524993896,2.046947550773621,1.7445915937423706,1.8017085194587708,1.574033498764038,2.7489593029022217,3.3543012142181396,1.418194055557251
1.8578167491488986,0,2.0429379463195803,1.7560343742370605,1.8007628321647644,1.5612537860870361,2.735753059387207,3.3417773246765137,1.4258954524993896,2.046947550773621,1.7445915937423706,1.8017085194587708,1.574033498764038,2.7489593029022217,3.3543012142181396,1.418194055557251
1.9009679423438177,2.047469162940979,2.0429379463195803,1.7560343742370605,1.8007628321647644,1.5612537860870361,2.735753059387207,3.3417773246765137,1.4258954524993896,2.047469162940979,1.7470325231552124,1.805791974067688,1.5751292705535889,2.742661476135254,3.3313493728637695,1.429861068725586
1.888087272644043,0,2.0429379463195803,1.7560343742370605,1.8007628321647644,1.5612537860870361,2.735753059387207,3.3417773246765137,1.4258954524993896,2.047469162940979,1.7470325231552124,1.805791974067688,1.5751292705535889,2.742661476135254,3.3313493728637695,1.429861068725586
1.892800556288825,2.0452842712402344,2.0429379463195803,1.7560343742370605,1.8007628321647644,1.5612537860870361,2.735753059387207,3.3417773246765137,1.4258954524993896,2.0452842712402344,1.752523422241211,1.8056932091712952,1.5689773559570312,2.734636425971985,3.320524215698242,1.43564772605896
1.8866587082544963,0,2.0429379463195803,1.7560343742370605,1.8007628321647644,1.5612537860870361,2.735753059387207,3.3417773246765137,1.4258954524993896,2.0452842712402344,1.752523422241211,1.8056932091712952,1.5689773559570312,2.734636425971985,3.320524215698242,1.43564772605896
1.8647863335079617,2.046523928642273,2.0429379463195803,1.7560343742370605,1.8007628321647644,1.5612537860870361,2.735753059387207,3.3417773246765137,1.4258954524993896,2.046523928642273,1.7510682344436646,1.8065487742424011,1.571457862854004,2.738309144973755,3.3240175247192383,1.4334752559661865
1.8860396146774292,0,2.0429379463195803,1.7560343742370605,1.8007628321647644,1.5612537860870361,2.735753059387207,3.3417773246765137,1.4258954524993896,2.046523928642273,1.7510682344436646,1.8065487742424011,1.571457862854004,2.738309144973755,3.3240175247192383,1.4334752559661865
1.8697463671366374,2.046422338485718,2.0429379463195803,1.7560343742370605,1.8007628321647644,1.5612537860870361,2.735753059387207,3.3417773246765137,1.4258954524993896,2.046422338485718,1.7479878664016724,1.8011775314807892,1.569804310798645,2.7496989965438843,3.3604679107666016,1.414921522140503
1.8970024320814345,0,2.0429379463195803,1.7560343742370605,1.8007628321647644,1.5612537860870361,2.735753059387207,3.3417773246765137,1.4258954524993896,2.046422338485718,1.7479878664016724,1.8011775314807892,1.569804310798645,2.7496989965438843,3.3604679107666016,1.414921522140503
1.8978584342532687,2.0502228021621702,2.0429379463195803,1.7560343742370605,1.8007628321647644,1.5612537860870361,2.735753059387207,3.3417773246765137,1.4258954524993896,2.0502228021621702,1.7524992227554321,1.8150526285171509,1.5836005210876465,2.7319284677505493,3.292245388031006,1.4511573314666748
1.8736211326387193,0,2.0429379463195803,1.7560343742370605,1.8007628321647644,1.5612537860870361,2.735753059387207,3.3417773246765137,1.4258954524993896,2.0502228021621702,1.7524992227554321,1.8150526285171509,1.5836005210876465,2.7319284677505493,3.292245388031006,1.4511573314666748
1.8887019554773967,2.046844506263733,2.0429379463195803,1.7560343742370605,1.8007628321647644,1.5612537860870361,2.735753059387207,3.3417773246765137,1.4258954524993896,2.046844506263733,1.752252221107483,1.8084618747234344,1.5738478899002075,2.7342190742492676,3.3129429817199707,1.439684271812439
1.8756772809558444,0,2.0429379463195803,1.7560343742370605,1.8007628321647644,1.5612537860870361,2.735753059387207,3.3417773246765137,1.4258954524993896,2.046844506263733,1.752252221107483,1.8084618747234344,1.5738478899002075,2.7342190742492676,3.3129429817199707,1.439684271812439
1.8835689491695828,2.0451938629150392,2.0429379463195803,1.7560343742370605,1.8007628321647644,1.5612537860870361,2.735753059387207,3.3417773246765137,1.4258954524993896,2.0451938629150392,1.7568562030792236,1.8064744472503662,1.566209316253662,2.7336922883987427,3.32140851020813,1.4355192184448242
1.8791660202874079,0,2.0429379463195803,1.7560343742370605,1.8007628321647644,1.5612537860870361,2.735753059387207,3.3417773246765137,1.4258954524993896,2.0451938629150392,1.7568562030792236,1.8064744472503662,1.566209316253662,2.7336922883987427,3.32140851020813,1.4355192184448242
1.8872039053175185,2.046456742286682,2.0429379463195803,1.7560343742370605,1.8007628321647644,1.5612537860870361,2.735753059387207,3.3417773246765137,1.4258954524993896,2.046456742286682,1.7467024326324463,1.8014170825481415,1.5717462301254272,2.7479636669158936,3.355410099029541,1.41790771484375
1.8723199102613661,0,2.0429379463195803,1.7560343742370605,1.8007628321647644,1.5612537860870361,2.735753059387207,3.3417773246765137,1.4258954524993896,2.046456742286682,1.7467024326324463,1.8014170825481415,1.5717462301254272,2.7479636669158936,3.355410099029541,1.41790771484375
1.8730097081926134,2.0462084770202638,2.0429379463195803,1.7560343742370605,1.8007628321647644,1.5612537860870361,2.735753059387207,3.3417773246765137,1.4258954524993896,2.0462084770202638,1.7561324834823608,1.8093644976615906,1.5707054138183594,2.7303638458251953,3.3062400817871094,1.4434767961502075
1.8880138794581096,0,2.0429379463195803,1.7560343742370605,1.8007628321647644,1.5612537860870361,2.735753059387207,3.3417773246765137,1.4258954524993896,2.0462084770202638,1.7561324834823608,1.8093644976615906,1.5707054138183594,2.7303638458251953,3.3062400817871094,1.4434767961502075
1.8770010073979695,2.045894908905029,2.0429379463195803,1.7560343742370605,1.8007628321647644,1.5612537860870361,2.735753059387207,3.3417773246765137,1.4258954524993896,2.045894908905029,1.7537838220596313,1.8016753792762756,1.564833164215088,2.748224973678589,3.362149238586426,1.4144076108932495
1.8808045784632366,0,2.0429379463195803,1.7560343742370605,1.8007628321647644,1.5612537860870361,2.735753059387207,3.3417773246765137,1.4258954524993896,2.045894908905029,1.7537838220596313,1.8016753792762756,1.564833164215088,2.748224973678589,3.362149238586426,1.4144076108932495
1.8910979429880779,2.0488410234451293,2.0429379463195803,1.7560343742370605,1.8007628321647644,1.5612537860870361,2.735753059387207,3.3417773246765137,1.4258954524993896,2.0488410234451293,1.7491732835769653,1.8100916147232056,1.5782678127288818,2.7387783527374268,3.3138046264648438,1.4392073154449463
1.8779125610987346,0,2.0429379463195803,1.7560343742370605,1.8007628321647644,1.5612537860870361,2.735753059387207,3.3417773246765137,1.4258954524993896,2.0488410234451293,1.7491732835769653,1.8100916147232056,1.5782678127288818,2.7387783527374268,3.3138046264648438,1.4392073154449463
1.8857096698549058,2.047080945968628,2.0429379463195803,1.7560343742370605,1.8007628321647644,1.5612537860870361,2.735753059387207,3.3417773246765137,1.4258954524993896,2.047080945968628,1.7510948181152344,1.8078343272209167,1.5725555419921875,2.7376766204833984,3.318761110305786,1.436401128768921
1.877911647160848,0,2.0429379463195803,1.7560343742370605,1.8007628321647644,1.5612537860870361,2.735753059387207,3.3417773246765137,1.4258954524993896,2.047080945968628,1.7510948181152344,1.8078343272209167,1.5725555419921875,2.7376766204833984,3.318761110305786,1.436401128768921
1.8742998838424683,2.0462231159210207,2.0429379463195803,1.7560343742370605,1.8007628321647644,1.5612537860870361,2.735753059387207,3.3417773246765137,1.4258954524993896,2.0462231159210207,1.7490620613098145,1.8036396503448486,1.570955753326416,2.7427533864974976,3.3400280475616455,1.425590991973877
1.8888440529505413,0,2.0429379463195803,1.7560343742370605,1.8007628321647644,1.5612537860870361,2.735753059387207,3.3417773246765137,1.4258954524993896,2.0462231159210207,1.7490620613098145,1.8036396503448486,1.570955753326416,2.7427533864974976,3.3400280475616455,1.425590991973877
1.87436576684316,2.0470223426818848,2.0429379463195803,1.7560343742370605,1.8007628321647644,1.5612537860870361,2.735753059387207,3.3417773246765137,1.4258954524993896,2.0470223426818848,1.7488772869110107,1.8053588271141052,1.5729928016662598,2.7423137426376343,3.333939552307129,1.4286141395568848
1.881680965423584,0,2.0429379463195803,1.7560343742370605,1.8007628321647644,1.5612537860870361,2.735753059387207,3.3417773246765137,1.4258954524993896,2.0470223426818848,1.7488772869110107,1.8053588271141052,1.5729928016662598,2.7423137426376343,3.333939552307129,1.4286141395568848
1.8831308152940538,2.0479087352752687,2.0429379463195803,1.7560343742370605,1.8007628321647644,1.5612537860870361,2.735753059387207,3.3417773246765137,1.4258954524993896,2.0479087352752687,1.745030164718628,1.8056584596633911,1.577923059463501,2.743121027946472,3.3315916061401367,1.4303483963012695
1.8923560248480902,0,2.0429379463195803,1.7560343742370605,1.8007628321647644,1.5612537860870361,2.735753059387207,3.3417773246765137,1.4258954524993896,2.0479087352752687,1.745030164718628,1.8056584596633911,1.577923059463501,2.743121027946472,3.3315916061401367,1.4303483963012695
1.8698203696144953,2.0452785015106203,2.0429379463195803,1.7560343742370605,1.8007628321647644,1.5612537860870361,2.735753059387207,3.3417773246765137,1.4258954524993896,2.0452785015106203,1.753767490386963,1.8052429556846619,1.5673835277557373,2.7362359762191772,3.32641863822937,1.432769536972046
1.886188202434116,0,2.0429379463195803,1.7560343742370605,1.8007628321647644,1.5612537860870361,2.735753059387207,3.3417773246765137,1.4258954524993896,2.0452785015106203,1.753767490386963,1.8052429556846619,1.5673835277557373,2.7362359762191772,3.32641863822937,1.432769536972046
1.8800733221901789,2.0456106185913088,2.0429379463195803,1.7560343742370605,1.8007628321647644,1.5612537860870361,2.735753059387207,3.3417773246765137,1.4258954524993896,2.0456106185913088,1.7519326210021973,1.8048112392425537,1.5691874027252197,2.7378588914871216,3.3295254707336426,1.4312152862548828
1.8871448040008545,0,2.0429379463195803,1.7560343742370605,1.8007628321647644,1.5612537860870361,2.735753059387207,3.3417773246765137,1.4258954524993896,2.0456106185913088,1.7519326210021973,1.8048112392425537,1.5691874027252197,2.7378588914871216,3.3295254707336426,1.4312152862548828
1.881032453642951,2.046546220779419,2.0429379463195803,1.7560343742370605,1.8007628321647644,1.5612537860870361,2.735753059387207,3.3417773246765137,1.4258954524993896,2.046546220779419,1.7489070892333984,1.8054211139678955,1.57340669631958,2.73917019367218,3.3278768062591553,1.4320769309997559
1.870440853966607,0,2.0429379463195803,1.7560343742370605,1.8007628321647644,1.5612537860870361,2.735753059387207,3.3417773246765137,1.4258954524993896,2.046546220779419,1.7489070892333984,1.8054211139678955,1.57340669631958,2.73917019367218,3.3278768062591553,1.4320769309997559
1.8784197039074368,2.0468222379684446,2.0429379463195803,1.7560343742370605,1.8007628321647644,1.5612537860870361,2.735753059387207,3.3417773246765137,1.4258954524993896,2.0468222379684446,1.7482744455337524,1.8051587641239166,1.5734776258468628,2.741292715072632,3.331976890563965,1.4297736883163452
1.885871132214864,0,2.0429379463195803,1.7560343742370605,1.8007628321647644,1.5612537860870361,2.735753059387207,3.3417773246765137,1.4258954524993896,2.0468222379684446,1.7482744455337524,1.8051587641239166,1.5734776258468628,2.741292715072632,3.331976890563965,1.4297736883163452
1.8747907876968384,2.0485859870910645,2.0429379463195803,1.7560343742370605,1.8007628321647644,1.5612537860870361,2.735753059387207,3.3417773246765137,1.4258954524993896,2.0485859870910645,1.7483181953430176,1.8098384141921997,1.5805096626281738,2.736154794692993,3.3101019859313965,1.4417924880981445
1.8734669552909002,0,2.0429379463195803,1.7560343742370605,1.8007628321647644,1.5612537860870361,2.735753059387207,3.3417773246765137,1.4258954524993896,2.0485859870910645,1.7483181953430176,1.8098384141921997,1.5805096626281738,2.736154794692993,3.3101019859313965,1.4417924880981445
1.8718419869740803,2.0457961320877076,2.0429379463195803,1.7560343742370605,1.8007628321647644,1.5612537860870361,2.735753059387207,3.3417773246765137,1.4258954524993896,2.0457961320877076,1.7496625185012817,1.8022230565547943,1.5686639547348022,2.744705319404602,3.3485074043273926,1.4212435483932495
1.8751228782865736,0,2.0429379463195803,1.7560343742370605,1.8007628321647644,1.5612537860870361,2.735753059387207,3.3417773246765137,1.4258954524993896,2.0457961320877076,1.7496625185012817,1.8022230565547943,1.5686639547348022,2.744705319404602,3.3485074043273926,1.4212435483932495
1.8719975418514676,2.04620521068573,2.0429379463195803,1.7560343742370605,1.8007628321647644,1.5612537860870361,2.735753059387207,3.3417773246765137,1.4258954524993896,2.04620521068573,1.753237009048462,1.8079184889793396,1.5719873905181885,2.7328760623931885,3.312539577484131,1.4400495290756226
1.8900544510947332,0,2.0429379463195803,1.7560343742370605,1.8007628321647644,1.5612537860870361,2.735753059387207,3.3417773246765137,1.4258954524993896,2.04620521068573,1.753237009048462,1.8079184889793396,1.5719873905181885,2.7328760623931885,3.312539577484131,1.4400495290756226
1.8796959850523207,2.0446972131729124,2.0429379463195803,1.7560343742370605,1.8007628321647644,1.5612537860870361,2.735753059387207,3.3417773246765137,1.4258954524993896,2.0446972131729124,1.7501935958862305,1.8011574149131775,1.5676908493041992,2.7413939237594604,3.346236228942871,1.4228137731552124
1.8781780401865642,0,2.0429379463195803,1.7560343742370605,1.8007628321647644,1.5612537860870361,2.735753059387207,3.3417773246765137,1.4258954524993896,2.0446972131729124,1.7501935958862305,1.8011574149131775,1.5676908493041992,2.7413939237594604,3.346236228942871,1.4228137731552124
1.872113757663303,2.04694664478302,2.0429379463195803,1.7560343742370605,1.8007628321647644,1.5612537860870361,2.735753059387207,3.3417773246765137,1.4258954524993896,2.04694664478302,1.7466810941696167,1.805118978023529,1.5758066177368164,2.7404249906539917,3.329542875289917,1.4313955307006836
1.8718971676296658,0,2.0429379463195803,1.7560343742370605,1.8007628321647644,1.5612537860870361,2.735753059387207,3.3417773246765137,1.4258954524993896,2.04694664478302,1.7466810941696167,1.805118978023529,1.5758066177368164,2.7404249906539917,3.329542875289917,1.4313955307006836
1.8843079275555081,2.0450438976287844,2.0429379463195803,1.7560343742370605,1.8007628321647644,1.5612537860870361,2.735753059387207,3.3417773246765137,1.4258954524993896,2.0450438976287844,1.7519490718841553,1.804628849029541,1.5693609714508057,2.7350624799728394,3.324868679046631,1.4337844848632812
1.8797535763846502,0,2.0429379463195803,1.7560343742370605,1.8007628321647644,1.5612537860870361,2.735753059387207,3.3417773246765137,1.4258954524993896,2.0450438976287844,1.7519490718841553,1.804628849029541,1.5693609714508057,2.7350624799728394,3.324868679046631,1.4337844848632812
1.8958291212717693,2.04562451839447,2.0429379463195803,1.7560343742370605,1.8007628321647644,1.5612537860870361,2.735753059387207,3.3417773246765137,1.4258954524993896,2.04562451839447,1.7478430271148682,1.801236867904663,1.570368766784668,2.744731068611145,3.350569486618042,1.420448660850525
1.879531462987264,0,2.0429379463195803,1.7560343742370605,1.8007628321647644,1.5612537860870361,2.735753059387207,3.3417773246765137,1.4258954524993896,2.04562451839447,1.7478430271148682,1.801236867904663,1.570368766784668,2.744731068611145,3.350569486618042,1.420448660850525
1.8845953146616619,2.0463257789611817,2.0429379463195803,1.7560343742370605,1.8007628321647644,1.5612537860870361,2.735753059387207,3.3417773246765137,1.4258954524993896,2.0463257789611817,1.7473267316818237,1.803748995065689,1.5735100507736206,2.741461992263794,3.3360915184020996,1.427868127822876
1.8928083313835993,0,2.0429379463195803,1.7560343742370605,1.8007628321647644,1.5612537860870361,2.735753059387207,3.3417773246765137,1.4258954524993896,2.0463257789611817,1.7473267316818237,1.803748995065689,1.5735100507736206,2.741461992263794,3.3360915184020996,1.427868127822876
1.8794801367653742,2.0461921453475953,2.0429379463195803,1.7560343742370605,1.8007628321647644,1.5612537860870361,2.735753059387207,3.3417773246765137,1.4258954524993896,2.0461921453475953,1.7481471300125122,1.8042551279067993,1.5734684467315674,2.7396801710128784,3.3321025371551514,1.4299848079681396
1.8783405489391751,0,2.0429379463195803,1.7560343742370605,1.8007628321647644,1.5612537860870361,2.735753059387207,3.3417773246765137,1.4258954524993896,2.0461921453475953,1.7481471300125122,1.8042551279067993,1.5734684467315674,2.7396801710128784,3.3321025371551514,1.4299848079681396
1.8710238403744168,2.0453763723373415,2.0429379463195803,1.7560343742370605,1.8007628321647644,1.5612537860870361,2.735753059387207,3.3417773246765137,1.4258954524993896,2.0453763723373415,1.7507197856903076,1.8038250207901,1.5700604915618896,2.7383720874786377,3.33294415473938,1.4293574094772339
1.8706166214413114,0,2.0429379463195803,1.7560343742370605,1.8007628321647644,1.5612537860870361,2.735753059387207,3.3417773246765137,1.4258954524993896,2.0453763723373415,1.7507197856903076,1.8038250207901,1.5700604915618896,2.7383720874786377,3.33294415473938,1.4293574094772339
1.9010007778803508,2.046986222267151,2.0429379463195803,1.7560343742370605,1.8007628321647644,1.5612537860870361,2.735753059387207,3.3417773246765137,1.4258954524993896,2.046986222267151,1.753046989440918,1.8094499111175537,1.575395107269287,2.7316536903381348,3.3069968223571777,1.4431816339492798
1.8700106938680012,0,2.0429379463195803,1.7560343742370605,1.8007628321647644,1.5612537860870361,2.735753059387207,3.3417773246765137,1.4258954524993896,2.046986222267151,1.753046989440918,1.8094499111175537,1.575395107269287,2.7316536903381348,3.3069968223571777,1.4431816339492798
1.8697951634724934,2.0452579736709593,2.0429379463195803,1.7560343742370605,1.8007628321647644,1.5612537860870361,2.735753059387207,3.3417773246765137,1.4258954524993896,2.0452579736709593,1.7506046295166016,1.8022962808609009,1.5686445236206055,2.7416255474090576,3.3439197540283203,1.423789620399475
1.8916249805026584,0,2.0429379463195803,1.7560343742370605,1.8007628321647644,1.5612537860870361,2.735753059387207,3.3417773246765137,1.4258954524993896,2.0452579736709593,1.7506046295166016,1.8022962808609009,1.5686445236206055,2.7416255474090576,3.3439197540283203,1.423789620399475
1.8689460489485,2.045396637916565,2.0429379463195803,1.7560343742370605,1.8007628321647644,1.5612537860870361,2.735753059387207,3.3417773246765137,1.4258954524993896,2.045396637916565,1.7487322092056274,1.8025026321411133,1.5713262557983398,2.7401925325393677,3.339165210723877,1.426539659500122
1.8869123856226604,0,2.0429379463195803,1.7560343742370605,1.8007628321647644,1.5612537860870361,2.735753059387207,3.3417773246765137,1.4258954524993896,2.045396637916565,1.7487322092056274,1.8025026321411133,1.5713262557983398,2.7401925325393677,3.339165210723877,1.426539659500122
1.886871165699429,2.045025134086609,2.0429379463195803,1.7560343742370605,1.8007628321647644,1.5612537860870361,2.735753059387207,3.3417773246765137,1.4258954524993896,2.045025134086609,1.7503951787948608,1.8037672638893127,1.570953369140625,2.735753059387207,3.3281807899475098,1.4322710037231445
1.8743841383192275,0,2.0429379463195803,1.7560343742370605,1.8007628321647644,1.5612537860870361,2.735753059387207,3.3417773246765137,1.4258954524993896,2.045025134086609,1.7503951787948608,1.8037672638893127,1.570953369140625,2.735753059387207,3.3281807899475098,1.4322710037231445
1.8822341097725763,2.045522356033325,2.0429379463195803,1.7560343742370605,1.8007628321647644,1.5612537860870361,2.735753059387207,3.3417773246765137,1.4258954524993896,2.045522356033325,1.7490801811218262,1.8038175702095032,1.5724005699157715,2.7375385761260986,3.3303678035736084,1.431053876876831
1.8865882290734186,0,2.0429379463195803,1.7560343742370605,1.8007628321647644,1.5612537860870361,2.735753059387207,3.3417773246765137,1.4258954524993896,2.045522356033325,1.7490801811218262,1.8038175702095032,1.5724005699157715,2.7375385761260986,3.3303678035736084,1.431053876876831
1.8854895167880588,2.0460946798324584,2.0429379463195803,1.7560343742370605,1.8007628321647644,1.5612537860870361,2.735753059387207,3.3417773246765137,1.4258954524993896,2.0460946798324584,1.7499700784683228,1.8062385320663452,1.5747358798980713,2.734010696411133,3.3177433013916016,1.4377460479736328
1.886196706030104,0,2.0429379463195803,1.7560343742370605,1.8007628321647644,1.5612537860870361,2.735753059387207,3.3417773246765137,1.4258954524993896,2.0460946798324584,1.7499700784683228,1.8062385320663452,1.5747358798980713,2.734010696411133,3.3177433013916016,1.4377460479736328
1.874145918422275,2.0448252677917482,2.0429379463195803,1.7560343742370605,1.8007628321647644,1.5612537860870361,2.735753059387207,3.3417773246765137,1.4258954524993896,2.0448252677917482,1.750834584236145,1.8032678067684174,1.5699609518051147,2.7363288402557373,3.33121657371521,1.4306731224060059
1.8778238826327853,0,2.0429379463195803,1.7560343742370605,1.8007628321647644,1.5612537860870361,2.735753059387207,3.3417773246765137,1.4258954524993896,2.0448252677917482,1.750834584236145,1.8032678067684174,1.5699609518051147,2.7363288402557373,3.33121657371521,1.4306731224060059
1.881932086414761,2.0457908153533935,2.0429379463195803,1.7560343742370605,1.8007628321647644,1.5612537860870361,2.735753059387207,3.3417773246765137,1.4258954524993896,2.0457908153533935,1.747797966003418,1.8030665516853333,1.5729689598083496,2.740268349647522,3.3368353843688965,1.4276504516601562
1.8709485530853271,0,2.0429379463195803,1.7560343742370605,1.8007628321647644,1.5612537860870361,2.735753059387207,3.3417773246765137,1.4258954524993896,2.0457908153533935,1.747797966003418,1.8030665516853333,1.5729689598083496,2.740268349647522,3.3368353843688965,1.4276504516601562
1.860484970940484,2.0459964275360107,2.0429379463195803,1.7560343742370605,1.8007628321647644,1.5612537860870361,2.735753059387207,3.3417773246765137,1.4258954524993896,2.0459964275360107,1.7493623495101929,1.8054201006889343,1.5744996070861816,2.735443592071533,3.3224310874938965,1.4352329969406128
1.8752734528647528,0,2.0429379463195803,1.7560343742370605,1.8007628321647644,1.5612537860870361,2.735753059387207,3.3417773246765137,1.4258954524993896,2.0459964275360107,1.7493623495101929,1.8054201006889343,1.5744996070861816,2.735443592071533,3.3224310874938965,1.4352329969406128
1.8682078123092651,2.045488882064819,2.0429379463195803,1.7560343742370605,1.8007628321647644,1.5612537860870361,2.735753059387207,3.3417773246765137,1.4258954524993896,2.045488882064819,1.7512521743774414,1.8055389523506165,1.5725312232971191,2.733570098876953,3.3200199604034424,1.4365208148956299
1.8829300006230671,0,2.0429379463195803,1.7560343742370605,1.8007628321647644,1.5612537860870361,2.735753059387207,3.3417773246765137,1.4258954524993896,2.045488882064819,1.7512521743774414,1.8055389523506165,1.5725312232971191,2.733570098876953,3.3200199604034424,1.4365208148956299
1.8731611039903429,2.045828914642334,2.0429379463195803,1.7560343742370605,1.8007628321647644,1.5612537860870361,2.735753059387207,3.3417773246765137,1.4258954524993896,2.045828914642334,1.7501277923583984,1.805239498615265,1.5733473300933838,2.7357581853866577,3.3241612911224365,1.4341530799865723
1.881589651107788,0,2.0429379463195803,1.7560343742370605,1.8007628321647644,1.5612537860870361,2.735753059387207,3.3417773246765137,1.4258954524993896,2.045828914642334,1.7501277923583984,1.805239498615265,1.5733473300933838,2.7357581853866577,3.3241612911224365,1.4341530799865723
1.875814848475986,2.0456164121627807,2.0429379463195803,1.7560343742370605,1.8007628321647644,1.5612537860870361,2.735753059387207,3.3417773246765137,1.4258954524993896,2.0456164121627807,1.749436378479004,1.8039442300796509,1.5724711418151855,2.737722873687744,3.331012725830078,1.430728793144226
1.8760872814390395,0,2.0429379463195803,1.7560343742370605,1.8007628321647644,1.5612537860870361,2.735753059387207,3.3417773246765137,1.4258954524993896,2.0456164121627807,1.749436378479004,1.8039442300796509,1.5724711418151855,2.737722873687744,3.331012725830078,1.430728793144226
1.871216098467509,2.045633888244629,2.0429379463195803,1.7560343742370605,1.8007628321647644,1.5612537860870361,2.735753059387207,3.3417773246765137,1.4258954524993896,2.045633888244629,1.7504299879074097,1.804843783378601,1.5724380016326904,2.736065149307251,3.3260531425476074,1.4331711530685425
1.8778077628877428,0,2.0429379463195803,1.7560343742370605,1.8007628321647644,1.5612537860870361,2.735753059387207,3.3417773246765137,1.4258954524993896,2.045633888244629,1.7504299879074097,1.804843783378601,1.5724380016326904,2.736065149307251,3.3260531425476074,1.4331711530685425
1.878458513153924,2.0450478315353395,2.0429379463195803,1.7560343742370605,1.8007628321647644,1.5612537860870361,2.735753059387207,3.3417773246765137,1.4258954524993896,2.0450478315353395,1.7501771450042725,1.8029376566410065,1.5705591440200806,2.7379528284072876,3.335068464279175,1.4285972118377686
1.892880956331889,0,2.0429379463195803,1.7560343742370605,1.8007628321647644,1.5612537860870361,2.735753059387207,3.3417773246765137,1.4258954524993896,2.0450478315353395,1.7501771450042725,1.8029376566410065,1.5705591440200806,2.7379528284072876,3.335068464279175,1.4285972118377686
1.8949431710773044,2.045338249206543,2.0429379463195803,1.7560343742370605,1.8007628321647644,1.5612537860870361,2.735753059387207,3.3417773246765137,1.4258954524993896,2.045338249206543,1.7485827207565308,1.8024414479732513,1.57168447971344,2.7399094104766846,3.3389029502868652,1.426605224609375
1.897561338212755,0,2.0429379463195803,1.7560343742370605,1.8007628321647644,1.5612537860870361,2.735753059387207,3.3417773246765137,1.4258954524993896,2.045338249206543,1.7485827207565308,1.8024414479732513,1.57168447971344,2.7399094104766846,3.3389029502868652,1.426605224609375
1.897583630349901,2.0453762292861937,2.0429379463195803,1.7560343742370605,1.8007628321647644,1.5612537860870361,2.735753059387207,3.3417773246765137,1.4258954524993896,2.0453762292861937,1.7480283975601196,1.8024917244911194,1.5727181434631348,2.7392492294311523,3.337306499481201,1.4276361465454102
1.8800435596042209,0,2.0429379463195803,1.7560343742370605,1.8007628321647644,1.5612537860870361,2.735753059387207,3.3417773246765137,1.4258954524993896,2.0453762292861937,1.7480283975601196,1.8024917244911194,1.5727181434631348,2.7392492294311523,3.337306499481201,1.4276361465454102
1.8759353425767686,2.0453373432159423,2.0429379463195803,1.7560343742370605,1.8007628321647644,1.5612537860870361,2.735753059387207,3.3417773246765137,1.4258954524993896,2.0453373432159423,1.747844934463501,1.8022390305995941,1.5725244283676147,2.7397494316101074,3.338757038116455,1.4268184900283813
1.8746371401680841,0,2.0429379463195803,1.7560343742370605,1.8007628321647644,1.5612537860870361,2.735753059387207,3.3417773246765137,1.4258954524993896,2.0453373432159423,1.747844934463501,1.8022390305995941,1.5725244283676147,2.7397494316101074,3.338757038116455,1.4268184900283813
1.886417826016744,2.0460564613342287,2.0429379463195803,1.7560343742370605,1.8007628321647644,1.5612537860870361,2.735753059387207,3.3417773246765137,1.4258954524993896,2.0460564613342287,1.747819423675537,1.8047116994857788,1.5754575729370117,2.73667049407959,3.3255906105041504,1.433664321899414
1.9089494546254475,0,2.0429379463195803,1.7560343742370605,1.8007628321647644,1.5612537860870361,2.735753059387207,3.3417773246765137,1.4258954524993896,2.0460564613342287,1.747819423675537,1.8047116994857788,1.5754575729370117,2.73667049407959,3.3255906105041504,1.433664321899414
1.87783416112264,2.0453795194625854,2.0429379463195803,1.7560343742370605,1.8007628321647644,1.5612537860870361,2.735753059387207,3.3417773246765137,1.4258954524993896,2.0453795194625854,1.74795663356781,1.8029202222824097,1.573206901550293,2.738066792488098,3.3335728645324707,1.429600477218628
1.8817574712965224,0,2.0429379463195803,1.7560343742370605,1.8007628321647644,1.5612537860870361,2.735753059387207,3.3417773246765137,1.4258954524993896,2.0453795194625854,1.74795663356781,1.8029202222824097,1.573206901550293,2.738066792488098,3.3335728645324707,1.429600477218628
1.8833994732962713,2.0458890199661255,2.0429379463195803,1.7560343742370605,1.8007628321647644,1.5612537860870361,2.735753059387207,3.3417773246765137,1.4258954524993896,2.0458890199661255,1.7479116916656494,1.8044065833091736,1.5751526355743408,2.7365487813949585,3.3264472484588623,1.4332832098007202
1.8828949133555095,0,2.0429379463195803,1.7560343742370605,1.8007628321647644,1.5612537860870361,2.735753059387207,3.3417773246765137,1.4258954524993896,2.0458890199661255,1.7479116916656494,1.8044065833091736,1.5751526355743408,2.7365487813949585,3.3264472484588623,1.4332832098007202
1.8853241072760687,2.0454463005065917,2.0429379463195803,1.7560343742370605,1.8007628321647644,1.5612537860870361,2.735753059387207,3.3417773246765137,1.4258954524993896,2.0454463005065917,1.7490870952606201,1.8041771054267883,1.5736589431762695,2.7355189323425293,3.326162576675415,1.4334475994110107
1.9044557412465413,0,2.0429379463195803,1.7560343742370605,1.8007628321647644,1.5612537860870361,2.735753059387207,3.3417773246765137,1.4258954524993896,2.0454463005065917,1.7490870952606201,1.8041771054267883,1.5736589431762695,2.7355189323425293,3.326162576675415,1.4334475994110107
1.8702971935272217,2.044892120361328,2.0429379463195803,1.7560343742370605,1.8007628321647644,1.5612537860870361,2.735753059387207,3.3417773246765137,1.4258954524993896,2.044892120361328,1.7500083446502686,1.8034733831882477,1.571682095527649,2.7351644039154053,3.328134059906006,1.4324413537979126
1.8697028425004747,0,2.0429379463195803,1.7560343742370605,1.8007628321647644,1.5612537860870361,2.735753059387207,3.3417773246765137,1.4258954524993896,2.044892120361328,1.7500083446502686,1.8034733831882477,1.571682095527649,2.7351644039154053,3.328134059906006,1.4324413537979126
1.8802872896194458,2.0452207803726195,2.0429379463195803,1.7560343742370605,1.8007628321647644,1.5612537860870361,2.735753059387207,3.3417773246765137,1.4258954524993896,2.0452207803726195,1.7488617897033691,1.8031606078147888,1.5725383758544922,2.73718798160553,3.3319954872131348,1.4303277730941772
1.8872035211986966,0,2.0429379463195803,1.7560343742370605,1.8007628321647644,1.5612537860870361,2.735753059387207,3.3417773246765137,1.4258954524993896,2.0452207803726195,1.7488617897033691,1.8031606078147888,1.5725383758544922,2.73718798160553,3.3319954872131348,1.4303277730941772
1.8691809044943914,2.04504930973053,2.0429379463195803,1.7560343742370605,1.8007628321647644,1.5612537860870361,2.735753059387207,3.3417773246765137,1.4258954524993896,2.04504930973053,1.7485716342926025,1.8026876151561737,1.5722886323928833,2.7373366355895996,3.3333547115325928,1.4297130107879639
1.8624965482287936,0,2.0429379463195803,1.7560343742370605,1.8007628321647644,1.5612537860870361,2.735753059387207,3.3417773246765137,1.4258954524993896,2.04504930973053,1.7485716342926025,1.8026876151561737,1.5722886323928833,2.7373366355895996,3.3333547115325928,1.4297130107879639
1.8915264076656766,2.045123839378357,2.0429379463195803,1.7560343742370605,1.8007628321647644,1.5612537860870361,2.735753059387207,3.3417773246765137,1.4258954524993896,2.045123839378357,1.7485343217849731,1.8028405904769897,1.5726053714752197,2.737201690673828,3.3327150344848633,1.4300761222839355
1.8811514377593994,0,2.0429379463195803,1.7560343742370605,1.8007628321647644,1.5612537860870361,2.735753059387207,3.3417773246765137,1.4258954524993896,2.045123839378357,1.7485343217849731,1.8028405904769897,1.5726053714752197,2.737201690673828,3.3327150344848633,1.4300761222839355
1.8751548131306965,2.045248770713806,2.0429379463195803,1.7560343742370605,1.8007628321647644,1.5612537860870361,2.735753059387207,3.3417773246765137,1.4258954524993896,2.045248770713806,1.7483352422714233,1.8028777837753296,1.5728356838226318,2.737643241882324,3.3332815170288086,1.4297864437103271
1.8774263196521335,0,2.0429379463195803,1.7560343742370605,1.8007628321647644,1.5612537860870361,2.735753059387207,3.3417773246765137,1.4258954524993896,2.045248770713806,1.7483352422714233,1.8028777837753296,1.5728356838226318,2.737643241882324,3.3332815170288086,1.4297864437103271
1.8818592362933688,2.045150899887085,2.0429379463195803,1.7560343742370605,1.8007628321647644,1.5612537860870361,2.735753059387207,3.3417773246765137,1.4258954524993896,2.045150899887085,1.7482168674468994,1.8025373816490173,1.572605848312378,2.7379555702209473,3.334801197052002,1.429020643234253
1.8800537983576457,0,2.0429379463195803,1.7560343742370605,1.8007628321647644,1.5612537860870361,2.735753059387207,3.3417773246765137,1.4258954524993896,2.045150899887085,1.7482168674468994,1.8025373816490173,1.572605848312378,2.7379555702209473,3.334801197052002,1.429020643234253
1.87372710969713,2.0450589656829834,2.0429379463195803,1.7560343742370605,1.8007628321647644,1.5612537860870361,2.735753059387207,3.3417773246765137,1.4258954524993896,2.0450589656829834,1.7484447956085205,1.802710473537445,1.5726149082183838,2.7371782064437866,3.3330190181732178,1.4298787117004395
1.8958466715282865,0,2.0429379463195803,1.7560343742370605,1.8007628321647644,1.5612537860870361,2.735753059387207,3.3417773246765137,1.4258954524993896,2.0450589656829834,1.7484447956085205,1.802710473537445,1.5726149082183838,2.7371782064437866,3.3330190181732178,1.4298787117004395
1.8974067370096843,2.0450485706329347,2.0429379463195803,1.7560343742370605,1.8007628321647644,1.5612537860870361,2.735753059387207,3.3417773246765137,1.4258954524993896,2.0450485706329347,1.7484710216522217,1.802643209695816,1.5725003480911255,2.73727023601532,3.3334100246429443,1.429731011390686
1.8911909924613104,0,2.0429379463195803,1.7560343742370605,1.8007628321647644,1.5612537860870361,2.735753059387207,3.3417773246765137,1.4258954524993896,2.0450485706329347,1.7484710216522217,1.802643209695816,1.5725003480911255,2.73727023601532,3.3334100246429443,1.429731011390686
1.8894991212420993,2.045163607597351,2.0429379463195803,1.7560343742370605,1.8007628321647644,1.5612537860870361,2.735753059387207,3.3417773246765137,1.4258954524993896,2.045163607597351,1.748387336730957,1.8029666244983673,1.5731605291366577,2.7367931604385376,3.3316550254821777,1.4306838512420654
1.8799035416709051,0,2.0429379463195803,1.7560343742370605,1.8007628321647644,1.5612537860870361,2.735753059387207,3.3417773246765137,1.4258954524993896,2.045163607597351,1.748387336730957,1.8029666244983673,1.5731605291366577,2.7367931604385376,3.3316550254821777,1.4306838512420654
1.8900190856721666,2.0452661514282227,2.0429379463195803,1.7560343742370605,1.8007628321647644,1.5612537860870361,2.735753059387207,3.3417773246765137,1.4258954524993896,2.0452661514282227,1.7482699155807495,1.8033180832862854,1.5736536979675293,2.7363293170928955,3.3295798301696777,1.4317485094070435
1.8893677261140611,0,2.0429379463195803,1.7560343742370605,1.8007628321647644,1.5612537860870361,2.735753059387207,3.3417773246765137,1.4258954524993896,2.0452661514282227,1.7482699155807495,1.8033180832862854,1.5736536979675293,2.7363293170928955,3.3295798301696777,1.4317485094070435
1.8662601312001545,2.0453099966049195,2.0429379463195803,1.7560343742370605,1.8007628321647644,1.5612537860870361,2.735753059387207,3.3417773246765137,1.4258954524993896,2.0453099966049195,1.7482136487960815,1.8034192323684692,1.5737862586975098,2.736230731010437,3.32899808883667,1.4320886135101318
1.8743632237116497,0,2.0429379463195803,1.7560343742370605,1.8007628321647644,1.5612537860870361,2.735753059387207,3.3417773246765137,1.4258954524993896,2.0453099966049195,1.7482136487960815,1.8034192323684692,1.5737862586975098,2.736230731010437,3.32899808883667,1.4320886135101318
1.8770075374179416,2.045376777648926,2.0429379463195803,1.7560343742370605,1.8007628321647644,1.5612537860870361,2.735753059387207,3.3417773246765137,1.4258954524993896,2.045376777648926,1.747922658920288,1.8033068776130676,1.5739800930023193,2.73671817779541,3.3300342559814453,1.4315447807312012
1.8890025615692139,0,2.0429379463195803,1.7560343742370605,1.8007628321647644,1.5612537860870361,2.735753059387207,3.3417773246765137,1.4258954524993896,2.045376777648926,1.747922658920288,1.8033068776130676,1.5739800930023193,2.73671817779541,3.3300342559814453,1.4315447807312012
1.8750555780198839,2.045196199417114,2.0429379463195803,1.7560343742370605,1.8007628321647644,1.5612537860870361,2.735753059387207,3.3417773246765137,1.4258954524993896,2.045196199417114,1.748469352722168,1.8034148216247559,1.5735104084014893,2.7358309030532837,3.328451633453369,1.4323394298553467
1.870035966237386,0,2.0429379463195803,1.7560343742370605,1.8007628321647644,1.5612537860870361,2.735753059387207,3.3417773246765137,1.4258954524993896,2.045196199417114,1.748469352722168,1.8034148216247559,1.5735104084014893,2.7358309030532837,3.328451633453369,1.4323394298553467
1.8821010722054377,2.045189356803894,2.0429379463195803,1.7560343742370605,1.8007628321647644,1.5612537860870361,2.735753059387207,3.3417773246765137,1.4258954524993896,2.045189356803894,1.7482869625091553,1.8031266033649445,1.5734039545059204,2.7363998889923096,3.3302712440490723,1.4314560890197754
1.8748611211776733,0,2.0429379463195803,1.7560343742370605,1.8007628321647644,1.5612537860870361,2.735753059387207,3.3417773246765137,1.4258954524993896,2.045189356803894,1.7482869625091553,1.8031266033649445,1.5734039545059204,2.7363998889923096,3.3302712440490723,1.4314560890197754
1.8986157576243083,2.045172643661499,2.0429379463195803,1.7560343742370605,1.8007628321647644,1.5612537860870361,2.735753059387207,3.3417773246765137,1.4258954524993896,2.045172643661499,1.7484538555145264,1.8032423853874207,1.5733826160430908,2.7361650466918945,3.32965087890625,1.4316966533660889
1.8928022384643555,0,2.0429379463195803,1.7560343742370605,1.8007628321647644,1.5612537860870361,2.735753059387207,3.3417773246765137,1.4258954524993896,2.045172643661499,1.7484538555145264,1.8032423853874207,1.5733826160430908,2.7361650466918945,3.32965087890625,1.4316966533660889
1.8987343046400282,2.045157051086426,2.0429379463195803,1.7560343742370605,1.8007628321647644,1.5612537860870361,2.735753059387207,3.3417773246765137,1.4258954524993896,2.045157051086426,1.7484984397888184,1.8031818866729736,1.5733330249786377,2.736165761947632,3.3299338817596436,1.4316222667694092
1.8844740125868056,0,2.0429379463195803,1.7560343742370605,1.8007628321647644,1.5612537860870361,2.735753059387207,3.3417773246765137,1.4258954524993896,2.045157051086426,1.7484984397888184,1.8031818866729736,1.5733330249786377,2.736165761947632,3.3299338817596436,1.4316222667694092
1.885497768719991,2.0451913595199587,2.0429379463195803,1.7560343742370605,1.8007628321647644,1.5612537860870361,2.735753059387207,3.3417773246765137,1.4258954524993896,2.0451913595199587,1.7484394311904907,1.803271859884262,1.573382019996643,2.7361334562301636,3.3294403553009033,1.4318684339523315
1.891221774948968,0,2.0429379463195803,1.7560343742370605,1.8007628321647644,1.5612537860870361,2.735753059387207,3.3417773246765137,1.4258954524993896,2.0451913595199587,1.7484394311904907,1.803271859884262,1.573382019996643,2.7361334562301636,3.3294403553009033,1.4318684339523315
1.871869683265686,2.045242118835449,2.0429379463195803,1.7560343742370605,1.8007628321647644,1.5612537860870361,2.735753059387207,3.3417773246765137,1.4258954524993896,2.045242118835449,1.7484931945800781,1.8034400343894958,1.5736172199249268,2.735972285270691,3.3287880420684814,1.4321556091308594
1.8661007616255019,0,2.0429379463195803,1.7560343742370605,1.8007628321647644,1.5612537860870361,2.735753059387207,3.3417773246765137,1.4258954524993896,2.045242118835449,1.7484931945800781,1.8034400343894958,1.5736172199249268,2.735972285270691,3.3287880420684814,1.4321556091308594
1.890790131356981,2.0452003479003906,2.0429379463195803,1.7560343742370605,1.8007628321647644,1.5612537860870361,2.735753059387207,3.3417773246765137,1.4258954524993896,2.0452003479003906,1.7484493255615234,1.803317129611969,1.5735156536102295,2.736051082611084,3.3292479515075684,1.4319345951080322
1.8685239288542006,0,2.0429379463195803,1.7560343742370605,1.8007628321647644,1.5612537860870361,2.735753059387207,3.3417773246765137,1.4258954524993896,2.0452003479003906,1.7484493255615234,1.803317129611969,1.5735156536102295,2.736051082611084,3.3292479515075684,1.4319345951080322
1.886359903547499,2.045183277130127,2.0429379463195803,1.7560343742370605,1.8007628321647644,1.5612537860870361,2.735753059387207,3.3417773246765137,1.4258954524993896,2.045183277130127,1.7484588623046875,1.8032819628715515,1.5734326839447021,2.736053943634033,3.3293304443359375,1.4319169521331787
1.8933579789267645,0,2.0429379463195803,1.7560343742370605,1.8007628321647644,1.5612537860870361,2.735753059387207,3.3417773246765137,1.4258954524993896,2.045183277130127,1.7484588623046875,1.8032819628715515,1.5734326839447021,2.736053943634033,3.3293304443359375,1.4319169521331787
1.8711950646506414,2.0452534198760985,2.0429379463195803,1.7560343742370605,1.8007628321647644,1.5612537860870361,2.735753059387207,3.3417773246765137,1.4258954524993896,2.0452534198760985,1.748387098312378,1.8033354878425598,1.5736544132232666,2.7361685037612915,3.329423666000366,1.4318885803222656
1.8983099460601807,0,2.0429379463195803,1.7560343742370605,1.8007628321647644,1.5612537860870361,2.735753059387207,3.3417773246765137,1.4258954524993896,2.0452534198760985,1.748387098312378,1.8033354878425598,1.5736544132232666,2.7361685037612915,3.329423666000366,1.4318885803222656
1.8760501146316528,2.045232582092285,2.0429379463195803,1.7560343742370605,1.8007628321647644,1.5612537860870361,2.735753059387207,3.3417773246765137,1.4258954524993896,2.045232582092285,1.7484769821166992,1.803368330001831,1.5736112594604492,2.7360754013061523,3.329242706298828,1.4319238662719727
1.8850681251949735,0,2.0429379463195803,1.7560343742370605,1.8007628321647644,1.5612537860870361,2.735753059387207,3.3417773246765137,1.4258954524993896,2.045232582092285,1.7484769821166992,1.803368330001831,1.5736112594604492,2.7360754013061523,3.329242706298828,1.4319238662719727
1.8783255947960749,2.0452022552490234,2.0429379463195803,1.7560343742370605,1.8007628321647644,1.5612537860870361,2.735753059387207,3.3417773246765137,1.4258954524993896,2.0452022552490234,1.7483782768249512,1.8032809495925903,1.573509931564331,2.736061930656433,3.3292665481567383,1.4319992065429688
1.8745623562071059,0,2.0429379463195803,1.7560343742370605,1.8007628321647644,1.5612537860870361,2.735753059387207,3.3417773246765137,1.4258954524993896,2.0452022552490234,1.7483782768249512,1.8032809495925903,1.573509931564331,2.736061930656433,3.3292665481567383,1.4319992065429688
1.8671358558866713,2.0452525138854982,2.0429379463195803,1.7560343742370605,1.8007628321647644,1.5612537860870361,2.735753059387207,3.3417773246765137,1.4258954524993896,2.0452525138854982,1.7484122514724731,1.8033267259597778,1.573578119277954,2.736121654510498,3.329339027404785,1.432028889656067
1.8795717689726088,0,2.0429379463195803,1.7560343742370605,1.8007628321647644,1.5612537860870361,2.735753059387207,3.3417773246765137,1.4258954524993896,2.0452525138854982,1.7484122514724731,1.8033267259597778,1.573578119277954,2.736121654510498,3.329339027404785,1.432028889656067
1.876037875811259,2.045184373855591,2.0429379463195803,1.7560343742370605,1.8007628321647644,1.5612537860870361,2.735753059387207,3.3417773246765137,1.4258954524993896,2.045184373855591,1.7484426498413086,1.8033060431480408,1.5734779834747314,2.736032724380493,3.329204559326172,1.4319357872009277
1.8792642090055678,0,2.0429379463195803,1.7560343742370605,1.8007628321647644,1.5612537860870361,2.735753059387207,3.3417773246765137,1.4258954524993896,2.045184373855591,1.7484426498413086,1.8033060431480408,1.5734779834747314,2.736032724380493,3.329204559326172,1.4319357872009277
1.8831790818108454,2.045214891433716,2.0429379463195803,1.7560343742370605,1.8007628321647644,1.5612537860870361,2.735753059387207,3.3417773246765137,1.4258954524993896,2.045214891433716,1.748342514038086,1.8032947778701782,1.5736007690429688,2.7361059188842773,3.3293185234069824,1.4319193363189697
1.8796459039052327,0,2.0429379463195803,1.7560343742370605,1.8007628321647644,1.5612537860870361,2.735753059387207,3.3417773246765137,1.4258954524993896,2.045214891433716,1.748342514038086,1.8032947778701782,1.5736007690429688,2.7361059188842773,3.3293185234069824,1.4319193363189697
